Asset ID,Long Name,Display Name,Ticker,CUSIP,Alternative Identifier,Class,Segment,Classification Date,Is Synced
64685,Wisdomtree Japan Smallcap Dividend Fund,WisdomTree Japan Small-Cap Dividend,DFJ,97717W836,,Equities,International,12/02/2021,N
602436,Wisdomtree Japan Opportunities Fund,WisdomTree Japan Hedged Small-Cap ,OPPJ,97717W521,,Equities,International,09/06/2022,N
101139,Wisdomtree Japan Hedged Equity Fund,WisdomTree Japan Hedged ,DXJ,97717W851,,Equities,International,06/09/2022,N
41693,Vanguard Value Etf,Vanguard U.S. Value,VTV,922908744,,Equities,Large Cap,01/28/2022,N
33982,Vanguard Small Cap Value Etf,Vanguard U.S. Small-Cap Value,VBR,922908611,,Equities,Small Cap,12/02/2021,N
70362,Vanguard High Dividend Yield Index Etf,Vanguard U.S. High Dividend,VYM,921946406,,Equities,Large Cap,04/29/2022,N
222498,Vanguard Short-Term Treasury Etf,Vanguard Short-Term USTS,VGSH,92206C102,,Government Debt,Govt/Inflation,04/28/2022,N
484182,Vanguard Short-Term Inflation-Protected Securities Etf,Vanguard Short-Term TIPS,VTIP,922020805,,Government Debt,Govt/Inflation,04/28/2022,N
22133,Vanguard Mid-Cap Etf,Vanguard Mid-Cap ETF,VO,922908629,,Equities,Mid Cap,08/11/2022,N
7017,Vanguard Ftse Emerging Markets Etf,Vanguard FTSE Emerging Markets,VWO,922042858,,Equities,Emerging Markets,12/02/2021,N
145668,Vanguard Ftse All-World Ex-Us Small-Cap Etf,Vanguard FTSE All-World Ex-US Small-Cap,VSS,922042718,,Equities,International,12/02/2021,N
50134,Vanguard Ca Long-Term Tax-Exempt Inv,Vanguard CA LT Muni Bond Fund,VCITX,922021100,,Debt,Municipal Bonds,07/13/2023,N
98573,Vanguard Total World Stock Etf,Vangaurd Total World Stock ETF,VT,922042742,,Equities,Large Cap,12/24/2021,N
7724283,United States Treas Bills 0% 03/31/2026,United States Treasury Bill 03/31/2026,,912797TB3,,Government Debt,Govt/Inflation,01/01/2026,N
206978,Sprott Asset Management Lp Physical Gold Tr,Sprott Gold Convert to Physical,PHYS,85207H104,,Alternative Assets,Precious Metals,01/09/2022,N
416949,State Street Spdr Bloomberg Short Term High Yield Bond Etf,SPDR Short Term High Yield Bond,SJNK,78468R408,,Debt,High Yield,07/12/2023,N
69622,State Street Spdr Portfolio S&P 1500 Composite Stock Market Etf,SPDR S&P 1500,SPTM,78464A805,,Equities,Large Cap,12/24/2021,N
119150,State Street Spdr Portfolio Long Term Treasury Etf,SPDR Long-Term USTS,SPTL,78464A664,,Government Debt,Govt/Inflation,12/02/2021,N
85032,State Street Spdr Bloomberg High Yield Bond Etf,SPDR JNK High Yield Bonds,JNK,78468R622,,Debt,High Yield,07/01/2022,N
73444,State Street Spdr Portfolio Tips Etf,SPDR Intermediate TIPS,SPIP,78464A656,,Government Debt,Govt/Inflation,01/09/2022,N
3424380,State Street Spdr Bloomberg 3-12 Month T-Bill Etf,SPDR 3-12 Month T-Bills ETF,BILS,78468R523,,Cash & Equivalents,Cash,11/08/2023,N
3850601,Simplify Interest Rate Hedge Etf,Simplify Interest Rate Hedge ETF,PFIX,82889N855,,Government Debt,Govt/Inflation,03/26/2026,N
6595128,Simplify Bond Bull Etf,Simplify Bond Bull ETF,RFIX,82889N376,,Government Debt,Govt/Inflation,02/14/2026,N
175386,Schwab U.S. Small-Cap Etf,Schwab U.S. Small-Cap,SCHA,808524607,,Equities,Small Cap,12/02/2021,N
284197,Schwab U.S. Mid-Cap Etf,Schwab U.S. Mid-Cap,SCHM,808524508,,Equities,Mid Cap,07/03/2023,N
176683,Schwab International Equity Etf,Schwab International ,SCHF,808524805,,Equities,International,12/02/2021,N
241297,Schwab Intermediate-Term Us Treasury Etf,Schwab Intermediate USTS,SCHR,808524854,,Government Debt,Govt/Inflation,01/09/2022,N
241296,Schwab Us Tips Etf,Schwab Intermediate TIPS,SCHP,808524870,,Government Debt,Govt/Inflation,12/02/2021,N
709007,Schwab Fundamental U.S. Broad Market Etf,Schwab Fundamental U.S. Broad,FNDB,808524789,,Equities,Large Cap,12/22/2021,N
628550,Schwab Fundamental International Equity Etf,Schwab Fundamental Int'l Broad,FNDF,808524755,,Equities,International,07/03/2023,N
5099077,,Schonfeld Strategic CAIS,,,SCHWAB-1399552,Alternative Assets,Long-Short,02/18/2023,N
5107030,,Schonfeld Strategic CAIS,,,SCHWAB-1399589,Alternative Assets,Long-Short,02/23/2023,N
2420862,River Canyon Total Return Bond Instl,River Canyon Total Return Bond,RCTIX,00770G656,,Debt,Diversified Debt Fund,02/28/2025,N
6686924,Quantinno Fundamental Arbitrage Fund Lp,Quantinno Fundamental Arbitrage Fund,,28799D07,,Alternatives with Tax Benefits,Tax-Aware Hedge Fund,12/19/2024,N
776662,Pimco Trends Managed Futures Strat Instl,"PIMCO Trend, Commodity & Risk Alpha Strategy",PQTIX,72201U455,,Alternative Assets,Long-Short,09/07/2022,N
177459,Pimco 15+ Year Us Tips Index Exchange-Traded Fund,PIMCO 15+ Year TIPS,LTPZ,72201R304,,Government Debt,Govt/Inflation,10/12/2021,N
5307977,Oaktree Strategic Credit Fund Shs Cl I,Oaktree Strategic Credit Fund,,67403A307,,Debt,Diversified Debt Fund,07/23/2024,N
5079311,Oaktree Diversified Income Fund Inc D,Oaktree Diversified Income,ODIDX,67402M104,,Debt,Diversified Debt Fund,12/21/2023,N
134363,Nuveen Calif Amt Free Muni Inc Com,Nuveen CA Muni CEF,NKX,670651108,,Debt,Municipal Bonds,07/01/2023,N
5132988,Michael 1925 Llc,NAVF Select - Japan,M1925,,SCHWAB-2603661,Equities,International,12/27/2023,N
6500987,Navf Select Offshore Fef Der Fund Ltd,NAVF Select - Japan,,,SCHWAB-2603662,Equities,International,10/19/2024,N
7195250,Navf Select (Offshore Feeder) Fund Ltd When Issue,NAVF Select - Japan,,78199N60,,Equities,International,07/12/2025,N
8042777,Navf Select (Offshore Feeder) Fund Ltd Class B Series 0925,NAVF Select - Japan,,78199E79,,Equities,International,02/20/2026,N
8150021,Navf Select (Offshore Feeder) Fund Ltd Class B Series 0725,NAVF Select - Japan,,78199E35,,Equities,International,03/20/2026,N
349058,Locorr Macro Strategies I,"LoCorr Trend, Commodity & Risk Alpha Strategy",LFMIX,540132305,,Alternative Assets,Long-Short,09/07/2022,N
7409,Ishares Msci South Korea Etf,iShares South Korea,EWY,464286772,,Equities,International,12/02/2021,N
270665,Ishares 0-5 Year Tips Bond Etf,iShares Short-Term TIPS,STIP,46429B747,,Government Debt,Govt/Inflation,08/04/2022,N
788,Ishares S&P Small-Cap 600 Value Etf,iShares S&P Small-Cap 600 Value,IJS,464287879,,Equities,Small Cap,12/02/2021,N
649,Ishares Core S&P 500 Etf,iShares S&P 500,IVV,464287200,,Equities,Large Cap,12/01/2021,N
2277584,Ishares Msci Emerging Markets Ex China Etf,iShares MSCI Emerging Markets Ex-China,EMXC,46434G764,,Equities,Emerging Markets,02/10/2022,N
35684,Ishares Msci Eafe Value Etf,iShares MSCI EAFE Value ,EFV,464288877,,Equities,International,04/29/2022,N
5881,Ishares Msci Mexico Etf,iShares Mexico,EWW,464286822,,Equities,Emerging Markets,08/01/2022,N
413000,Ishares Msci India Etf,iShares India,INDA,46429B598,,Equities,Emerging Markets,07/03/2023,N
61783,Ishares Iboxx $ High Yield Corporate Bond Etf,iShares HYG High Yield Bonds,HYG,464288513,,Debt,High Yield,03/21/2022,N
1835890,Ishares Broad Usd High Yield Corporate Bond Etf,iShares High Yield Bonds,USHY,46435U853,,Debt,High Yield,07/01/2023,N
302743,Ishares Core High Dividend Etf,iShares High Dividend ,HDV,46429B663,,Equities,Large Cap,06/16/2022,N
27956,Ishares S&P Gsci Commodity Indexed Trust,iShares GSCI Commodity Strategy,GSG,46428R107,,Alternative Assets,Commodities,05/09/2023,N
861175,Ishares U.S. Etf Trust Ishares Gsci Commodity Dynamic Roll Strategy Etf,iShares GSCI Commodity Strategy,COMT,46431W853,,Alternative Assets,Commodities,10/12/2021,N
6323924,Ishares Ethereum Trust Etf,iShares Ethereum ETF,ETHA,46438R105,,Alternative Assets,Alternative Assets,03/25/2026,N
1361761,Ishares Core U.S. Reit Etf,iShares Core US REITs,USRT,464288521,,Alternative Assets,REITs,01/09/2022,N
520900,Ishares Core Msci Emerging Markets Etf,iShares Core MSCI Emerging Markets,IEMG,46434G103,,Equities,Emerging Markets,11/11/2021,N
2228017,Ishares Bloomberg Roll Select Commodity Strategy Etf,iShares BBG Commodity Select Strategy,CMDY,46431W598,,Alternative Assets,Commodities,04/28/2022,N
3236117,Ishares 0-3 Month Treasury Bond Etf,iShares 0-3 Month T-Bills ETF,SGOV,46436E718,,Government Debt,Govt/Inflation,11/08/2023,N
953616,Invesco Optimum Yield Diversified Commodity Strategy No K-1 Etf,Invesco Diversified Commodity Strategy,PDBC,46090F100,,Alternative Assets,Commodities,03/04/2023,N
24350,Invesco Calif Value Mun Income Com,Invesco CA Muni CEF,VCV,46132H106,,Debt,Municipal Bonds,07/01/2023,N
2706436,Imgp Dbi Managed Futures Strategy Etf,iMGP DBI Trend & Risk Alpha Strategy,DBMF,53700T827,,Alternative Assets,Long-Short,09/07/2022,N
693192,National Healthcare Pptys Inc Com New,Healthcare Trust Inc - No Bid/Liquidity,HLTC,42226B105,,Alternative Assets,REITs,06/17/2023,N
5564163,Golub Capital Private Cr Edit Fund,Golub Capital Private Credit Fund,,,SCHWAB-2072317,Debt,Diversified Debt Fund,12/24/2024,N
5715631,Golub Cap Private Cr Fd Com Shs Cl I,Golub Capital Private Credit Fund,,38179R303,,Debt,Diversified Debt Fund,08/28/2024,N
6920329,Goldentree Tactical Opportunities Fund Offshore Lp,GoldenTree Tactical Opportunities Fund Offshore LP,,38199J70,,Debt,Diversified Debt Fund,06/21/2025,N
7143937,Goldentree Tactical Opportunities Fund  Lp,GoldenTree Tactical Opportunities Fund LP,,38199J869,,Debt,Diversified Debt Fund,06/21/2025,N
1561025,Goldentree Select Partners Lp Cl D-Cx,GoldenTree Select Partners LP,,48399423,,Debt,Diversified Debt Fund,08/01/2025,N
3850819,Goldentree Select Partne Rs Lp Class Cx-D,GoldenTree Select Partners LP,,,SCHWAB-2071692,Debt,Diversified Debt Fund,03/20/2024,N
3943185,Goldentree Select Partners Lp,GoldenTree Select Partners LP,,,SCHWAB-2071639,Debt,Diversified Debt Fund,09/04/2024,N
6825665,Goldentree Select Partners Lp Class C-Cx,GoldenTree Select Partners LP,,25999N70,,Debt,Diversified Debt Fund,05/28/2025,N
6894360,Goldentree Select Partnf Rs Lp Class Cx-Ur,GoldenTree Select Partners LP,,,SCHWAB-2071790,Debt,Diversified Debt Fund,03/27/2025,N
6894361,Goldentree Select Partnf Rs Lp Class Cx-D-Ur,GoldenTree Select Partners LP,,,SCHWAB-2071792,Debt,Diversified Debt Fund,03/27/2025,N
6901656,Goldentree Select Partne Rs Lp Class Cx-D-Ur,GoldenTree Select Partners LP,,,SCHWAB-2071805,Debt,Diversified Debt Fund,04/01/2025,N
6901657,Goldentree Select Partne Rs Lp Class Cx-Ur,GoldenTree Select Partners LP,,,SCHWAB-2071806,Debt,Diversified Debt Fund,04/01/2025,N
6059399,Goldentree Select Offshf Re Fund Ltd,Goldentree Select Offshore Fund,,,SCHWAB-2071647,Debt,Diversified Debt Fund,10/04/2024,N
6197667,Goldentree Select Offshf Re Fund Ltd Class Cx D U R Series 114,GoldenTree Select Offshore Fund,,,SCHWAB-2071751,Debt,Diversified Debt Fund,05/29/2024,N
6863820,Goldentree Select Offshf Re Fund Ltd Class Cx D U R Series 1,Goldentree Select Offshore Fund,,,SCHWAB-2071747,Debt,Diversified Debt Fund,03/12/2025,N
7322040,Goldentree Opportunistic Credit I,Goldentree Opportunistic Debt,GTPIX,38139T100,,Debt,Diversified Debt Fund,10/23/2025,N
6543339,Gmo Us Value Etf,GMO US Value,GMOV,90139K605,,Equities,Large Cap,01/07/2025,N
1880376,Franklin Ftse Japan Etf,Franklin FTSE Japan,FLJP,35473P744,,Equities,International,12/02/2021,N
608,State Street Energy Select Sector Spdr Etf,Energy ETF,XLE,81369Y506,,Alternative Assets,Commodities,11/11/2021,N
832023,Doubleline Flexible Income I,Doubleline Flexible Income,DFLEX,258620798,,Debt,Diversified Debt Fund,12/19/2025,N
5031682,,Davidson Kempner Opportunities Fund VI - CAIS,,,SCHWAB-1399564,Alternative Assets,Private Assets,07/20/2023,N
5575373,,Davidson Kempner Opportunities Fund VI - CAIS,,,SCHWAB-1399577,Alternative Assets,Private Assets,07/21/2023,N
1638038,Columbia Em Core Ex-China Etf,Columbia Emerging Markets Ex-China,XCEM,19762B202,,Equities,Emerging Markets,02/10/2022,N
3992996,Cliffwater Enhanced Lending I,Cliffwater Diversified Lending Fund,CELFX,18685P108,,Debt,Diversified Debt Fund,02/04/2025,N
2544504,Cliffwater Corporate Lending I,Cliffwater Corporate Lending Fund,CCLFX,186854204,,Debt,Diversified Debt Fund,11/13/2024,N
777048,Ishares Ultra Short Duration Bond Active Etf,Blackrock Ultra Short-Term USTS,ICSH,46434V878,,Cash & Equivalents,Money Markets,01/09/2022,N
25854,Blackrock High Yield Instl,Blackrock High Yield Bonds,BHYIX,09260B630,,Debt,High Yield,07/03/2023,N
51103,Blackrock Calif Mun Income Tr Sh Ben Int,Blackrock CA Muni CEF,BFZ,09248E102,,Debt,Municipal Bonds,05/02/2023,N
176158,Direxion Auspice Broad Commodity Strategy Etf,Auspice Commodity Strategy,COM,25460E307,,Alternative Assets,Commodities,12/02/2021,N
5682272,Ares Strategic Income Fd Cl I Shs,Ares Strategic Income Fund,,04020E404,,Debt,Diversified Debt Fund,07/25/2024,N
1656207,Cion Ares Diversified Credit I,Ares Diversified Credit,CADUX,17260G301,,Debt,Diversified Debt Fund,03/19/2025,N
7143936,Aqr Ta Helix Fund Lp,AQR TA Helix Fund LP,,00299G28,,Alternatives with Tax Benefits,Tax-Aware Hedge Fund,06/21/2025,N
6525705,Aqr Ta Helix Fund Lp,AQR TA Helix Fund,,,SCHWAB-1186058,Alternatives with Tax Benefits,Tax-Aware Hedge Fund,11/30/2024,N
4941689,Aqr Tax-Aware Delphiplus Fund Llc,AQR TA Delphi Plus Fund,,00099N43,,Alternatives with Tax Benefits,Tax-Aware Hedge Fund,08/28/2024,N
6421048,"Aqr Tax-Aware Delphi Plus Fund, Llc",AQR TA Delphi Plus Fund,,,2971_00099N432,Alternatives with Tax Benefits,Tax-Aware Hedge Fund,09/09/2024,N
6424989,Aqr Tax Aware Delphi Plu S Fund Llc Class A Nr 1,AQR TA Delphi Plus Fund,,,SCHWAB-1186049,Alternatives with Tax Benefits,Tax-Aware Hedge Fund,09/11/2024,N
6577110,Aqr Ta Delphi Plus Fund Llc,AQR TA Delphi Plus Fund,,,SCHWAB-1186041,Alternatives with Tax Benefits,Tax-Aware Hedge Fund,11/30/2024,N
723432,Aqr Macro Opportunities I,"AQR Global Macro, Commodity & Risk Alpha Strategy",QGMIX,00203H370,,Alternative Assets,Long-Short,09/07/2022,N
852154,American Beacon Ahl Mgd Futs Strat Y,"AHL Trend, Commodity & Risk Alpha Strategy",AHLYX,024525677,,Alternative Assets,Long-Short,09/12/2022,N
5733338,American Beacon Ahl Trend Etf,AHL Trend & Risk Alpha Strategy,AHLT,02368W309,,Alternative Assets,Long-Short,03/04/2025,N
1094920,American Beacon Ahl Mgd Futs Strat R5,"AHL R5 Shares Trend, Commodity & Risk Alpha Strategy",AHLIX,024525669,,Alternative Assets,Long-Short,09/12/2022,N
5202911,Ag Twin Brook Capital In Come Fund Class I,AG Twin Brook Capital Income Fund,,00840T100,,Debt,Diversified Debt Fund,12/21/2024,N
5546133,Ag Twin Brook Capital Income Fund Class I,AG Twin Brook Capital Income Fund,,00199N20,,Debt,Diversified Debt Fund,08/28/2024,N
1490526,American Funds American High-Inc F3,AF High Yield Bond Fund ,HIGFX,026547778,,Debt,High Yield,07/01/2023,N
48889,American Funds Tax-Exempt Fund Of Ca F3,AF CA Muni Bonds,EXCAX,02630B703,,Debt,Municipal Bonds,07/01/2023,N
4404020,,,,,814121281152636,Government Debt,Govt/Inflation,03/16/2022,N
4404021,,,,,814121281152834,Alternative Assets,Commodities,03/16/2022,N
4404022,,,,,814121281153089,Alternative Assets,Alternative Assets,03/16/2022,N
4404023,,,,,814121281181856,Alternative Assets,Precious Metals,03/16/2022,N
7453695,,,,,SCHPENDING-0088139042,Unclassified,Unclassified,01/23/2026,N
7634865,,,,,SCHPENDING-0084079738,Unclassified,Unclassified,10/31/2025,N
7634959,,,,,SCHPENDING-0083617967,Unclassified,Unclassified,10/31/2025,N
7885350,,,,,SCHWAB-2071811,Unclassified,Unclassified,03/10/2026,N
8042018,,,,,SCHPENDING-0111545245,Unclassified,Unclassified,02/20/2026,N
7512972,040Csh01,,,040CSH01,,Equities,Small Cap,10/04/2025,N
8135,1 800 Flowers Com Inc Cl A,,FLWS,68243Q106,,Equities,Small Cap,11/05/2024,N
2808259,10X Genomics Inc Cl A Com,,TXG,88025U109,,Equities,Small Cap,09/17/2024,N
4514,1St Finl Bancorp Com,,FFBC,320209109,,Equities,Small Cap,11/23/2024,N
26329,1St Source Corp Com,,SRCE,336901103,,Equities,Small Cap,09/17/2024,N
3894738,1Stdibs Com Inc Com,,DIBS,320551104,,Equities,Small Cap,12/24/2024,N
6989232,2Seventy Bio Inc     Xxx Submitted For Cash Exp: 05/12/2025,,,90199642,,Equities,Small Cap,05/09/2025,N
4153945,2Seventy Bio Inc Common Stock,,TSVT,901384107,,Equities,Mid Cap,03/29/2024,N
6451905,32599D572,,,32599D57,,Unclassified,Unclassified,02/28/2026,N
3979934,374Water Inc Com,,SCWO,88583P203,,Equities,Small Cap,04/02/2025,N
87004,3D Sys Corp Del Com New,,DDD,88554D205,,Equities,Small Cap,11/05/2024,N
707,3M Co Com,,MMM,88579Y101,,Equities,Large Cap,06/28/2022,N
3591304,4D Molecular Therapeutics Inc Com,,FDMT,35104E100,,Equities,Small Cap,09/17/2024,N
7093672,51599087,,,51599087,,Equities,Small Cap,06/19/2025,N
5003821,529 - Mod Conservative,,,,2971_529 - MOD CONSERVATIVE,Equities,All Cap,01/03/2023,N
5161661,529 - Money Market,,,,2971_529 - MONEY MARKET,Equities,All Cap,03/16/2023,N
4491906,529 Mod Aggressive,,,,2971_529 MOD AGGRESSIVE,Equities,All Cap,05/02/2022,N
4491908,529 Mod Portfolio,,,,2971_529 MOD PORTFOLIO,Equities,All Cap,05/02/2022,N
2898824,89Bio Inc Com,,ETNB,282559103,,Equities,Small Cap,09/17/2024,N
71349,8X8 Inc New Com,,EGHT,282914100,,Equities,Small Cap,09/17/2024,N
2874780,908 Devices Inc Com,,MASS,65443P102,,Equities,Small Cap,09/17/2024,N
711676,A10 Networks Inc Com,,ATEN,002121101,,Equities,Small Cap,09/17/2024,N
2932084,Aam Low Duration Preferred And Income Securities Etf,,PFLD,26922A198,,Debt,Corporate Bonds,12/23/2025,N
942462,Aam/Himco Short Duration A,,ASDAX,46141P248,,Debt,Corporate Bonds,10/14/2022,N
78195,Aaon Inc Com Par $0.004,,AAON,000360206,,Equities,Small Cap,09/24/2024,N
5876,Aar Corp Com,,AIR,000361105,,Equities,Small Cap,09/17/2024,N
6801560,Aardvark Therapeutics Inc Com,,AARD,002942100,,Equities,Small Cap,02/27/2026,N
1275,Ab High Income A,,AGDAX,01859M101,,Debt,International Bonds,03/05/2025,N
178528,Ab High Income Advisor,,AGDYX,01859M408,,Debt,International Bonds,03/05/2025,N
5551979,Abacus Global Mgmt Inc Cl A,,ABX,00258Y104,,Equities,Small Cap,07/19/2025,N
5303504,Abaxx Technologies Inc Com New,,ABXXD,00258V308,,Equities,International,07/16/2025,N
975,Abbott Laboratories Com,,ABT,002824100,,Equities,Large Cap,06/28/2022,N
508721,Abbvie Inc Com,,ABBV,00287Y109,,Equities,Large Cap,06/28/2022,N
926285,Abeona Therapeutics Inc Com New,,ABEO,00289Y206,,Equities,Small Cap,07/12/2025,N
1145,Abercrombie & Fitch Co Cl A,,ANF,002896207,,Equities,Small Cap,09/17/2024,N
4983050,Abiomed Inc - Cvr,,,003CVR016,,Equities,Small Cap,07/25/2025,N
5502,Abm Inds Inc Com,,ABM,000957100,,Equities,Small Cap,09/17/2024,N
74804,Abrdn Emerging Mkts Sustldrs Instlsvc,,GIGSX,003019387,,Equities,International,11/15/2023,N
431356,Abrdn International Small Cp Inst,,ABNIX,003021789,,Equities,International,03/05/2025,N
3961520,Absci Corporation Com,,ABSI,00091E109,,Equities,Small Cap,09/17/2024,N
68663,Acacia Resh Corp Acacia Tch Com,,ACTG,003881307,,Equities,Small Cap,01/24/2025,N
3417058,Academy Sports & Outdoors Inc Com,,ASO,00402L107,,Equities,Small Cap,11/23/2024,N
367647,Acadia Healthcare Company Inc Com,,ACHC,00404A109,,Equities,Small Cap,09/17/2024,N
82359,Acadia Pharmaceuticals Inc Com,,ACAD,004225108,,Equities,Small Cap,11/23/2024,N
34843,Acadia Rlty Tr Com Sh Ben Int,,AKR,004239109,,Equities,Small Cap,05/08/2025,N
802063,Acadian Asset Management Inc Com,,AAMI,10948W103,,Equities,Small Cap,01/24/2025,N
2627291,Accel Entertainment Inc Com Cl A1,,ACEL,00436Q106,,Equities,Small Cap,09/17/2024,N
5272,Accendra Health Inc Com,,ACH,690732102,,Equities,Small Cap,12/24/2024,N
4970,Accenture Plc Ireland Shs Class A,,ACN,G1151C101,,Equities,International,06/28/2022,N
2043,Acco Brands Corp Com,,ACCO,00081T108,,Equities,Small Cap,09/17/2024,N
3269393,Accolade Inc Com,,ACCD,00437E102,,Equities,Small Cap,09/17/2024,N
34800,Accuray Inc Del Com,,ARAY,004397105,,Equities,Small Cap,03/22/2025,N
5271112,Acelyrin Inc Com,,SLRN,00445A100,,Equities,Small Cap,11/23/2024,N
100135,Achieve Life Science Inc Com,,ACHV,004468500,,Equities,Small Cap,04/02/2025,N
13361,Aci Worldwide Inc Com,,ACIW,004498101,,Equities,Small Cap,09/17/2024,N
986102,Aclaris Therapeutics Inc Com,,ACRS,00461U105,,Equities,Small Cap,10/18/2025,N
1941665,Acm Resh Inc Com Cl A,,ACMR,00108J109,,Equities,Small Cap,09/17/2024,N
438195,Acme Utd Corp Com,,ACU,004816104,,Equities,Small Cap,07/31/2025,N
68968,Acnb Corp Com,,ACNB,000868109,,Equities,Small Cap,01/24/2025,N
3711872,Acres Commercial Realty Corp Com New,,ACR,00489Q102,,Alternative Assets,REITs,07/23/2025,N
4880680,Acrivon Therapeutics Inc Common Stock,,ACRV,004890109,,Equities,Small Cap,04/02/2025,N
716279,Actinium Pharmaceuticals Inc Com,,ATNM,00507W206,,Equities,Small Cap,09/17/2024,N
936,Activision Blizzard Inc Com,,ATVI,00507V109,,Equities,Large Cap,06/28/2022,N
6407115,Actuate Therapeutics Inc Com,,ACTU,005083100,,Equities,Small Cap,01/31/2026,N
2436,Acuity Inc Com,,AYI,00508Y102,,Equities,Small Cap,09/24/2024,N
3929703,Acumen Pharmaceuticals Inc Com,,ABOS,00509G209,,Equities,Small Cap,02/15/2025,N
1357335,Acushnet Hldgs Corp Com,,GOLF,005098108,,Equities,Small Cap,11/27/2024,N
2891534,Acv Auctions Inc Com Cl A,,ACVA,00091G104,,Equities,Small Cap,09/17/2024,N
263423,Adamas Trust Inc. Com,,ADAM,649604840,,Equities,Small Cap,05/23/2025,N
44170,Adams Diversified Equity Fd Com,,ADX,006212104,,Equities,Large Cap,12/23/2025,N
2898113,Adapthealth Corp Common Stock,,AHCO,00653Q102,,Equities,Small Cap,09/17/2024,N
2715129,Adaptive Biotechnologies Corp Com,,ADPT,00650F109,,Equities,Small Cap,09/17/2024,N
3181101,Adc Therapeutics Sa Shs,,ADCT,H0036K147,,Equities,International,02/15/2025,N
201170,Addus Homecare Corp Com,,ADUS,006739106,,Equities,Small Cap,11/23/2024,N
997,Adeia Inc Com,,ADEA,00676P107,,Equities,Small Cap,09/17/2024,N
1341846,Adient Plc Ord Shs,,ADNT,G0084W101,,Equities,International,09/17/2024,N
347981,Adirondack Small Cap,,ADKSX,00688P103,,Equities,Small Cap,03/05/2025,N
643018,Adma Biologics Inc Com,,ADMA,000899104,,Equities,Small Cap,09/17/2024,N
1888,Adobe Inc Com,,ADBE,00724F101,,Equities,Large Cap,12/24/2021,N
475260,Adt Inc Del Com,,ADT,00090Q103,,Equities,Small Cap,09/17/2024,N
81318,Adtran Holdings Inc Com,,ADTN,00486H105,,Equities,Small Cap,09/17/2024,N
408537,Aduddell Industries Inc Sec Until 03/15/12,,,007391105,,Equities,Small Cap,10/22/2022,N
12582,Advance Auto Parts Inc Com,,AAP,00751Y106,,Equities,Small Cap,09/17/2024,N
975195,Advanced Drain Sys Inc Del Com,,WMS,00790R104,,Equities,Mid Cap,09/17/2024,N
10850,Advanced Energy Inds Com,,AEIS,007973100,,Equities,Small Cap,09/17/2024,N
3762485,Advanced Flower Cap Inc Com,,AFCG,00109K105,,Alternative Assets,REITs,04/26/2025,N
594,Advanced Micro Devices Inc Com,,AMD,007903107,,Equities,Large Cap,12/24/2021,N
1307093,Advansix Inc Com,,ASIX,00773T101,,Equities,Small Cap,09/17/2024,N
3485674,Advantage Solutions Inc Com New Cl A,,ADV,00791N201,,Equities,Small Cap,11/27/2024,N
770252,Adverum Biotechnologies Inc Com New,,ADVM,00773U207,,Equities,Small Cap,11/05/2024,N
3360014,Advisorshares Pure Us Cannabis Etf,,MSOS,00768Y453,,Equities,Small Cap,10/04/2021,N
7170774,Aebi Schmidt Hldg Ag Com,,AEBI,H00501108,,Equities,Small Cap,07/03/2025,N
52069,Aecom Com,,ACM,00766T100,,Equities,Mid Cap,09/17/2024,N
1970,Aegon Ltd Amer Reg 1 Cert,,AEG,0076CA104,,Equities,International,08/15/2025,N
84523,Aehr Test Sys Com,,AEHR,00760J108,,Equities,Small Cap,09/17/2024,N
5106783,Aeluma Inc Com,,ALMU,00776X109,,Equities,Small Cap,11/18/2025,N
30590,Aercap Holdings Nv Shs,,AER,N00985106,,Equities,International,08/15/2025,N
87740,Aerovironment Inc Com,,AVAV,008073108,,Equities,Small Cap,11/05/2024,N
3611937,Aersale Corporation Com,,ASLE,00810F106,,Equities,Small Cap,09/17/2024,N
5019,Aes Corp Com,,AES,00130H105,,Equities,Mid Cap,09/17/2024,N
3752761,Aeva Technologies Inc Com New,,AEVA,00835Q202,,Equities,Small Cap,11/23/2024,N
3647350,Affirm Hldgs Inc Com Cl A,,AFRM,00827B106,,Equities,Mid Cap,06/28/2022,N
3130,Aflac Inc Com,,AFL,001055102,,Equities,Large Cap,06/28/2022,N
145283,Agco Corp Com,,AGCO,001084102,,Equities,Small Cap,09/24/2024,N
29734,Agenus Inc Com New,,AGEN,00847G804,,Equities,Small Cap,02/15/2025,N
5639633,Aggressive Fund,,,,P_00344879,Equities,All Cap,08/10/2023,N
8072939,Aggressive Portfolio,,,,FUND 14013,Equities,All Cap,03/02/2026,N
873,Agilent Technologies Inc Com,,A,00846U101,,Equities,Large Cap,02/13/2024,N
3808733,Agilon Health Inc Com New,,AGL,00857U206,,Equities,Large Cap,06/28/2022,N
30887,Agilysys Inc Com,,AGYS,00847J105,,Equities,Small Cap,11/05/2024,N
606636,Agios Pharmaceuticals Inc Com,,AGIO,00847X104,,Equities,Small Cap,09/17/2024,N
128731,Agnc Invt Corp Com,,AGNC,00123Q104,,Equities,Small Cap,09/24/2024,N
7439,Agnico Eagle Mines Ltd Com,,AEM,008474108,,Equities,International,11/21/2025,N
2653,Agree Rlty Corp Com,,ADC,008492100,,Equities,Small Cap,05/17/2025,N
572088,Ah Rlty Tr Inc Com,,AHRT,04208T108,,Alternative Assets,REITs,04/26/2025,N
2632111,Air Lease Corp 3.75% 06/01/2026,,,00914AAB8,,Debt,Corporate Bonds,10/04/2025,N
6634,Air Lease Corp Cl A,,AL,00912X302,,Equities,Small Cap,09/17/2024,N
2800,Air Products And Chemicals Inc Com,,APD,009158106,,Equities,Large Cap,06/28/2022,N
22671,Air Transport Services Grp Inc Com,,ATSG,00922R105,,Equities,Small Cap,09/17/2024,N
3575808,Airbnb Inc Com Cl A,,ABNB,009066101,,Equities,Large Cap,06/28/2022,N
6067969,Airjoule Technologies Corp Cl A,,AIRJ,612160101,,Equities,Small Cap,07/19/2025,N
7122749,Airo Group Hldgs Inc Com,,AIRO,009422106,,Equities,Small Cap,10/10/2025,N
4143473,Airsculpt Technologies Inc Com,,AIRS,009496100,,Equities,Small Cap,12/24/2024,N
5920702,Airship Ai Hldgs Inc Com,,AISP,008940108,,Equities,Small Cap,10/07/2025,N
4243880,Ajis Co Ltd Shs,,,J00893107,JP3160720003,Equities,International,12/21/2021,N
10718,Akamai Technologies Inc Com,,AKAM,00971T101,,Equities,Mid Cap,05/07/2024,N
711476,Akebia Threapeutics Inc Com,,AKBA,00972D105,,Equities,Small Cap,03/08/2025,N
2696082,Akero Therapeutics Inc Com,,AKRO,00973Y108,,Equities,Small Cap,09/17/2024,N
3810735,Akoya Biosciences Inc Com,,AKYA,00974H104,,Equities,Small Cap,04/02/2025,N
7896723,Aktis Oncology Inc Com,,AKTS,01021M104,,To Be Classified,To Be Classified,04/03/2026,N
54867,Alamo Group Inc Com,,ALG,011311107,,Equities,Small Cap,11/23/2024,N
930314,Alarm Com Hldgs Inc Com,,ALRM,011642105,,Equities,Small Cap,06/18/2024,N
13629,Alaska Air Group Inc Com,,ALK,011659109,,Equities,Small Cap,09/17/2024,N
5243,Albany Intl Corp Cl A,,AIN,012348108,,Equities,Small Cap,09/17/2024,N
6849,Albemarle Corp Com,,ALB,012653101,,Equities,Mid Cap,06/28/2022,N
3261796,Albertsons Cos Inc Common Stock,,ACI,013091103,,Equities,Mid Cap,06/28/2022,N
1342978,Alcoa Corp Com,,AA,013872106,,Equities,Small Cap,09/17/2024,N
2506789,Alcon Ag Ord Shs,,ALC,H01301128,,Equities,International,08/15/2025,N
797892,Aldeyra Therapeutics Inc Com,,ALDX,01438T106,,Equities,Small Cap,11/05/2024,N
2412595,Alector Inc Com,,ALEC,014442107,,Equities,Small Cap,09/17/2024,N
235579,Alerian Mlp Etf,,AMLP,00162Q452,,Equities,Mid Cap,11/18/2022,N
393203,Alerus Finl Corp Com,,ALRS,01446U103,,Equities,Small Cap,01/24/2025,N
456817,Alexander & Baldwin Inc New Com,,ALEX,014491104,,Alternative Assets,REITs,05/23/2025,N
34410,Alexanders Inc Com,,ALX,014752109,,Equities,Small Cap,02/15/2025,N
10046,Alexandria Real Estate Eq Inc Com,,ARE,015271109,,Equities,Mid Cap,12/27/2023,N
42610,Alger Spectra A,,SPECX,015566102,,Equities,Large Cap,03/05/2025,N
794078,Alibaba Group Hldg Ltd Sponsored Ads,,BABA,01609W102,,Equities,International,05/04/2024,N
76660,Alico Inc Com,,ALCO,016230104,,Equities,Small Cap,04/09/2025,N
3931691,Alight Inc Com Cl A,,ALIT,01626W101,,Equities,Small Cap,09/17/2024,N
22224,Align Technology Inc Com,,ALGN,016255101,,Equities,Mid Cap,12/27/2023,N
3776071,Alignment Healthcare Inc Com,,ALHC,01625V104,,Equities,Small Cap,09/17/2024,N
3806279,Alkami Technology Inc Com,,ALKT,01644J108,,Equities,Small Cap,09/17/2024,N
5748,Alkermes Plc Shs,,ALKS,G01767105,,Equities,International,09/17/2024,N
94740,Allegiant Travel Co Com,,ALGT,01748X102,,Equities,Small Cap,09/17/2024,N
650884,Allegion Plc Ord Shs,,ALLE,G0176J109,,Equities,International,09/17/2024,N
3485142,Allegro Microsystems Inc Com,,ALGM,01749D105,,Equities,Mid Cap,09/17/2024,N
5503,Allete Inc Com New,,ALE,018522300,,Equities,Small Cap,09/24/2024,N
7560928,Alliance Laundry Hldgs Inc Com,,ALH,01862Q107,,Equities,Small Cap,01/10/2026,N
2208,Alliance Resource Partners L P Ut Ltd Part,,ARLP,01877R108,,Equities,Small Cap,10/21/2025,N
8145,Alliant Energy Corp Com,,LNT,018802108,,Equities,Mid Cap,06/28/2022,N
160843,Allient Inc Com,,ALNT,019330109,,Equities,Small Cap,11/23/2024,N
412473,Allison Transmission Hldgs Inc Com,,ALSN,01973R101,,Equities,Small Cap,09/17/2024,N
2220350,Allogene Therapeutics Inc Com,,ALLO,019770106,,Equities,Small Cap,04/02/2025,N
148371,Allspring Special Mid Cap Value Inst,,WFMIX,949915482,,Equities,Mid Cap,05/05/2022,N
1359,Allstate Corp Com,,ALL,020002101,US0200021014,Equities,Large Cap,06/28/2022,N
721500,Ally Finl Inc Com,,ALLY,02005N100,,Equities,Mid Cap,09/17/2024,N
10355,Alnylam Pharmaceuticals Inc Com,,ALNY,02043Q107,,Equities,Mid Cap,06/28/2022,N
351088,Alpha & Omega Semiconductor Lt Shs,,AOSL,G6331P104,,Equities,International,10/11/2024,N
1407339,Alpha Metallurgical Resour Inc Com,,AMR,020764106,,Equities,Small Cap,09/17/2024,N
3920381,Alpha Teknova Inc Com,,TKNO,02080L102,,Equities,Small Cap,02/14/2026,N
1902,Alphabet Inc Cap Stk Cl A,,GOOGL,02079K305,,Equities,Large Cap,09/22/2021,N
716495,Alphabet Inc Cap Stk Cl C,,GOOG,02079K107,,Equities,Large Cap,12/24/2021,N
68411,Alphatec Hldgs Inc Com New,,ATEC,02081G201,,Equities,Small Cap,12/10/2021,N
419970,Alpine Income Ppty Tr Inc Com,,PINE,02083X103,,Alternative Assets,REITs,05/29/2025,N
1091487,Alta Equipment Group Inc Common Stock,,ALTG,02128L106,,Equities,Small Cap,09/17/2024,N
8146,Altair Engr Inc Com Cl A,,ALTR,021369103,,Equities,Small Cap,09/17/2024,N
6491125,Alternative Access First Priority Clo Bond Etf,,AAA,46144X610,,Debt,Corporate Bonds,08/01/2025,N
1521445,Alteryx Inc Com Cl A,,AYX,02156B103,,Equities,Small Cap,07/01/2024,N
5252652,Alti Global Inc Cl A,,ALTI,02157E106,,Equities,Small Cap,01/24/2025,N
1570135,Altimmune Inc Com New,,ALT,02155H200,,Equities,Small Cap,11/23/2024,N
5990348,Alto Neuroscience Inc Com Shs,,ANRO,02157Q109,,Equities,Small Cap,04/02/2025,N
863,Altria Group Inc Com,,MO,02209S103,,Equities,Large Cap,06/28/2022,N
3694647,Altus Power Inc Com Cl A,,AMPS,02217A102,,Equities,Small Cap,09/17/2024,N
6258773,Alumis Inc Com,,ALMS,022307102,,Equities,Small Cap,05/22/2025,N
3289806,Alx Oncology Hldgs Inc Com,,ALXO,00166B105,,Equities,Small Cap,11/05/2024,N
2039001,Amalgamated Financial Corp Com,,AMAL,022671101,,Equities,Small Cap,11/23/2024,N
29411,Amana Income Investor,,AMANX,022865109,,Equities,Large Cap,03/05/2025,N
100,Amazon Com Inc Com,,AMZN,023135106,,Equities,Large Cap,12/04/2021,N
480954,Ambarella Inc Shs,,AMBA,G037AX101,,Equities,International,11/23/2024,N
7277937,Ambiq Micro Inc Common Stock,,AMBQ,023193105,,Equities,Small Cap,11/07/2025,N
662486,Amc Entmt Hldgs Inc Cl A New,,AMC,00165C302,,Equities,Small Cap,02/14/2022,N
334259,Amc Networks Inc Cl A,,AMCX,00164V103,,Equities,Small Cap,09/17/2024,N
2679407,Amcor Plc Com New,,AMCR,G0250X149,,Equities,International,02/13/2024,N
2444,Amdocs Ltd Shs,,DOX,G02602103,,Equities,International,05/07/2024,N
8147,Amedisys Inc Com,,AMED,023436108,,Equities,Small Cap,09/24/2024,N
6458487,Amentum Holdings Inc Com,,AMTM,023939101,,Equities,Small Cap,10/01/2024,N
5988474,Amer Sports Inc Com Shs,,AS,G0260P102,,Equities,Small Cap,09/17/2024,N
8154,Amer States Wtr Co Com,,AWR,029899101,,Equities,Small Cap,09/17/2024,N
2244696,Amerant Bancorp Inc Cl A,,AMTB,023576101,,Equities,Small Cap,12/24/2024,N
1178,Ameren Corp Com,,AEE,023608102,,Equities,Mid Cap,06/28/2022,N
257304,Ameresco Inc Cl A,,AMRC,02361E108,,Equities,Small Cap,09/17/2024,N
440611,American Airlines Group Inc Com,,AAL,02376R102,,Equities,Mid Cap,06/28/2022,N
280524,American Assets Tr Inc Com,,AAT,024013104,,Equities,Small Cap,05/23/2025,N
1235527,American Battery Technology Com New,,ABAT,02451V309,,Equities,Small Cap,11/13/2025,N
1670525,American Beacon Small Cap Value R6,,AASRX,024526774,,Equities,Small Cap,11/18/2022,N
1445071,American Century Emerging Markets R6,,AEDMX,025086422,,Equities,Emerging Markets,08/24/2022,N
10012,American Century Growth Inv,,TWCGX,025083106,,Equities,Large Cap,11/15/2023,N
81243,American Century International Opps Inv,,AIOIX,025086745,,Equities,International,03/05/2025,N
359143,American Century One Choice 2030 I,,ARCSX,02507F647,,Equities,All Cap,02/28/2023,N
812384,American Century Small Cap Value R6,,ASVDX,025076324,,Equities,Small Cap,07/07/2022,N
3946,American Century Ultra® Inv,,TWCUX,025083882,,Equities,Large Cap,11/15/2023,N
4081796,American Century Vp Infl Prot,,,,814121281176581,Government Debt,Govt/Inflation,03/16/2022,N
535158,American Coastal Ins Corp Com,,ACIC,910710102,,Equities,Small Cap,11/23/2024,N
39298,American Eagle Outfitters Inc Com,,AEO,02553E106,,Equities,Small Cap,09/17/2024,N
3305,American Elec Pwr Co Inc Com,,AEP,025537101,,Equities,Large Cap,06/28/2022,N
719,American Express Co Com,,AXP,025816109,,Equities,Large Cap,06/28/2022,N
13725,American Financial Group Inc Com,,AFG,025932104,,Equities,Mid Cap,09/17/2024,N
3680,American Funds Amcap A,,AMCPX,023375108,,Equities,Large Cap,02/01/2022,N
3635,American Funds American Balanced C,,BALCX,024071300,,Equities,All Cap,03/13/2025,N
1490543,American Funds American Mutual F3,,AFMFX,027681774,,Alternative Assets,Long-Short,12/02/2021,N
168,American Funds Capital Income Bldr A,,CAIBX,140193103,,Equities,All Cap,03/21/2025,N
2364746,American Funds Corporate Bond F3,,CFBFX,02629H778,,Debt,Corporate Bonds,03/20/2025,N
1471420,American Funds Eupac F3,,FEUPX,298706110,,Equities,International,12/02/2021,N
7366476,American Funds Eupac Fund,,,,F_01497501,Equities,International,08/26/2025,N
70476,American Funds Fundamental Invs F2,,FINFX,360802821,,Equities,Large Cap,12/24/2024,N
1471422,American Funds Growth Fund Of Amer F3,,GAFFX,399874775,,Equities,Large Cap,12/02/2021,N
1735,American Funds Income Fund Of Amer A,,AMECX,453320103,,Equities,All Cap,03/21/2025,N
1293532,American Funds Inflation Linked Bd R6,,RILFX,02630D816,,Government Debt,Govt/Inflation,07/07/2022,N
116789,American Funds Intl Gr And Inc F2,,IGFFX,45956T501,,Equities,International,05/05/2022,N
1734,American Funds Invmt Co Of Amer A,,AIVSX,461308108,,Equities,Large Cap,03/21/2025,N
1490540,American Funds Invmt Co Of Amer F3,,FFICX,461308777,,Equities,Large Cap,08/26/2023,N
3929886,American Funds Is New World,,,,814121281252363,Equities,Large Cap,03/16/2022,N
1490544,American Funds New Economy F3,,FNEFX,643822778,,Equities,Large Cap,08/26/2023,N
1490542,American Funds New Perspective F3,,FNPFX,648018778,,Equities,All Cap,12/02/2021,N
98673,American Funds New World F2,,NFFFX,649280823,,Equities,Emerging Markets,05/05/2022,N
1471423,American Funds New World F3,,FNWFX,649280773,,Equities,Emerging Markets,12/02/2021,N
210915,American Funds New World R6,,RNWGX,649280815,,Equities,Emerging Markets,09/13/2023,N
1490545,American Funds Smallcap World F3,,SFCWX,831681770,,Equities,Small Cap,12/02/2021,N
227807,American Funds Smallcap World R6,,RLLGX,831681812,,Equities,International,09/13/2023,N
7366477,American Funds The Investment Company Of America,,,,F_01497502,Equities,Large Cap,08/26/2025,N
1407,American Funds Washington Mutual A,,AWSHX,939330106,,Equities,Large Cap,03/21/2025,N
1471424,American Funds Washington Mutual F3,,FWMIX,939330775,,Equities,Large Cap,12/02/2021,N
6001454,American Healthcare Reit Inc Com Shs,,AHR,398182303,,Alternative Assets,REITs,09/17/2024,N
1786,American Homes 4 Rent Cl A,,AMH,02665T306,,Equities,Mid Cap,10/17/2024,N
7155196,American Integrity Ins Group I Com,,AII,026948109,,Equities,Small Cap,10/09/2025,N
912,American Intl Group Inc Com New,,AIG,026874784,,Equities,Large Cap,06/28/2022,N
3329966,American Outdoor Brands Inc Com,,AOUT,02875D109,,Equities,Small Cap,07/08/2025,N
101553,American Pub Ed Inc Com,,APEI,02913V103,,Equities,Small Cap,09/17/2024,N
13875,American Rlty Invs Inc Com,,ARL,029174109,,Equities,Small Cap,07/30/2025,N
75962,American Superconductor Corp Shs New,,AMSC,030111207,,Equities,Small Cap,09/17/2024,N
4263,American Tower Corp Com,,AMT,03027X100,,Equities,Large Cap,06/28/2022,N
12123,American Vanguard Corp Com,,AVD,030371108,,Equities,Small Cap,11/23/2024,N
6748,American Woodmark Corp Com,,AMWD,030506109,,Equities,Small Cap,12/24/2024,N
6821889,American Wtr Cap Corp 5.25% 03/01/2035,,,03040WBF1,,Debt,Corporate Bonds,10/04/2025,N
86706,American Wtr Wks Co Inc New Com,,AWK,030420103,,Equities,Large Cap,06/28/2022,N
106094,Americas Car-Mart Inc Com,,CRMT,03062T105,,Equities,Small Cap,11/23/2024,N
1876125,Americold Realty Trust Inc Com,,COLD,03064D108,,Alternative Assets,REITs,10/17/2024,N
2131,Ameriprise Finl Inc Com,,AMP,03076C106,,Equities,Mid Cap,06/28/2022,N
13157,Ameris Bancorp Com,,ABCB,03076K108,,Equities,Small Cap,09/17/2024,N
31491,Amerisafe Inc Com,,AMSF,03071H100,,Equities,Small Cap,09/17/2024,N
119176,Ames Natl Corp Com,,ATLO,031001100,,Equities,Small Cap,11/27/2024,N
5817,Ametek Inc Com,,AME,031100100,,Equities,Large Cap,06/28/2022,N
455020,Amg Yacktman Focused I,,YAFIX,00170K562,,Equities,Large Cap,12/22/2021,N
438503,Amg Yacktman Focused N,,YAFFX,00170K570,,Equities,All Cap,12/02/2021,N
720,Amgen Inc Com,,AMGN,031162100,,Equities,Large Cap,06/28/2022,N
183067,Amicus Therapeutic Com,,FOLD,03152W109,,Equities,Small Cap,09/17/2024,N
32926,Amkor Technology Inc Com,,AMKR,031652100,,Equities,Small Cap,09/17/2024,N
32967,Amn Healthcare Svcs Inc Com,,AMN,001744101,,Equities,Small Cap,04/26/2022,N
2018606,Amneal Pharmaceuticals Inc Com Stk Cl A,,AMRX,03168L105,,Equities,Small Cap,09/17/2024,N
753325,Amphastar Pharmaceuticals Inc Com,,AMPH,03209R103,,Equities,Small Cap,11/23/2024,N
2432,Amphenol Corp Cl A,,APH,032095101,,Equities,Large Cap,06/28/2022,N
1593748,Amplify Cwp Enhanced Dividend Income Etf,,DIVO,032108409,,Equities,Large Cap,12/23/2025,N
1391648,Amplify Energy Corp New Com,,AMPY,03212B103,,Equities,Small Cap,01/24/2025,N
545343,Amplify Junior Silver Miners Etf,,SILJ,032108649,,Equities,Small Cap,03/05/2025,N
948680,Amplify Snack Brands Com,,,03211L102,,Equities,Small Cap,08/31/2023,N
4092630,Amplitude Inc Com Cl A,,AMPL,03213A104,,Equities,Small Cap,09/17/2024,N
4746827,Amprius Technologies Inc Common Stock,,AMPX,03214Q108,,Equities,Small Cap,12/24/2024,N
7149269,Amrize Ltd Shs,,AMRZ,H2927K103,,Equities,Small Cap,02/10/2026,N
4283568,Amylyx Pharmaceuticals Inc Com,,AMLX,03237H101,,Equities,Small Cap,07/12/2025,N
722,Analog Devices Inc Com,,ADI,032654105,,Equities,Large Cap,06/28/2022,N
2222261,Anaplan Inc Com,,PLAN,03272L108,,Equities,Large Cap,01/11/2022,N
1448128,Anaptysbio Inc Com,,ANAB,032724106,,Equities,Small Cap,09/17/2024,N
991323,Anavex Life Sciences Corp Com New,,AVXL,032797300,,Equities,Small Cap,03/13/2025,N
21617,Andersons Inc Com,,ANDE,034164103,,Equities,Small Cap,12/24/2024,N
3905747,Angel Oak Mortgage Reit Inc Com,,AOMR,03464Y108,,Alternative Assets,REITs,05/29/2025,N
4839899,Angel Oak Ultrashort Income Etf,,UYLD,03463K752,,Debt,Corporate Bonds,01/16/2025,N
1737383,Angi Inc Cl A New,,ANGI,00183L201,,Equities,Small Cap,04/02/2025,N
26174,Angiodynamics Inc Com,,ANGO,03475V101,,Equities,Small Cap,09/17/2024,N
2373,Anglogold Ashanti Plc Com Shs,,AU,G0378L100,,Equities,International,07/12/2025,N
814,Anheuser Busch Inbev Sa Nv Sponsored Adr,,BUD,03524A108,,Equities,International,08/11/2022,N
2371128,Anheuser-Busch Inbev Wldw Inc 4.9% 01/23/2031,,,035240AR1,,Debt,Corporate Bonds,10/04/2025,N
457142,Ani Pharmaceuticals Inc Com,,ANIP,00182C103,,Equities,Small Cap,09/17/2024,N
8157,Anika Therapeutics Inc Com,,ANIK,035255108,,Equities,Small Cap,11/05/2024,N
13600,Annaly Capital Management Inc Com New,,NLY,035710839,,Equities,Mid Cap,06/28/2022,N
3301989,Annexon Inc Com,,ANNX,03589W102,,Equities,Small Cap,11/05/2024,N
5504,Ansys Inc Com,,ANSS,03662Q105,,Equities,Mid Cap,06/28/2022,N
6684065,Anteris Technologies Global Com,,AVR,03675P102,,Equities,Small Cap,04/26/2025,N
2764587,Anterix Inc Com,,ATEX,03676C100,,Equities,Small Cap,09/17/2024,N
814010,Antero Midstream Corp Com,,AM,03676B102,,Equities,Small Cap,09/17/2024,N
7638,Antero Resources Corp Com,,AR,03674X106,,Equities,Small Cap,09/17/2024,N
481165,Anywhere Real Estate Inc Com,,HOUS,75605Y106,,Equities,Small Cap,09/17/2024,N
179627,Aon Plc Shs Cl A,,AON,G0403H108,,Equities,International,06/28/2022,N
593,Apa Corporation Com,,APA,03743Q108,,Equities,Mid Cap,09/17/2024,N
2313,Apartment Invt & Mgmt Co Cl A,,AIV,03748R747,,Equities,Small Cap,09/17/2024,N
1786704,Apellis Pharmaceuticals Inc Com,,APLS,03753U106,,Equities,Small Cap,09/17/2024,N
3158592,Api Group Corp Com Stk,,APG,00187Y100,,Equities,Small Cap,09/17/2024,N
52355,Apogee Enterprises Inc Com,,APOG,037598109,,Equities,Small Cap,11/27/2024,N
5565805,Apogee Therapeutics Inc Com,,APGE,03770N101,,Equities,Small Cap,09/17/2024,N
4957,Apollo Coml Real Estate Fin Com,,ARI,03762U105,,Equities,Small Cap,04/26/2025,N
302379,Apollo Global Mgmt Inc Com,,APO,03769M106,US03768E1055,Equities,Mid Cap,12/27/2023,N
930332,Appfolio Inc Com Cl A,,APPF,03783C100,,Equities,Small Cap,09/17/2024,N
1590852,Appian Corp Cl A,,APPN,03782L101,,Equities,Small Cap,11/23/2024,N
910751,Apple Hospitality Reit Inc Com New,,APLE,03784Y200,,Alternative Assets,REITs,04/02/2025,N
580895,Apple Inc 3.85% 05/04/2043,,,037833AL4,,Debt,Corporate Bonds,10/04/2025,N
970,Apple Inc Com,,AAPL,037833100,,Equities,Large Cap,12/24/2021,N
181424,Applied Digital Corp Com New,,APLD,038169207,,Equities,Small Cap,12/24/2024,N
33946,Applied Indl Technologies Inc Com,,AIT,03820C105,,Equities,Small Cap,10/17/2024,N
721,Applied Matls Inc Com,,AMAT,038222105,,Equities,Large Cap,06/28/2022,N
628380,Applied Optoelectronics Inc Com,,AAOI,03823U102,,Equities,Small Cap,10/11/2024,N
2937848,Applied Therapeutics Inc Com,,APLT,03828A101,,Equities,Small Cap,09/17/2024,N
8006438,Applied Therapeutics Xxx Cvr Exp: 02/02/2026,,,038CVR03,,Unclassified,Unclassified,02/06/2026,N
3808685,Applovin Corp Com Cl A,,APP,03831W108,,Equities,Mid Cap,05/07/2024,N
5506,Aptargroup Inc Com,,ATR,038336103,,Equities,Small Cap,09/17/2024,N
372065,Aptiv Plc Com Shs,,APTV,G3265R107,,Equities,International,12/27/2023,N
6345085,Aqr Delphi + Fund,,,,2971_AQRD,Alternatives with Tax Benefits,Tax-Aware Hedge Fund,08/01/2024,N
6711811,Aqr Helix Fund,,,,2971_2971_AQRHF,Alternatives with Tax Benefits,Tax-Aware Hedge Fund,01/03/2025,N
6894359,Aqr Ta Delphi Plus Fund Llc,,,,SCHWAB-1186074,Alternatives with Tax Benefits,Tax-Aware Hedge Fund,03/27/2025,N
6345087,Aqr Ta Helix Fund,,,,2971_AQRHF,Alternatives with Tax Benefits,Tax-Aware Hedge Fund,08/01/2024,N
2136091,Aquestive Therapeutics Inc Com,,AQST,03843E104,,Equities,Small Cap,09/17/2024,N
657672,Aramark Com,,ARMK,03852U106,,Equities,Small Cap,09/24/2024,N
11744,Arbor Realty Trust Inc Com,,ABR,038923108,,Equities,Small Cap,04/26/2025,N
946696,Arbutus Biopharma Corp Com,,ABUS,03879J100,,Equities,International,09/17/2024,N
910226,Arcadia Biosciences Inc Com,,RKDA,039014204,,Equities,Small Cap,12/02/2023,N
5934600,Arcadium Lithium Plc Com Shs,,ALTM,G0508H110,,Equities,Small Cap,10/11/2024,N
5242,Arcbest Corp Com,,ARCB,03937C105,,Equities,Small Cap,09/17/2024,N
4341665,Arcellx Inc Common Stock,,ACLX,03940C100,,Equities,Small Cap,09/17/2024,N
5937,Arcelormittal Sa Luxembourg Ny Registry Sh,,MT,03938L203,,Equities,International,08/15/2025,N
2477,Arch Cap Group Ltd Ord,,ACGL,G0450A105,,Equities,International,06/28/2022,N
1323361,Arch Resources Inc Cl A,,ARCH,03940R107,,Equities,Small Cap,11/23/2024,N
3606622,Archer Aviation Inc Com Cl A,,ACHR,03945R102,,Equities,Small Cap,01/24/2025,N
5047,Archer Daniels Midland Co Com,,ADM,039483102,,Equities,Large Cap,06/28/2022,N
1017755,Archrock Inc Com,,AROC,03957W106,,Equities,Small Cap,09/17/2024,N
2253334,Arcosa Inc Com,,ACA,039653100,,Equities,Small Cap,09/17/2024,N
662196,Arcturus Therapeutics Hldgs Com,,ARCT,03969T109,,Equities,Small Cap,11/05/2024,N
1937539,Arcus Biosciences Inc Com,,RCUS,03969F109,,Equities,Small Cap,12/24/2024,N
3030054,Arcutis Biotherapeutics Inc Com,,ARQT,03969K108,,Equities,Small Cap,09/17/2024,N
3992226,Ardagh Metal Packaging S A Shs,,AMBP,L02235106,,Equities,International,11/27/2024,N
809263,Ardelyx Inc Com,,ARDX,039697107,,Equities,Small Cap,09/17/2024,N
6317155,Ardent Health Inc Com,,ARDT,03980N107,,Equities,Small Cap,11/23/2024,N
440612,Ardmore Shipping Corp Com,,ASC,Y0207T100,,Equities,Emerging Markets,09/17/2024,N
2151,Ares Capital Corp Com,,ARCC,04010L103,,Equities,Mid Cap,03/11/2025,N
424820,Ares Coml Real Estate Corp Com,,ACRE,04013V108,,Alternative Assets,REITs,04/29/2025,N
733188,Ares Management Corporation Cl A Com Stk,,ARES,03990B101,,Equities,Mid Cap,02/13/2024,N
14178,Argan Inc Com,,AGX,04010E109,,Equities,Small Cap,09/17/2024,N
1584199,Argenx Se Sponsored Adr,,ARGX,04016X101,,Equities,International,08/15/2025,N
8173799,"Argosy Real Estate Opportunity Zone Ii, L.P.",,,,2971_AROZ,Unclassified,Unclassified,03/25/2026,N
4152974,Arhaus Inc Com Cl A,,ARHS,04035M102,,Equities,Small Cap,09/17/2024,N
5141,Ariel Appreciation Investor,,CAAPX,040337206,,Equities,Small Cap,03/05/2025,N
4132136,Aris Water Solutions Inc Class A Com,,,04041L106,,Equities,Small Cap,10/11/2024,N
7586091,Aris Wtr Soluti Contra,,,040PRO01,,Equities,Small Cap,10/18/2025,N
744811,Arista Networks Inc Com Shs,,ANET,040413205,,Equities,Mid Cap,06/28/2022,N
828350,Ark Genomic Revolution Etf,,ARKG,00214Q302,,Equities,Small Cap,03/05/2025,N
886759,Ark Innovation Etf,,ARKK,00214Q104,,Equities,Mid Cap,11/15/2023,N
3611901,Arko Corp Com,,ARKO,041242108,,Equities,Small Cap,01/24/2025,N
2148782,Arlo Technologies Inc Com,,ARLO,04206A101,,Equities,Small Cap,09/17/2024,N
5728102,Arm Holdings Plc Sponsored Ads,,ARM,042068205,,Equities,International,05/07/2025,N
251075,Armour Residential Reit Inc Com Shs,,ARR,042315705,,Equities,Small Cap,01/24/2025,N
66692,Armstrong World Inds Inc New Com,,AWI,04247X102,,Equities,Small Cap,09/24/2024,N
118588,Arq Inc Com,,ARQ,00770C101,,Equities,Small Cap,11/05/2024,N
9400,Array Digital Infrastructure I Com,,AD,911684108,,Equities,Small Cap,12/24/2024,N
3440520,Array Technologies Inc Com Shs,,ARRY,04271T100,,Equities,Small Cap,09/17/2024,N
5235101,Arrival Com New,,ARVLF,L0423Q124,,Equities,Small Cap,03/05/2025,N
7064029,Arrive Ai Inc Com New,,ARAI,04272H204,,Unclassified,Unclassified,02/04/2026,N
5979989,Arrivent Biopharma Inc Com,,AVBP,04272N102,,Equities,Small Cap,04/26/2025,N
26039,Arrow Electrs Inc Com,,ARW,042735100,,Equities,Small Cap,09/17/2024,N
103873,Arrow Finl Corp Com,,AROW,042744102,,Equities,Small Cap,01/24/2025,N
76168,Arrowhead Pharmaceuticals Inc Com,,ARWR,04280A100,,Equities,Small Cap,02/01/2022,N
3200268,Ars Pharmaceuticals Inc Com,,SPRY,82835W108,,Equities,Small Cap,11/27/2024,N
4138301,Arteris Inc Com,,AIP,04302A104,,Equities,Small Cap,01/24/2025,N
1051849,Artisan Developing World Advisor,,APDYX,04314H618,,Equities,Emerging Markets,09/03/2022,N
714474,Artisan High Income Advisor,,APDFX,04314H717,,Debt,Corporate Bonds,09/03/2022,N
891158,Artisan International Value Advisor,,APDKX,04314H667,,Equities,International,09/03/2022,N
400704,Artisan Mid Cap Institutional,,APHMX,04314H600,,Equities,Mid Cap,03/26/2025,N
548349,Artisan Partners Asset Mgmt I Cl A,,APAM,04316A108,,Equities,Small Cap,11/23/2024,N
65210,Artisan Value Investor,,ARTLX,04314H873,,Equities,Large Cap,03/05/2025,N
6319273,Artiva Biotherapeutics Inc Com,,ARTV,04317A107,,Equities,Small Cap,03/08/2025,N
53153,Artivion Inc Com,,AORT,228903100,,Equities,Small Cap,09/17/2024,N
2206926,Arvinas Inc Com,,ARVN,04335A105,,Equities,Small Cap,09/17/2024,N
3410633,Asana Inc Cl A,,ASAN,04342Y104,,Equities,Small Cap,09/17/2024,N
47200,Asbury Automotive Group Inc Com,,ABG,043436104,,Equities,Small Cap,04/02/2025,N
51505,Ascent Industries Co Com,,ACNT,871565107,,Equities,Small Cap,07/12/2025,N
32517,Asgn Inc Com,,ASGN,00191U102,,Equities,Small Cap,09/17/2024,N
1368,Ashland Inc Com,,ASH,044186104,,Equities,Small Cap,09/24/2024,N
5915304,Aska Pharmaceutical Hldgs Co L Com,,,J0326Y102,JP3119660003,Unclassified,Unclassified,12/20/2023,N
4243872,Askul Corp Npv,,,,JP3119920001,Equities,International,12/21/2021,N
439043,Asml Hldg Nv N Y Registry Shs,,ASML,N07059210,,Equities,International,06/28/2022,N
4860607,Asp Isotopes Inc Com,,ASPI,00218A105,,Equities,Small Cap,03/08/2025,N
794046,Aspen Aerogels Inc Com,,ASPN,04523Y105,,Equities,Small Cap,09/17/2024,N
7042612,Aspen Insurance Holdings Ltd Ord Shs Cl A,,AHL,G05384501,,Equities,Small Cap,11/05/2025,N
4520094,Aspen Technology Inc Com,,AZPN,29109X106,,Equities,Mid Cap,05/07/2024,N
3401123,Aspirational Consumer Lifestyl Unit,,ASPL U,G05436129,,Unclassified,Unclassified,10/04/2021,N
8162,Associated Banc-Corp Com,,ASB,045487105,,Equities,Small Cap,09/24/2024,N
2430,Assurant Inc Com,,AIZ,04621X108,,Equities,Small Cap,09/17/2024,N
1807,Assured Guaranty Ltd Com,,AGO,G0585R106,,Equities,International,09/17/2024,N
3796275,Ast Spacemobile Inc Com Cl A,,ASTS,00217D100,,Equities,Small Cap,11/05/2024,N
13727,Astec Inds Inc Com,,ASTE,046224101,,Equities,Small Cap,09/17/2024,N
6073467,Astera Labs Inc Com,,ALAB,04626A103,,Equities,Small Cap,09/24/2024,N
916609,Astrana Health Inc Com New,,ASTH,03763A207,,Equities,Small Cap,09/17/2024,N
2561,Astrazeneca Plc Ord,,AZN,G0593M107,,Equities,International,07/25/2025,N
4049044,Astria Therapeutics Inc Com,,ATXS,04635X102,,Equities,Small Cap,09/17/2024,N
10691,Astronics Corp Com,,ATRO,046433108,,Equities,Small Cap,09/17/2024,N
68429,Asure Software Inc Com,,ASUR,04649U102,,Equities,Small Cap,01/24/2025,N
3304922,At&T Inc 3.3% 02/01/2052,,,00206RKE1,,Debt,Corporate Bonds,10/04/2025,N
6,At&T Inc Com,,T,00206R102,US00206R1023,Equities,Large Cap,06/01/2022,N
3908619,Ataibeckley Inc Com Shs,,ATAI,04650F101,,Equities,International,02/27/2026,N
3487324,Atea Pharmaceuticals Inc Com,,AVIR,04683R106,,Equities,Small Cap,09/17/2024,N
7119104,Ategrity Specialty In Co Ho Com,,ASIC,04681Y103,,Equities,Small Cap,10/28/2025,N
10293,Ati Inc Com,,ATI,01741R102,,Equities,Small Cap,09/17/2024,N
3905669,Ati Physical Therapy Inc Com Cl A,,ATIP,00216W109,,Equities,Small Cap,10/04/2021,N
1205185,Atkore Inc Com,,ATKR,047649108,,Equities,Small Cap,09/17/2024,N
1156236,Atlanta Braves Hldgs Inc Com Ser A,,BATRA,047726104,,Equities,Small Cap,01/24/2025,N
1155025,Atlanta Braves Hldgs Inc Com Ser C,,BATRK,047726302,,Equities,Small Cap,09/17/2024,N
5698421,Atlantic Intl Corp Com,,ATLN,048592109,,Equities,Small Cap,07/24/2025,N
227933,Atlantic Un Bankshares Corp Com,,AUB,04911A107,,Equities,Small Cap,09/17/2024,N
2026,Atlanticus Holdings Corp Com,,ATLC,04914Y102,,Equities,Small Cap,11/05/2024,N
5147830,Atlas Energy Solutions Inc Com New,,AESI,642045108,,Equities,Small Cap,11/05/2024,N
35093,Atlassian Corporation Cl A,,TEAM,049468101,,Equities,International,06/28/2022,N
1814,Atmos Energy Corp Com,,ATO,049560105,,Equities,Mid Cap,02/13/2024,N
5309688,Atmus Filtration Technologies Com,,ATMU,04956D107,,Equities,Small Cap,09/17/2024,N
42665,Atn Intl Inc Com,,ATNI,00215F107,,Equities,Small Cap,09/17/2024,N
1481021,Atomera Inc Com,,ATOM,04965B100,,Equities,Small Cap,02/04/2026,N
580451,Atossa Therapeutics Inc Com,,ATOS,04962H704,,Equities,Small Cap,04/02/2025,N
391981,Atricure Inc Com,,ATRC,04963C209,,Equities,Small Cap,09/17/2024,N
8066022,Atrium Therapeutics Inc Com,,RNA,04965N104,,Equities,Small Cap,02/28/2026,N
907482,Atyr Pharma Inc Com New,,ATYR,002120202,,Equities,Small Cap,07/08/2025,N
546015,Audioeye Inc Com New,,AEYE,050734201,,Equities,Small Cap,09/17/2024,N
3415898,Aura Biosciences Inc Com,,AURA,05153U107,,Equities,Small Cap,09/17/2024,N
639605,Aurinia Pharmaceuticals Inc Com,,AUPH,05156V102,,Equities,International,09/17/2024,N
4152022,Aurora Innovation Inc Class A Com,,AUR,051774107,,Equities,Small Cap,10/11/2024,N
596,Autodesk Inc Com,,ADSK,052769106,,Equities,Large Cap,06/28/2022,N
2150,Autoliv Inc Com,,ALV,052800109,,Equities,Mid Cap,09/24/2024,N
163,Automatic Data Processing Inc Com,,ADP,053015103,,Equities,Large Cap,06/28/2022,N
4518,Autonation Inc Com,,AN,05329W102,,Equities,Small Cap,09/24/2024,N
949,Autozone Inc Com,,AZO,053332102,,Equities,Mid Cap,09/17/2024,N
7481,Avadel Pharmaceuticals Plc Com Shs,,AVDL,G29687103,,Equities,International,09/17/2024,N
1199,Avalonbay Cmntys Inc Com,,AVB,053484101,,Equities,Large Cap,12/27/2023,N
1900,Avangrid Inc Com,,AGR,05351W103,,Equities,Mid Cap,06/28/2022,N
808167,Avanos Med Inc Com,,AVNS,05350V106,,Equities,Small Cap,09/17/2024,N
163810,Avantis All Equity Markets Etf,,AVGE,025072232,,Equities,All Cap,01/14/2025,N
2856780,Avantis International Equity Etf,,AVDE,025072703,,Equities,International,01/15/2025,N
2856781,Avantis International Small Cap Value Etf,,AVDV,025072802,,Equities,Mid Cap,06/18/2024,N
2833585,Avantis U.S. Small Cap Value Etf,,AVUV,025072877,,Equities,Small Cap,06/18/2024,N
2633266,Avantor Inc Com,,AVTR,05352A100,,Equities,Mid Cap,06/28/2022,N
3829622,Aveanna Healthcare Hldgs Inc Com,,AVAH,05356F105,,Equities,Small Cap,11/05/2024,N
3008317,Avepoint Inc Com Cl A,,AVPT,053604104,,Equities,Small Cap,09/17/2024,N
2144,Avery Dennison Corp Com,,AVY,053611109,,Equities,Mid Cap,09/24/2024,N
188960,Aviat Networks Inc Com New,,AVNW,05366Y201,,Equities,Small Cap,11/05/2024,N
14063,Avid Bioservices Inc Com,,CDMO,05368M106,,Equities,Small Cap,12/24/2024,N
151625,Avidbank Hldgs Inc Com,,AVBH,05368J103,,Equities,Mid Cap,03/18/2026,N
3239154,Avidity Biosciences Inc Com,,RNAM,05370A108,,Equities,Small Cap,09/17/2024,N
4110959,Avidxchange Holdings Inc Com,,AVDX,05368X102,,Equities,Small Cap,09/17/2024,N
4640,Avient Corporation Com,,AVNT,05368V106,,Equities,Small Cap,09/24/2024,N
918,Avis Budget Group Inc Com,,CAR,053774105,,Equities,Small Cap,09/17/2024,N
31355,Avista Corp Com,,AVA,05379B107,,Equities,Small Cap,11/23/2024,N
667333,Avita Medical Inc Com,,RCEL,05380C102,,Equities,Small Cap,03/08/2025,N
13586,Avnet Inc Com,,AVT,053807103,,Equities,Small Cap,09/24/2024,N
4243878,Avolta Ag Chf5 (Regd),,,,CH0023405456,Equities,International,12/21/2021,N
1799073,Avolta Ag Unsponsord Adr,,DUFRY,26433T108,,Equities,International,12/21/2021,N
816481,Axalta Coating Sys Ltd Com,,AXTA,G0750C108,,Equities,International,09/17/2024,N
8168,Axcelis Technologies Inc Com New,,ACLS,054540208,,Equities,Small Cap,09/17/2024,N
35667,Axis Cap Hldgs Ltd Shs,,AXS,G0692U109,,Equities,International,09/17/2024,N
478555,Axogen Inc Com,,AXGN,05463X106,,Equities,Small Cap,09/17/2024,N
781,Axon Enterprise Inc Com,,AXON,05464C101,,Equities,Small Cap,12/27/2023,N
2251469,Axonics Inc Com,,AXNX,05465P101,,Equities,Small Cap,09/17/2024,N
96825,Axos Financial Inc Com,,AX,05465C100,,Equities,Small Cap,09/17/2024,N
1033599,Axsome Therapeutics Inc. Com,,AXSM,05464T104,,Equities,Small Cap,11/05/2024,N
2230385,Ayr Wellness Inc Sub Ltd Vtg Sh,,AYRWF,05475P109,,Equities,International,12/02/2023,N
3238067,Azek Co Inc Cl A,,AZEK,05478C105,,Equities,Small Cap,09/24/2024,N
1050,Azenta Inc Com,,AZTA,114340102,,Equities,Small Cap,09/17/2024,N
21569,Azz Inc Com,,AZZ,002474104,,Equities,Small Cap,09/17/2024,N
77939,B & G Foods Inc Com,,BGS,05508R106,,Equities,Small Cap,09/17/2024,N
332995,Babcock Intl Group Plc Shs,,BCKIF,G0689Q152,,Equities,International,06/17/2023,N
3797219,Babylon Hldgs Ltd Cl A Shs,,KURI,66981N103,,Equities,International,07/02/2023,N
4175632,Backblaze Inc Com Cl A,,BLZE,05637B105,,Equities,Small Cap,12/24/2024,N
8169,Badger Meter Inc Com,,BMI,056525108,,Equities,Small Cap,11/23/2024,N
6740,Bae Systems Plc Sponsored Adr,,BAESY,05523R107,,Equities,International,06/17/2023,N
9364,Baidu Inc Spon Adr Rep A,,BIDU,056752108,,Equities,International,07/25/2025,N
204442,Baird Core Plus Bond Inst,,BCOIX,057071870,,Debt,Corporate Bonds,09/03/2022,N
716,Baker Hughes Company Cl A,,BKR,05722G100,,Equities,Large Cap,06/28/2022,N
4120049,Bakkt Inc Com Cl A New,,BKKT,05759B305,,Equities,Small Cap,02/14/2026,N
47316,Balchem Corp Com,,BCPC,057665200,,Equities,Small Cap,11/23/2024,N
5048,Ball Corp Com,,BALL,058498106,,Equities,Large Cap,12/27/2023,N
2492447,Ballys Corporation Com,,,05875B106,,Equities,Small Cap,09/17/2024,N
6566591,Ballys Corporation Common Stock,,BALY,05875B304,,Equities,Small Cap,07/24/2025,N
422166,Banc Of California Inc Com,,BANC,05990K106,,Equities,Small Cap,09/17/2024,N
63270,Bancfirst Corp Com,,BANF,05945F103,,Equities,Small Cap,11/23/2024,N
181988,Banco Bilbao Vizcaya Argentari Sponsored Adr,,BBVA,05946K101,,Equities,International,08/15/2025,N
42823,Banco Latinoamericano De Comer Shs E,,BLX,P16994132,,Equities,Emerging Markets,09/17/2024,N
443660,Banco Santander Sa Adr,,SAN,05964H105,,Equities,International,08/15/2025,N
128331,Bancorp Inc Del Com,,TBBK,05969A105,,Equities,Small Cap,09/17/2024,N
1798205,Bandwidth Inc Com Cl A,,BAND,05988J103,,Equities,Small Cap,09/17/2024,N
286032,Bank America Corp 6.11% 01/29/2037,,,59022CAJ2,,Debt,Corporate Bonds,10/04/2025,N
688,Bank America Corp Com,,BAC,060505104,,Equities,Large Cap,06/28/2022,N
110972,Bank First Corporation Com,,BFC,05676F108,,Equities,Small Cap,11/23/2024,N
9305,Bank Hawaii Corp Com,,BOH,062540109,,Equities,Small Cap,11/23/2024,N
5186465,Bank Hope Los Angeles Ca 5.35% 2024,,,062683HH3,,Debt,Corporate Bonds,11/15/2023,N
75277,Bank Montreal Medium Com,,BMO,063671101,,Equities,International,08/15/2025,N
141,Bank New York Mellon Corp Com,,BK,064058100,,Equities,Large Cap,06/28/2022,N
9291,Bank Nova Scotia B C Com,,BNS,064149107,,Equities,International,08/15/2025,N
84125,Bank Of Marin Bancorp Com,,BMRC,063425102,,Equities,Small Cap,11/23/2024,N
1304342,Bank Of N T Butterfield & Son Shs New,,NTB,G0772R208,,Equities,International,09/17/2024,N
10922,Bank Ozk Little Rock Ark Com,,OZK,06417N103,,Equities,Small Cap,09/17/2024,N
2267935,Bank7 Corp Com,,BSVN,06652N107,,Equities,Small Cap,01/24/2025,N
4932,Bankfinancial Corp Com,,BFIN,06643P104,,Equities,Small Cap,07/12/2025,N
284390,Bankunited Inc Com,,BKU,06652K103,,Equities,Small Cap,09/17/2024,N
768562,Bankwell Finl Group Inc Com,,BWFG,06654A103,,Equities,Small Cap,01/28/2025,N
96606,Banner Corp Com New,,BANR,06652V208,,Equities,Small Cap,11/23/2024,N
105172,Bar Hbr Bankshares Com,,BHB,066849100,,Equities,Small Cap,01/24/2025,N
382122,Barclays Bank Plc Ipth Pure Brd,,BCM,06740P114,,Alternative Assets,Commodities,12/02/2021,N
4895,Barclays Plc Adr,,BCS,06738E204,,Equities,International,08/15/2025,N
3880497,Bark Inc Com,,BARK,68622E104,,Equities,Small Cap,03/12/2025,N
6735449,Bark Inc Com New,,BNVVLD2,68622E203,,To Be Classified,To Be Classified,04/02/2026,N
947452,Barnes & Noble Ed Inc Com New,,BNED,06777U200,,Equities,Small Cap,07/30/2025,N
1803,Barnes Group Inc Com,,,067806109,,Equities,Small Cap,09/17/2024,N
24918,Barrett Business Svcs Inc Com,,BBSI,068463108,,Equities,Small Cap,01/24/2025,N
861,Barrick Mng Corp Com Shs,,B,06849F108,,Equities,International,08/15/2025,N
13728,Bassett Furniture Inds Inc Com,,BSET,070203104,,Equities,Small Cap,07/19/2025,N
555988,Bath & Body Works Inc Com,,BBWI,070830104,,Equities,Mid Cap,06/28/2022,N
160,Baxter Intl Inc Com,,BAX,071813109,,Equities,Large Cap,06/01/2022,N
165713,Baycom Corp Com,,BCML,07272M107,,Equities,Small Cap,09/17/2024,N
331957,Bcb Bancorp Inc Com,,BCBP,055298103,,Equities,Small Cap,09/17/2024,N
68838,Beacon Financial Corp. Com,,BBT,084680107,,Equities,Small Cap,11/23/2024,N
6663,Beacon Roofing Supply Inc Com,,BECN,073685109,,Equities,Small Cap,11/23/2024,N
3038861,Beam Therapeutics Inc Com,,BEAM,07373V105,,Equities,Small Cap,09/17/2024,N
494710,Beazer Homes Usa Inc Com New,,BZH,07556Q881,,Equities,Small Cap,09/17/2024,N
210740,Becker Equity Fund Retail,,BVEFX,74316J516,,Equities,Large Cap,04/26/2022,N
1750,Becton Dickinson & Co Com,,BDX,075887109,,Equities,Large Cap,06/28/2022,N
83970,Bed Bath & Beyond Inc Com,,BBBY,690370101,,Equities,Small Cap,09/17/2024,N
7524523,Bed Bath & Beyond Inc Wt Exp 100726,,BBBY WS,075896159,,Equities,Small Cap,10/08/2025,N
21570,Bel Fuse Inc Cl A,,BELFA,077347201,,Equities,Small Cap,05/29/2025,N
105527,Bel Fuse Inc Cl B,,BELFB,077347300,,Equities,Small Cap,09/17/2024,N
13633,Belden Inc Com,,BDC,077454106,,Equities,Small Cap,09/17/2024,N
4393935,Bellring Brands Inc Common Stock,,BRBR,07831C103,,Equities,Mid Cap,11/15/2023,N
1823,Benchmark Electrs Inc Com,,BHE,08160H101,,Equities,Small Cap,09/17/2024,N
773574,Benitec Biopharma Inc Com New,,BNTC,08205P209,,Equities,Small Cap,07/08/2025,N
3402083,Bentley Sys Inc Com Cl B,,BSY,08265T208,,Equities,Mid Cap,05/07/2024,N
85563,Berkley W R Corp Com,,WRB,084423102,,Equities,Mid Cap,06/28/2022,N
2352932,Berkshire Hathaway Fin Corp 4.25% 01/15/2049,,,084664CR0,,Debt,Corporate Bonds,10/04/2025,N
186942,Berkshire Hathaway Inc Del Cl B New,,BRK.B,084670702,US0846707026,Equities,Large Cap,06/28/2022,N
1491258,Berry Corp Com,,BRY,08579X101,,Equities,Small Cap,11/23/2024,N
477742,Berry Global Group Inc Com,,BERY,08579W103,,Equities,Small Cap,09/17/2024,N
1422192,Berryessa Calif Un Sch Dist 3.5% 08/01/2038,,,085797UP1,,Debt,Municipal Bonds,12/17/2022,N
717,Best Buy Inc Com,,BBY,086516101,,Equities,Mid Cap,06/28/2022,N
6772171,Beta Bionics Inc Com,,BBNX,08659B102,,Equities,Small Cap,04/26/2025,N
7655080,Beta Technologies Inc Com Shs Cl A,,BETA,086921103,,To Be Classified,To Be Classified,04/03/2026,N
4435962,Better Home & Finance Holding Com Cl A,,,G0698L103,,Equities,Emerging Markets,09/01/2023,N
6377624,Better Home & Finance Holding Com New Cl A,,BETR,08774B508,,Equities,Small Cap,07/19/2025,N
2557311,Beyond Meat Inc Com,,BYND,08862E109,,Equities,Mid Cap,06/02/2022,N
105824,Bgc Group Inc Cl A,,BGC,088929104,,Equities,Small Cap,11/23/2024,N
1728,Bhp Billiton Limited Sponsored Ads,,BHP,088606108,,Equities,International,08/15/2025,N
6432584,Bicara Therapeutics Inc Com,,BCAX,055477103,,Equities,Small Cap,01/24/2025,N
3797217,Bigbear Ai Hldgs Inc Com,,BBAI,08975B109,,Equities,Small Cap,03/12/2025,N
2013077,Biglari Hldgs Inc Com Stk Cl B,,BH,08986R309,,Equities,Small Cap,04/30/2025,N
1965624,Bilibili Inc Spons Ads Rep Z,,BILI,090040106,,Equities,International,06/18/2024,N
2958821,Bill Holdings Inc Com,,BILL,090043100,,Equities,Mid Cap,06/28/2022,N
9303,Bio Rad Labs Inc Cl A,,BIO,090572207,,Equities,Small Cap,09/17/2024,N
411208,Bio-Path Hldgs Inc Com New,,BPTH,09057N409,,Equities,Small Cap,12/02/2023,N
9521,Bio-Techne Corp Com,,TECH,09073M104,,Equities,Mid Cap,09/17/2024,N
6455366,Bioage Labs Inc Com,,BIOA,09077V100,,Equities,Small Cap,01/24/2025,N
2211,Biocryst Pharmaceuticals Inc Com,,BCRX,09058V103,,Equities,Small Cap,09/17/2024,N
1189,Biogen Inc Com,,BIIB,09062X103,,Equities,Large Cap,12/27/2023,N
4783826,Biohaven Ltd Com,,BHVN,G1110E107,,Equities,International,11/05/2024,N
91664,Biolife Solutions Inc Com New,,BLFS,09062W204,,Equities,Small Cap,09/17/2024,N
34411,Biomarin Pharmaceutical Inc Com,,BMRN,09061G101,,Equities,Mid Cap,02/13/2024,N
220262,Biomea Fusion Inc Com,,BMEA,09077A106,,Equities,Small Cap,10/11/2024,N
3825123,Biote Corp Class A Com,,BTMD,090683103,,Equities,Small Cap,04/26/2025,N
3704911,Bioventus Inc Com Cl A,,BVS,09075A108,,Equities,Small Cap,09/17/2024,N
5775249,Birkenstock Holding Plc Com Shs,,BIRK,M2029K104,,Equities,Small Cap,09/24/2024,N
1945769,Bit Digital Inc Shs,,BTBT,G1144A105,,Equities,International,12/24/2024,N
4003361,Bitdeer Technologies Group Cl A Ord Shs,,BTDR,G11448100,,Equities,International,11/15/2025,N
79365,Bjs Restaurants Inc Com,,BJRI,09180C106,,Equities,Small Cap,11/27/2024,N
2096888,Bjs Whsl Club Hldgs Inc Com,,BJ,05550J101,,Equities,Mid Cap,09/17/2024,N
10830,Bk Technologies Corporation Com,,BKTI,05587G203,,Equities,Small Cap,07/09/2025,N
6455095,Bkv Corp Com,,BKV,05603J108,,Equities,Small Cap,03/08/2025,N
3025535,Black Diamond Therapeutics Inc Com,,BDTX,09203E105,,Equities,Small Cap,09/17/2024,N
4516,Black Hills Corp Com,,BKH,092113109,,Equities,Small Cap,09/24/2024,N
1736813,Black Knight Inc Com,,BKI,09215C105,,Equities,Mid Cap,06/28/2022,N
7453703,Black Rock Coffee Bar Inc Cl A,,BRCB,092244102,,Equities,Small Cap,01/31/2026,N
148544,Black Stone Minerals L P Com Unit,,BSM,09225M101,,Equities,Mid Cap,06/17/2023,N
12382,Blackbaud Inc Com,,BLKB,09227Q100,,Equities,Small Cap,09/24/2024,N
90013,Blackberry Ltd Com,,BB,09228F103,,Equities,International,12/02/2023,N
13588,Blackline Inc Com,,BL,09239B109,,Equities,Small Cap,09/17/2024,N
412022,Blackrock Commodity Strategies Instl,,BICSX,091936666,,Alternative Assets,Commodities,05/05/2022,N
69603,Blackrock Corpor Hi Yld Fd Inc Com,,HYT,09255P107,,Debt,Corporate Bonds,12/23/2025,N
38708,Blackrock Enhanced Equity Divi Com,,BDJ,09251A104,,Equities,Large Cap,12/23/2025,N
76941,Blackrock Equity Dividend Instl,,MADVX,09251M504,,Equities,Large Cap,03/05/2025,N
27190,Blackrock Global Allocation Inv A,,MDLOX,09251T103,DST_SR3039000,Equities,All Cap,11/30/2023,N
43668,Blackrock Health Sciences Opps Instl,,SHSSX,091937540,,Equities,Large Cap,11/11/2021,N
9513,Blackrock Inc Com,,BLK,09290D101,,Equities,Large Cap,06/01/2022,N
1703314,Blackrock Mid-Cap Growth Equity K,,BMGKX,09258N604,,Equities,Mid Cap,07/07/2022,N
540869,Blackrock Multi Sector Inc Tr Com,,BIT,09258A107,,Debt,Corporate Bonds,12/23/2025,N
7333220,Blackrock Multi Sector Inc Tr Rt Exp 090925,,BIT RT,09258A115,,Equities,Mid Cap,12/23/2025,N
223569,Blackrock Strategic Income Opps Instl,,BSIIX,09260B382,,Debt,Corporate Bonds,02/28/2026,N
101620,Blackrock Technology Opportunities Instl,,BGSIX,091929612,,Equities,Large Cap,01/20/2023,N
50785,Blackrock Total Return Instl,,MAHQX,09252M883,,Debt,Corporate Bonds,09/03/2022,N
4050823,Blacksky Technology Inc Cl A New,,BKSY,09263B207,,Equities,Small Cap,09/17/2024,N
54902,Blackstone Inc Com,,BX,09260D107,,Equities,Large Cap,06/28/2022,N
571618,Blackstone Mortgage Trust Inc Com Cl A,,BXMT,09257W100,,Equities,Small Cap,05/29/2025,N
3823575,Blackstone Private Credit Fund Shs Cl I,,BPCF,09261H305,,Debt,Corporate Bonds,02/28/2026,N
4139183,Blackstone Secd Lending Fd Common Stock,,BXSL,09261X102,,Equities,Small Cap,03/05/2025,N
226466,Blackstone Seni Fltn Rat 2027 Com,,BSL,09256U105,,Debt,Corporate Bonds,12/23/2025,N
6733398,Blaize Hldgs Inc Com,,BZAI,092915107,,Equities,Small Cap,11/05/2025,N
3952040,Blend Labs Inc Cl A,,BLND,09352U108,,Equities,Small Cap,09/17/2024,N
1303637,Blink Charging Co Com,,BLNK,09354A100,,Equities,Small Cap,01/24/2025,N
1772,Block H & R Inc Com,,HRB,093671105,,Equities,Small Cap,09/17/2024,N
1033594,Block Inc Cl A,,XYZ,852234103,,Equities,Large Cap,07/02/2022,N
2136532,Bloom Energy Corp Com Cl A,,BE,093712107,,Equities,Small Cap,10/11/2024,N
457860,Bloomin Brands Inc Com,,BLMN,094235108,,Equities,Small Cap,09/17/2024,N
870156,Blue Bird Corp Com,,BLBD,095306106,,Equities,Small Cap,09/17/2024,N
3951588,Blue Foundry Bancorp Com,,BLFY,09549B104,,Equities,Small Cap,01/24/2025,N
2738829,Blue Owl Capital Corporation Com,,OBDC,69121K104,,Equities,Small Cap,10/21/2025,N
3861799,Blue Owl Capital Inc Com Cl A,,OWL,09581B103,,Equities,Mid Cap,02/13/2024,N
1471604,Blue Ridge Bankshares Inc Va Com,,BRBS,095825105,,Equities,Small Cap,07/12/2025,N
923219,Blue Sphere Corp Com Par,,BLSP,09605C301,,Equities,Small Cap,12/02/2023,N
2703171,Bluebay Destra Intl Event-Driven Crdt I,,CEDIX,25065R109,,Debt,Diversified Debt Fund,01/18/2025,N
13813,Bluebird Bio Inc Com New,,BLUE,09609G209,,Equities,Small Cap,09/17/2024,N
2153,Bluelinx Hldgs Inc Com New,,BXC,09624H208,,Equities,Small Cap,12/24/2024,N
903542,Blueprint Medicines Corp Com,,BPMC,09627Y109,,Equities,Small Cap,09/17/2024,N
7213973,Blueprint Medicines Corporation Npv,,,096CVR048,,Equities,Small Cap,07/23/2025,N
49857,Bny Mellon International Stock Index Inv,,DIISX,09661L500,,Equities,International,11/15/2023,N
2671364,Bny Mellon Sm/Md Cp Gr Z,,DBMZX,05588D829,,Equities,Mid Cap,11/15/2023,N
2210,Boeing Co Com,,BA,097023105,,Equities,Large Cap,06/28/2022,N
8176,Boise Cascade Co Del Com,,BCC,09739D100,,Equities,Small Cap,09/17/2024,N
35853,Bok Finl Corp Com New,,BOKF,05561Q201,,Equities,Small Cap,09/17/2024,N
237113,Bollore Shs New,,BOIVF,F10659260,,Equities,International,06/17/2023,N
1767971,Bolsa Mexicana De Valores S A Shs A,,,P17330104,,Equities,Emerging Markets,06/24/2023,N
985745,Booking Holdings Inc Com,,BKNG,09857L108,,Equities,Large Cap,09/21/2022,N
225934,Boot Barn Hldgs Inc Com,,BOOT,099406100,,Equities,Small Cap,09/17/2024,N
265603,Booz Allen Hamilton Hldg Corp Cl A,,BAH,099502106,,Equities,Mid Cap,12/27/2023,N
8177,Borgwarner Inc Com,,BWA,099724106,,Equities,Small Cap,09/17/2024,N
2130226,Borr Drilling Ltd Shs,,BORR,G1466R173,,Equities,International,12/24/2024,N
12009,Boston Beer Inc Cl A,,SAM,100557107,,Equities,Small Cap,09/17/2024,N
1613753,Boston Omaha Corp Cl A Com Stk,,BOC,101044105,,Equities,Small Cap,11/05/2024,N
1150,Boston Scientific Corp Com,,BSX,101137107,,Equities,Large Cap,01/20/2023,N
6085768,Boundless Bio Inc Com,,BOLD,10170A100,,Equities,Small Cap,03/22/2025,N
6194359,Bowhead Specialty Hldgs Inc Com Shs,,BOW,10240L102,,Equities,Small Cap,12/24/2024,N
3842837,Bowman Consulting Group Ltd Com,,BWMN,103002101,,Equities,Small Cap,12/27/2024,N
854843,Box Inc Cl A,,BOX,10316T104,,Equities,Small Cap,11/05/2024,N
1202,Boyd Gaming Corp Com,,BYD,103304101,,Equities,Small Cap,09/17/2024,N
159,Bp Plc Sponsored Adr,,BP,055622104,,Equities,International,09/11/2025,N
5507,Brady Corp Cl A,,BRC,104674106,,Equities,Small Cap,09/17/2024,N
649128,Braemar Hotels & Resorts Inc Com,,BHR,10482B101,,Equities,Small Cap,09/17/2025,N
4958,Brandywine Rlty Tr Sh Ben Int New,,BDN,105368203,,Equities,Small Cap,05/29/2025,N
4182652,Braze Inc Com Cl A,,BRZE,10576N102,,Equities,Small Cap,11/23/2024,N
3816744,Brc Inc Com Cl A,,SBEA,82836L101,,Equities,Small Cap,12/16/2021,N
4349526,Brc Inc Com Cl A,,BRCC,05601U105,,Equities,Small Cap,12/02/2023,N
6673,Bread Financial Holdings Inc Com,,BFH,018581108,,Equities,Small Cap,09/17/2024,N
2715053,Bridgebio Pharma Inc Com,,BBIO,10806X102,,Equities,Small Cap,09/17/2024,N
3758826,Bridger Aerospace Grp Hldgs In Com,,BAER,96812F102,,Equities,Small Cap,01/24/2025,N
1936317,Bridgewater Bancshares Inc Com,,BWB,108621103,,Equities,Small Cap,01/24/2025,N
564111,Bright Horizons Fam Sol In Del Com,,BFAM,109194100,,Equities,Small Cap,09/17/2024,N
3766857,Bright Minds Biosciences Inc Com New,,DRUG,10919W405,,Equities,International,03/04/2026,N
1648504,Brighthouse Finl Inc Com,,BHF,10922N103,,Equities,Small Cap,09/24/2024,N
1892148,Brightspire Capital Inc Com Cl A,,BRSP,10949T109,,Alternative Assets,REITs,04/29/2025,N
5978914,Brightspring Health Svcs Inc Com,,BTSG,10950A106,,Equities,Small Cap,11/23/2024,N
729,Brightstar Lottery Plc Shs Usd,,BRSL,G4863A108,,Equities,International,09/17/2024,N
2096907,Brightview Hldgs Inc Com,,BV,10948C107,,Equities,Small Cap,11/23/2024,N
3881,Brinker Intl Inc Com,,EAT,109641100,,Equities,Small Cap,11/23/2024,N
4931,Brinks Co Com,,BCO,109696104,,Equities,Small Cap,09/24/2024,N
855,Bristol-Myers Squibb Co Com,,BMY,110122108,,Equities,Large Cap,06/28/2022,N
530715,Bristow Group Inc Com,,VTOL,11040G103,,Equities,Small Cap,11/23/2024,N
1761,British Amern Tob Plc Sponsored Adr,,BTI,110448107,,Equities,International,08/15/2025,N
641071,Brixmor Ppty Group Inc Com,,BRX,11120U105,,Alternative Assets,REITs,10/19/2024,N
47538,Broadcom Inc Com,,AVGO,11135F101,,Equities,International,12/27/2023,N
5247589,Broadmedia Corp Shs,,,J0813R107,JP3268830001,Unclassified,Unclassified,04/21/2023,N
1752,Broadridge Finl Solutions Inc Com,,BR,11133T103,,Equities,Mid Cap,06/28/2022,N
3386696,Broadstone Net Lease Inc Com,,BNL,11135E203,,Alternative Assets,REITs,05/17/2025,N
32431,Brookdale Sr Living Inc Com,,BKD,112463104,,Equities,Small Cap,11/05/2024,N
4947893,Brookfield Asset Managmt Ltd Cl A Lmt Vtg Shs,,BAM,113004105,,Equities,Mid Cap,08/15/2025,N
4402916,Brookfield Business Corp Cl A Sub Vtg Sh,,BBUC,113006100,,Equities,International,09/17/2024,N
2437,Brookfield Corp Cl A Ltd Vt Sh,,BN,11271J107,,Equities,International,08/15/2025,N
3115693,Brookfield Infrastructure Corp Com Sub Vtg A,,BIPC,11276H106,,Equities,International,09/17/2024,N
3307823,Brookfield Renewable Corp Cl A Ex Sub Vtg,,BEPC,11285B108,,Equities,International,09/17/2024,N
9306,Brookline Bancorp Inc Del Com,,BRKL,11373M107,,Equities,Small Cap,09/17/2024,N
2137,Brown & Brown Inc Com,,BRO,115236101,,Equities,Mid Cap,05/07/2024,N
258977,Brown Forman Corp Cl A,,BF.A,115637100,,Equities,Large Cap,06/28/2022,N
33329,Brown Forman Corp Cl B,,BF.B,115637209,,Equities,Large Cap,06/28/2022,N
2152,Brt Apartments Corp Com,,BRT,055645303,,Equities,Small Cap,05/23/2025,N
34581,Bruker Corp Com,,BRKR,116794108,,Equities,Small Cap,09/17/2024,N
6851,Brunswick Corp Com,,BC,117043109,,Equities,Small Cap,09/17/2024,N
5117658,Btq Technologies Corp Com,,BTQ,055869101,,Equities,Mid Cap,08/15/2025,N
83315,Buckle Inc Com,,BKE,118440106,,Equities,Small Cap,10/04/2021,N
1875,Build-A-Bear Workshop Inc Com,,BBW,120076104,,Equities,Small Cap,09/17/2024,N
47201,Builders Firstsource Inc Com,,BLDR,12008R107,,Equities,Small Cap,03/01/2024,N
7317996,Bullish Ord Shs,,BLSH,G16910120,,Equities,Small Cap,01/10/2026,N
655377,Bumble Inc Com Cl A,,BMBL,12047B105,,Equities,Small Cap,09/17/2024,N
6567,Bunge Global Sa Com Shs,,BG,H11356104,,Equities,International,12/27/2023,N
6057936,Bunka Shutter Co Npv,,,,JP3831600006,Unclassified,Unclassified,03/12/2024,N
3447173,Burford Cap Ltd Ord Shs,,BUR,G17977110,,Equities,International,09/17/2024,N
579134,Burke Herbert Finl Svcs Corp Com,,BHRB,12135Y108,,Equities,Small Cap,11/23/2024,N
613188,Burlington Northn Santa Fe Cp 5.15% 09/01/2043,,,12189LAP6,,Debt,Corporate Bonds,10/04/2025,N
630099,Burlington Stores Inc Com,,BURL,122017106,,Equities,Mid Cap,06/28/2022,N
2018966,Business First Bancshares Inc Com,,BFST,12326C105,,Equities,Small Cap,01/24/2025,N
3300386,Butterfly Network Inc Com Cl A,,BFLY,124155102,,Equities,Small Cap,11/27/2025,N
7096435,Bv Finl Inc Com New,,BVFL,05603E208,,Equities,Small Cap,07/23/2025,N
235226,Bwx Technologies Inc Com,,BWXT,05605H100,,Equities,Small Cap,09/24/2024,N
2333,Bxp Inc Com,,BXP,101121101,,Equities,Large Cap,06/28/2022,N
1627008,Byline Bancorp Inc Com,,BY,124411109,,Equities,Small Cap,11/23/2024,N
3234512,Byrna Technologies Inc Com New,,BYRN,12448X201,,Equities,Small Cap,11/27/2024,N
336468,C & F Finl Corp Com,,CFFI,12466Q104,,Equities,Small Cap,08/09/2025,N
8181,C H Robinson Worldwide In Com New,,CHRW,12541W209,,Equities,Mid Cap,06/28/2022,N
3573630,C3 Ai Inc Cl A,,AI,12468P104,,Equities,Small Cap,11/23/2024,N
3417326,C4 Therapeutics Inc Com Stk,,CCCC,12529R107,,Equities,Small Cap,02/15/2025,N
2871110,Cabaletta Bio Inc Com,,CABA,12674W109,,Equities,Small Cap,03/08/2025,N
924405,Cable One Inc Com,,CABO,12685J105,,Equities,Small Cap,09/17/2024,N
11207,Cabot Corp Com,,CBT,127055101,,Equities,Small Cap,09/17/2024,N
145279,Caci Intl Inc Cl A,,CACI,127190304,,Equities,Mid Cap,09/17/2024,N
1899592,Cactus Inc Cl A,,WHD,127203107,,Equities,Small Cap,09/17/2024,N
5250,Cadence Bank Com,,CADE,12740C103,,Equities,Small Cap,09/24/2024,N
871617,Cadence Design System Inc Com,,CDNS,127387108,,Equities,Mid Cap,06/28/2022,N
35089,Cadiz Inc Com New,,CDZI,127537207,,Equities,Small Cap,01/04/2025,N
4153158,Cadre Hldgs Inc Com,,CDRE,12763L105,,Equities,Small Cap,11/23/2024,N
3291781,Caesars Entertainment Inc New Com,,CZR,12769G100,,Equities,Mid Cap,06/28/2022,N
414806,Caesarstone Ltd Ord Shs,,CSTE,M20598104,,Equities,International,04/26/2025,N
8182,Cal Maine Foods Inc Com New,,CALM,128030202,,Equities,Small Cap,09/17/2024,N
75133,Calavo Growers Inc Com,,CVGW,128246105,,Equities,Small Cap,11/23/2024,N
562495,Caledonia Mng Corp Shs New,,CMCL,G1757E113,,Equities,International,12/24/2024,N
916018,Caleres Inc Com,,CAL,129500104,,Equities,Small Cap,10/04/2021,N
1055040,California Bancorp Com,,BCAL,84252A106,,Equities,Small Cap,12/24/2024,N
2710569,California Hsg Fin Agy Rev 3.6% 08/01/2041,,,13034PXB8,,Debt,Municipal Bonds,12/17/2022,N
7841834,California Mun Fin Auth Spl Ta 5% 09/01/2047,,,13051AFA1,,Debt,Municipal Bonds,12/24/2025,N
3487413,California Res Corp Com Stock,,CRC,13057Q305,,Equities,Small Cap,11/23/2024,N
1283158,California St 3% 09/01/2046,,,13063CU65,,Debt,Municipal Bonds,12/17/2022,N
2077398,California St 3.5% 08/01/2033,,,13063CVA5,,Debt,Municipal Bonds,01/21/2023,N
1140760,California St 3.5% 08/01/2035,,,13063CTB6,,Debt,Municipal Bonds,01/21/2023,N
4964581,California St 4% 09/01/2042,,,13063DU97,,Debt,Municipal Bonds,12/17/2022,N
50237,California Wtr Svc Group Com,,CWT,130788102,,Equities,Small Cap,11/05/2024,N
199446,Calix Inc Com,,CALX,13100M509,,Equities,Small Cap,09/17/2024,N
3745739,Call (Qqq) Invesco Qqq Tr 01/21/2022 @ $380,,,,QQQ   220121C00380000,Equities,Large Cap,12/04/2021,N
3560503,Call (Save) Spirit Airlines Inc 03/19/2021 @ $35,,,,SAVE  210319C00035000,Unclassified,Unclassified,10/04/2021,N
3727532,Call (Save) Spirit Airlines Inc 04/16/2021 @ $45,,,,SAVE  210416C00045000,Unclassified,Unclassified,10/04/2021,N
8183,Callaway Golf Co Com,,CALY,131193104,,Equities,Small Cap,09/17/2024,N
53376,Calumet Inc Com,,CLMT,131428104,,Equities,Small Cap,07/08/2025,N
2751015,Cambria Cannabis Etf,,TOKE,132061821,,Equities,International,01/14/2025,N
1275833,Cambria Emerging Shareholder Yield Etf,,EYLD,132061706,,Equities,Emerging Markets,01/14/2025,N
654346,Cambria Foreign Shareholder Yield Etf,,FYLD,132061300,,Equities,International,01/14/2025,N
102108,Camden Natl Corp Com,,CAC,133034108,,Equities,Small Cap,01/24/2025,N
1040,Camden Ppty Tr Sh Ben Int,,CPT,133131102,,Equities,Mid Cap,06/28/2022,N
6486996,Camp4 Therapeutics Corp Com,,CAMP,13463J101,,Equities,Small Cap,03/08/2025,N
1325151,Camping World Hldgs Inc Cl A,,CWH,13462K109,,Equities,Small Cap,09/17/2024,N
1511556,Canada Goose Hldgs Inc Shs Sub Vtg,,GOOS,135086106,,Equities,International,03/21/2023,N
3446456,Canadian Imperial Bank Of Comm 0.95% 10/23/2025,,,13607GRR7,,Debt,International Bonds,10/04/2025,N
2029,Canadian Nat Res Ltd Med Term Com,,CNQ,136385101,,Equities,International,08/15/2025,N
7464,Canadian Natl Ry Co Com,,CNI,136375102,,Equities,International,08/15/2025,N
3974123,Candel Therapeutics Inc Com,,CADL,137404109,,Equities,Small Cap,03/08/2025,N
1795692,Cannae Hldgs Inc Com,,CNNE,13765N107,,Equities,Small Cap,09/17/2024,N
789510,Canopy Growth Corporation Com New,,CGC,138035704,,Equities,International,04/26/2022,N
71600,Cantaloupe Inc Com,,CTLP,138103106,,Equities,Small Cap,09/17/2024,N
2734192,Capital Bancorp Inc Md Com,,CBNK,139737100,,Equities,Small Cap,09/17/2024,N
5508,Capital City Bank Com,,CCBG,139674105,,Equities,Small Cap,11/23/2024,N
7658960,Capital Group New World Trust (Us) Class U2,,,,F_01524080,Equities,Small Cap,11/10/2025,N
3167901,Capital One Finl Corp 3.65% 05/11/2027,,,14040HCE3,,Debt,Corporate Bonds,10/04/2025,N
5895,Capital One Finl Corp Com,,COF,14040H105,,Equities,Large Cap,10/04/2021,N
25654,Capital Southwest Corp Com,,CSWC,140501107,,Equities,Small Cap,12/23/2025,N
12756,Capitol Fed Finl Inc Com,,CFFN,14057J101,,Equities,Small Cap,09/17/2024,N
4388582,Capri Holdings Limited Cll Opt 03/22 47.5 Cal,,,,CPRI  220318C00047500,Equities,International,03/08/2022,N
383782,Capri Holdings Limited Shs,,CPRI,G1890L107,,Equities,International,09/09/2021,N
330442,Capricor Therapeutics Inc Com New,,CAPR,14070B309,,Equities,Small Cap,01/28/2025,N
3171363,Cardiff Oncology Inc Com,,CRDF,14147L108,,Equities,Small Cap,12/24/2024,N
941,Cardinal Health Inc Com,,CAH,14149Y108,,Equities,Mid Cap,06/28/2022,N
1900646,Cardlytics Inc Com,,CDLX,14161W105,,Equities,Small Cap,09/17/2024,N
1073200,Caredx Inc Com,,CDNA,14167L103,,Equities,Small Cap,09/17/2024,N
742553,Caretrust Reit Inc Com,,CTRE,14174T107,,Alternative Assets,REITs,05/23/2025,N
7334481,Cargo Therapeutics Inc,,,141CVR01,,Equities,Mid Cap,08/22/2025,N
5849355,Cargo Therapeutics Inc Com,,CRGX,14179K101,,Equities,Small Cap,11/27/2024,N
1748444,Cargurus Inc Com Cl A,,CARG,141788109,,Equities,Small Cap,09/17/2024,N
3969147,Caribou Biosciences Inc Com,,CRBU,142038108,,Equities,Small Cap,11/05/2024,N
7133189,Caris Life Sciences Inc Com,,CAI,142152107,,Equities,Small Cap,10/18/2025,N
2441,Carlisle Cos Inc Com,,CSL,142339100,,Equities,Mid Cap,02/13/2024,N
7225047,Carlsmed Inc Com,,CARL,14280C105,,Equities,Small Cap,10/04/2025,N
456783,Carlyle Group Inc Com,,CG,14316J108,,Equities,Mid Cap,04/17/2023,N
6667,Carmax Inc Com,,KMX,143130102,,Equities,Mid Cap,06/28/2022,N
1190,Carnival Corp Common Stock,,CCL,143658300,,Equities,Emerging Markets,12/24/2021,N
8188,Carpenter Technology Corp Com,,CRS,144285103,,Equities,Small Cap,09/17/2024,N
21578,Carriage Svcs Inc Com,,CSV,143905107,,Equities,Small Cap,09/17/2024,N
3114494,Carrier Global Corporation Com,,CARR,14448C104,,Equities,Large Cap,06/28/2022,N
1824,Cars Com Inc Com,,CARS,14575E105,,Equities,Small Cap,09/17/2024,N
578593,Carter Bankshares Inc Com New,,CARE,146103106,,Equities,Small Cap,01/24/2025,N
1871,Carters Inc Com,,CRI,146229109,,Equities,Small Cap,09/17/2024,N
1217409,Cartesian Therapeutics Inc Com New,,RNAC,816212302,,Equities,Small Cap,03/08/2025,N
1563884,Carvana Co Cl A,,CVNA,146869102,,Equities,Mid Cap,06/28/2022,N
54617,Casella Waste Sys Inc Cl A,,CWST,147448104,,Equities,Small Cap,11/27/2024,N
5251,Caseys Gen Stores Inc Com,,CASY,147528103,,Equities,Mid Cap,09/17/2024,N
4,Cash,,CASH,CASH,,Cash & Equivalents,Cash,09/09/2021,N
30260,Cash And Margin  Interest,,,BDCASHIN,,Cash & Equivalents,Cash,09/09/2021,N
126321,Cass Information Sys Inc Com,,CASS,14808P109,,Equities,Small Cap,11/23/2024,N
2748512,Castle Biosciences Inc Com,,CSTL,14843C105,,Equities,Small Cap,09/17/2024,N
770223,Catalent Inc Com,,CTLT,148806102,,Equities,Mid Cap,06/28/2022,N
299790,Catalyst Pharmaceuticals Inc Com,,CPRX,14888U101,,Equities,Small Cap,09/17/2024,N
715,Caterpillar Inc Com,,CAT,149123101,,Equities,Large Cap,12/27/2023,N
34531,Cathay Gen Bancorp Com,,CATY,149150104,,Equities,Small Cap,12/24/2024,N
5339192,Cava Group Inc Com,,CAVA,148929102,,Equities,Large Cap,09/17/2024,N
44322,Cavco Inds Inc Del Com,,CVCO,149568107,,Equities,Small Cap,09/17/2024,N
135206,Cb Finl Svcs Inc Com,,CBFV,12479G101,,Equities,Small Cap,07/12/2025,N
32927,Cbiz Inc Com,,CBZ,124805102,,Equities,Small Cap,09/17/2024,N
4144679,Cbl & Assoc Pptys Inc Common Stock,,CBL,124830878,,Alternative Assets,REITs,04/02/2025,N
220029,Cboe Global Mkts Inc Com,,CBOE,12503M108,,Equities,Mid Cap,06/28/2022,N
9515,Cbre Group Inc Cl A,,CBRE,12504L109,,Equities,Mid Cap,06/28/2022,N
3982947,Ccc Intelligent Solutions Hld Com,,CCC,12510Q100,,Equities,Small Cap,10/11/2024,N
4094628,Cdev  210521C00006000,,,,CDEV  210521C00006000,Unclassified,Unclassified,10/04/2021,N
3202590,Cdt Equity Inc Com New,,CDT,20678X304,,Equities,Small Cap,03/13/2025,N
597390,Cdw Corp Com,,CDW,12514G108,,Equities,Mid Cap,07/02/2022,N
104009,Ceco Environmental Corp Com,,CECO,125141101,,Equities,Small Cap,09/17/2024,N
53,Celanese Corp Del Com,,CE,150870103,,Equities,Mid Cap,02/13/2024,N
1716130,Celcuity Inc Com,,CELC,15102K100,,Equities,Small Cap,12/24/2024,N
110241,Celldex Therapeutics Inc New Com New,,CLDX,15117B202,,Equities,Small Cap,11/23/2024,N
183761,Celsius Hldgs Inc Com New,,CELH,15118V207,,Equities,Mid Cap,05/07/2024,N
4944880,Celtic Bk Salt Lake City Utah 5.35% 2038,,,15118RZV2,,Debt,Corporate Bonds,12/09/2022,N
4900,Cemex Sa Euro Mtn Be 144A Spon Adr New,,CX,151290889,,Equities,Emerging Markets,01/29/2022,N
1749,Cencora Inc Com,,COR,03073E105,,Equities,Mid Cap,06/28/2022,N
181416,Cenovus Energy Inc Com,,CVE,15135U109,,Equities,International,08/15/2025,N
1853,Centene Corp Del Com,,CNC,15135B101,,Equities,Mid Cap,12/27/2023,N
2440,Centerpoint Energy Inc Com,,CNP,15189T107,,Equities,Mid Cap,06/28/2022,N
93776,Centerspace Com,,CSR,15202L107,,Alternative Assets,REITs,05/17/2025,N
34575,Central Garden & Pet Co Cl A Non-Vtg,,CENTA,153527205,,Equities,Small Cap,02/15/2025,N
13637,Central Garden & Pet Co Com,,CENT,153527106,,Equities,Small Cap,01/24/2025,N
51067,Central Pac Finl Corp Com New,,CPF,154760409,,Equities,Small Cap,01/24/2025,N
598517,Centrus Energy Corp Cl A,,LEU,15643U104,,Equities,Small Cap,09/17/2024,N
6126716,Centuri Holdings Inc Com Shs,,CTRI,155923105,,Equities,Small Cap,12/24/2024,N
8195,Century Alum Co Com,,CENX,156431108,,Equities,Small Cap,09/17/2024,N
810745,Century Communities Inc Com,,CCS,156504300,,Equities,Small Cap,11/23/2024,N
3907464,Century Therapeutics Inc Com,,IPSC,15673T100,,Equities,Small Cap,02/20/2025,N
2833494,Cerence Inc Com,,CRNC,156727109,,Equities,Small Cap,06/18/2024,N
6486160,Ceribell Inc Com,,CBLL,15678C102,,Equities,Small Cap,03/08/2025,N
3590823,Certara Inc Com,,CERT,15687V109,,Equities,Small Cap,09/17/2024,N
201194,Cerus Corp Com,,CERS,157085101,,Equities,Small Cap,11/23/2024,N
5669226,Cervomed Inc Com,,CRVO,15713L109,,Equities,Small Cap,01/24/2025,N
84751,Ceva Inc Com,,CEVA,157210105,,Equities,Small Cap,06/18/2024,N
471561,Cf Bankshares Inc Com,,CFBK,12520L109,,Equities,Small Cap,07/12/2025,N
49558,Cf Industries Hold Com,,CF,125269100,,Equities,Mid Cap,06/28/2022,N
5976913,Cg Oncology Inc Com,,CGON,156944100,,Equities,Small Cap,01/24/2025,N
2446,Cgi Inc Cl A Sub Vtg,,GIB,12532H104,,Equities,International,08/15/2025,N
2650513,Chain Bridge Bancorp Inc Cl A,,CBNA,15746L100,,Equities,Small Cap,07/23/2025,N
8472,Champion Homes Inc Com,,SKY,830830105,,Equities,Small Cap,09/17/2024,N
2016147,Championx Corporation Com,,CHX,15872M104,,Equities,Small Cap,09/24/2024,N
2630859,Chargepoint Holdings Inc Com Shs,,CHPT,15961R303,,Equities,Small Cap,02/15/2025,N
6682,Charles Riv Labs Intl Inc Com,,CRL,159864107,,Equities,Small Cap,09/17/2024,N
65894,Chart Inds Inc Com,,GTLS,16115Q308,,Equities,Small Cap,09/17/2024,N
636217,Charter Communications Inc Cl A,,CHTR,16119P108,,Equities,Large Cap,06/28/2022,N
285434,Chatham Lodging Tr Com,,CLDT,16208T102,,Equities,Small Cap,04/29/2025,N
7466,Check Point Software Tech Ltd Ord,,CHKP,M22465104,,Equities,International,08/15/2025,N
9598,Cheesecake Factory Inc Com,,CAKE,163072101,,Equities,Small Cap,11/23/2024,N
343359,Chefs Whse Inc Com,,CHEF,163086101,,Equities,Small Cap,09/17/2024,N
646293,Chegg Inc Com,,CHGG,163092109,,Equities,Small Cap,10/11/2024,N
34402,Chemed Corp New Com,,CHE,16359R103,,Equities,Small Cap,09/17/2024,N
928748,Chemours Co Com,,CC,163851108,,Equities,Small Cap,09/24/2024,N
227212,Chemung Finl Corp Com,,CHMG,164024101,,Equities,Small Cap,09/17/2024,N
42614,Cheniere Energy Inc Com New,,LNG,16411R208,,Equities,Mid Cap,06/28/2022,N
4517,Chesapeake Utils Corp Com,,CPK,165303108,,Equities,Small Cap,09/17/2024,N
684,Chevron Corporation Com,,CVX,166764100,,Equities,Large Cap,06/28/2022,N
7311135,Chevron Usa Inc 4.5% 10/15/2032,,,166756BK1,,Debt,Corporate Bonds,10/04/2025,N
2686149,Chewy Inc Cl A,,CHWY,16679L109,,Equities,Small Cap,06/28/2022,N
4224299,Chicago Atlantic Real Estate F Com,,REFI,167239102,,Alternative Assets,REITs,05/17/2025,N
17540,Childrens Pl Inc New Com,,PLCE,168905107,,Equities,Small Cap,10/04/2021,N
75301,Chimera Invt Corp Com Shs,,CIM,16934Q802,,Equities,Small Cap,01/24/2025,N
31361,Chipotle Mexican Grill Inc Com,,CMG,169656105,,Equities,Large Cap,06/18/2024,N
1223099,Chiron Real Estate Inc Com New,,XRN,37954A303,,Alternative Assets,REITs,05/29/2025,N
11208,Choice Hotels Intl Inc Com,,CHH,169905106,,Equities,Small Cap,12/14/2024,N
156948,Choiceone Financia Com,,COFS,170386106,,Equities,Small Cap,03/08/2025,N
221649,Chord Energy Corporation Com New,,CHRD,674215207,,Equities,Small Cap,09/17/2024,N
1449,Chubb Ltd Switz Com,,CB,H1467J104,,Equities,International,06/28/2022,N
5509,Church & Dwight Co Inc Com,,CHD,171340102,,Equities,Mid Cap,06/28/2022,N
103303,Churchill Downs Inc Com,,CHDN,171484108,,Equities,Small Cap,09/24/2024,N
453676,Chuys Hldgs Inc Com,,CHUY,171604101,,Equities,Small Cap,09/17/2024,N
1648467,Cibus Inc Cl A Com Stk,,CBUS,17166A101,,Equities,Small Cap,02/15/2025,N
894038,Cidara Therapeutics Inc Com New,,CDTX,171757107,,Equities,Small Cap,07/12/2025,N
7796812,Cidara Therapeutics Ixxx Submitted For Cash Exp: 01/06/2026,,,17199234,,Equities,Small Cap,01/03/2026,N
8199,Ciena Corp Com New,,CIEN,171779309,,Equities,Small Cap,09/17/2024,N
2969377,Cim Opportunity Zonefund Lp,,,12599D33,,Alternative Assets,Alternative Assets,08/01/2025,N
817757,Cimpress Plc Shs Euro,,CMPR,G2143T103,,Equities,International,09/17/2024,N
6855,Cincinnati Finl Corp Com,,CINF,172062101,,Equities,Mid Cap,02/01/2022,N
96828,Cinemark Hldgs Inc Com,,CNK,17243V102,,Equities,Small Cap,09/17/2024,N
6664,Cintas Corp Com,,CTAS,172908105,,Equities,Large Cap,12/27/2023,N
4036015,Cipher Digital Inc Com,,CIFR,17253J106,,Equities,Small Cap,09/17/2024,N
7106501,Circle Internet Group Inc Com Cl A,,CRCL,172573107,,Equities,Small Cap,11/15/2025,N
34849,Cirrus Logic Inc Com,,CRUS,172755100,,Equities,Small Cap,09/17/2024,N
588,Cisco Sys Inc Com,,CSCO,17275R102,,Equities,Large Cap,07/02/2022,N
10132,Citi Trends Inc Com,,CTRN,17306X102,,Equities,Small Cap,11/05/2024,N
6429118,Citigroup Inc 4.542% 09/19/2030,,,17327CAT0,,Debt,Corporate Bonds,10/04/2025,N
866,Citigroup Inc Com New,,C,172967424,,Equities,Large Cap,06/28/2022,N
74142,Citizens & Northn Corp Com,,CZNC,172922106,,Equities,Small Cap,11/23/2024,N
140020,Citizens Cmnty Bancorp Inc Md Com,,CZWI,174903104,,Equities,Small Cap,07/12/2025,N
796307,Citizens Finl Group Inc Com,,CFG,174610105,,Equities,Mid Cap,02/13/2024,N
74141,Citizens Finl Svcs Inc Com,,CZFS,174615104,,Equities,Small Cap,03/08/2025,N
43589,Citizens Inc Cl A,,CIA,174740100,,Equities,Small Cap,07/23/2025,N
587,Citrix Sys Inc Com,,CTXS,177376100,,Equities,Mid Cap,06/28/2022,N
4522,City Hldg Co Com,,CHCO,177835105,,Equities,Small Cap,09/17/2024,N
722955,City Office Reit Inc Com,,CIO,178587101,,Alternative Assets,REITs,05/29/2025,N
141222,Civista Bancshares Inc Com No Par,,CIVB,178867107,,Equities,Small Cap,09/17/2024,N
392969,Civitas Resources Inc Com New,,CIVI,17888H103,,Equities,Small Cap,09/17/2024,N
3251513,Claritev Corporation Cl A New,,CTEV,62548M209,,Equities,Small Cap,07/12/2025,N
2456453,Clarivate Plc Ord Shs,,CLVT,G21810109,,Equities,International,09/17/2024,N
4150107,Claros Mtg Tr Inc Common Stock,,CMTG,18270D106,,Alternative Assets,REITs,09/17/2024,N
1669914,Clarus Corp New Com,,CLAR,18270P109,,Equities,Small Cap,10/11/2024,N
63919,Clean Energy Fuels Corp Com,,CLNE,184499101,,Equities,Small Cap,11/23/2024,N
72069,Clean Harbors Inc Com,,CLH,184496107,,Equities,Mid Cap,09/17/2024,N
2209656,Cleanspark Inc Com New,,CLSK,18452B209,,Equities,Small Cap,09/17/2024,N
53787,Clear Channel Outdoor Hldgs In Com,,CCO,18453H106,,Equities,Small Cap,11/23/2024,N
3926732,Clear Secure Inc Com Cl A,,YOU,18467V109,,Equities,Small Cap,09/17/2024,N
9090,Clearbridge Small Cap Growth A,,SASMX,52470H815,,Equities,Small Cap,04/23/2025,N
167945,Clearfield Inc Com,,CLFD,18482P103,,Equities,Small Cap,09/17/2024,N
449484,Clearpoint Neuro Inc Com,,CLPT,18507C103,,Equities,Small Cap,07/12/2025,N
4080290,Clearwater Analytics Hldgs Inc Cl A,,CWAN,185123106,,Equities,Small Cap,11/23/2024,N
125297,Clearwater Paper Corp Com,,CLW,18538R103,,Equities,Small Cap,09/17/2024,N
910205,Clearway Energy Inc Cl A,,CWEN A,18539C105,,Equities,Small Cap,09/17/2024,N
603918,Clearway Energy Inc Cl C,,CWEN,18539C204,,Equities,Small Cap,09/24/2024,N
11194,Cleveland-Cliffs Inc New Com,,CLF,185899101,,Equities,Small Cap,09/24/2024,N
3602355,Clever Leaves Holdings Inc Com New,,CLVR,186760104,,Equities,Small Cap,10/04/2021,N
3999501,Climb Bio Inc Com,,ELYM,28658R106,,Equities,Small Cap,03/22/2025,N
102011,Climb Global Solutions Inc Com,,CLMB,946760105,,Equities,Small Cap,11/05/2024,N
1474461,Clipper Rlty Inc Com,,CLPR,18885T306,,Alternative Assets,REITs,05/23/2025,N
1208,Clorox Co Del Com,,CLX,189054109,,Equities,Mid Cap,06/01/2022,N
221806,Cloudflare Inc Cl A Com,,NET,18915M107,,Equities,International,06/28/2022,N
3246765,Clover Health Investments Corp Com Cl A,,CLOV,18914F103,,Equities,Mid Cap,12/02/2023,N
348651,Cmb.Tech Nv Shs,,CMBT,B38564108,,Equities,International,08/21/2025,N
1201,Cme Group Inc Com,,CME,12572Q105,,Equities,Large Cap,12/27/2023,N
2279,Cms Energy Corp Com,,CMS,125896100,,Equities,Mid Cap,06/28/2022,N
8202,Cna Finl Corp Com,,CNA,126117100,,Equities,Mid Cap,09/17/2024,N
639059,Cnb Finl Corp Pa Com,,CCNE,126128107,,Equities,Small Cap,01/24/2025,N
5052,Cnh Indl N V Shs,,CNH,N20944109,,Equities,International,09/17/2024,N
4526,Cno Finl Group Inc Com,,CNO,12621E103,,Equities,Small Cap,09/24/2024,N
3318,Cnx Res Corp Com,,CNX,12653C108,,Equities,Small Cap,09/24/2024,N
2130349,Coastal Finl Corp Wa Com New,,CCB,19046P209,,Equities,Small Cap,09/17/2024,N
1912194,Coastalsouth Bancshares Inc Com New,,COSO,19058X207,,Equities,Small Cap,10/07/2025,N
1164,Coca Cola Co Com,,KO,191216100,,Equities,Large Cap,06/28/2022,N
32968,Coca Cola Cons Inc Com,,COKE,191098102,,Equities,Mid Cap,10/11/2024,N
448459,Coca-Cola Europacific Partners Shs,,CCEP,G25839104,,Equities,International,08/15/2025,N
232275,Codexis Inc Com,,CDXS,192005106,,Equities,Small Cap,01/24/2025,N
2295,Coeur Mng Inc Com New,,CDE,192108504,,Equities,Small Cap,09/17/2024,N
1969044,Cogent Biosciences Inc Com,,COGT,19240Q201,,Equities,Small Cap,09/17/2024,N
24420,Cogent Comm Holdings Inc Com New,,CCOI,19239V302,,Equities,Small Cap,10/11/2024,N
1825,Cognex Corp Com,,CGNX,192422103,,Equities,Mid Cap,06/28/2022,N
138,Cognizant Technology Solutions Cl A,,CTSH,192446102,,Equities,Large Cap,12/27/2023,N
42256,Cohen & Steers Inc Com,,CNS,19247A100,,Equities,Small Cap,09/17/2024,N
27081,Cohen & Steers Instl Realty Shares,,CSRIX,19247U106,,Alternative Assets,REITs,08/24/2022,N
32969,Coherent Corp Com,,COHR,19247G107,,Equities,Mid Cap,09/17/2024,N
830442,Coherus Oncology Inc Com,,CHRS,19249H103,,Equities,Small Cap,09/17/2024,N
3493562,Cohn Robbins Holdings Corp Com Cl A,,CRRCF,G23726105,,Unclassified,Unclassified,10/04/2021,N
11987,Cohu Inc Com,,COHU,192576106,,Equities,Small Cap,01/03/2025,N
3799930,Coinbase Global Inc Com Cl A,,COIN,19260Q107,,Equities,Large Cap,12/03/2021,N
4132075,Coinshares Bitcoin And Ether Etf,,BTF,91917A702,,Equities,Large Cap,12/23/2025,N
903,Colgate Palmolive Co Com,,CL,194162103,,Equities,Large Cap,06/01/2022,N
907088,Collegium Pharmaceutical Inc Com,,COLL,19459J104,,Equities,Small Cap,09/17/2024,N
227926,Colony Bankcorp Inc Com,,CBAN,19623P101,,Equities,Small Cap,11/23/2024,N
67027,Columbia Bkg Sys Inc Com,,COLB,197236102,,Equities,Small Cap,09/24/2024,N
878113,Columbia Dividend Income Inst3,,CDDYX,19766M840,,Equities,Large Cap,07/07/2022,N
2014220,Columbia Finl Inc Com,,CLBK,197641103,,Equities,Small Cap,09/17/2024,N
532267,Columbia India Consumer Etf,,INCO,19762B707,,Equities,International,10/21/2025,N
87023,Columbia Select Mid Cap Growth Fund A,,CBSAX,19765P299,,Equities,Mid Cap,08/23/2023,N
2225347,Columbia Small Cap Growth Inst3,,CSGYX,19765Y340,,Equities,Small Cap,03/20/2025,N
8205,Columbia Sportswear Co Com,,COLM,198516106,,Equities,Small Cap,10/17/2024,N
2702088,Columbia Ultra Short Term Bond A,,CUSOX,19767X720,,Debt,Corporate Bonds,12/20/2022,N
11986,Columbus Mckinnon Corp N Y Com,,CMCO,199333105,,Equities,Small Cap,11/23/2024,N
1892428,Comcast Corp New 4% 03/01/2048,,,20030NCK5,,Debt,Corporate Bonds,10/04/2025,N
1983,Comcast Corp New Cl A,,CMCSA,20030N101,,Equities,Large Cap,07/02/2022,N
1210,Comerica Inc Com,,CMA,200340107,,Equities,Small Cap,09/24/2024,N
13306,Comfort Sys Usa Inc Com,,FIX,199908104,,Equities,Mid Cap,09/17/2024,N
9307,Commerce Bancshares Inc Com,,CBSH,200525103,,Equities,Small Cap,09/17/2024,N
3316902,Commerce.Com Inc Com Ser 1,,CMRC,08975P108,,Equities,Small Cap,09/17/2024,N
7611310,Commercial Bancgroup Inc Com,,CBK,20112C106,,Equities,Small Cap,01/23/2026,N
4935,Commercial Metals Co Com,,CMC,201723103,,Equities,Small Cap,09/17/2024,N
34532,Commercial Veh Group Inc Com,,CVGI,202608105,,Equities,Small Cap,01/24/2025,N
8209,Community Financial System Inc Com,,CBU,203607106,,Equities,Small Cap,12/24/2024,N
6699,Community Health Sys Inc New Com,,CYH,203668108,,Equities,Small Cap,09/17/2024,N
913477,Community Healthcare Tr Inc Com,,CHCT,20369C106,,Alternative Assets,REITs,11/23/2024,N
34412,Community Tr Bancorp Inc Com,,CTBI,204149108,,Equities,Small Cap,12/24/2024,N
6089914,Community West Bancshares New Com,,CWBC,203937107,,Equities,Small Cap,01/24/2025,N
62076,Commvault Sys Inc Com,,CVLT,204166102,,Equities,Small Cap,09/17/2024,N
4243879,Comp.Fin.Richemont Call Wts 22/11/23(Ciefinric,,,,CH0559601544,Equities,International,12/21/2021,N
43460,Compass Diversified Sh Ben Int,,CODI,20451Q104,,Equities,Small Cap,12/24/2024,N
1248804,Compass Inc Cl A,,COMP,20464U100,,Equities,Small Cap,09/17/2024,N
8210,Compass Minerals Intl Inc Com,,CMP,20451N101,,Equities,Small Cap,11/05/2024,N
3841382,Compass Therapeutics Inc Com,,CMPX,20454B104,,Equities,Small Cap,02/15/2025,N
151292,Compugen Ltd Ord,,CGEN,M25722105,,Equities,International,02/19/2025,N
21714,Compx Intl Inc Cl A,,CIX,20563P101,,Equities,Small Cap,09/17/2025,N
4936,Comstock Res Inc Com,,CRK,205768302,,Equities,Small Cap,09/17/2024,N
2523,Conagra Brands Inc Com,,CAG,205887102,,Equities,Mid Cap,06/28/2022,N
6333461,Concentra Group Holdings Paren Common Stock,,CON,20603L102,,Equities,Small Cap,11/23/2024,N
3542367,Concentrix Corp Com,,CNXC,20602D101,,Equities,Mid Cap,09/17/2024,N
3686070,Concord Acquisition Corp Com Cl A,,CND,206071102,,Equities,Small Cap,06/28/2022,N
2296262,Concrete Pumping Hldgs Inc Com,,BBCP,206704108,,Equities,Small Cap,12/24/2024,N
1375029,Conduent Inc Com,,CNDT,206787103,,Equities,Small Cap,11/15/2023,N
3918388,Confluent Inc Class A Com,,CFLT,20717M103,,Equities,Mid Cap,09/17/2024,N
1789,Conmed Corp Com,,CNMD,207410101,,Equities,Small Cap,11/23/2024,N
62669,Connectone Bancorp Inc Com,,CNOB,20786W107,,Equities,Small Cap,12/24/2024,N
201046,Conocophillips 6.5% 02/01/2039,,,20825CAQ7,,Debt,Corporate Bonds,10/04/2025,N
685,Conocophillips Com,,COP,20825C104,,Equities,Large Cap,06/28/2022,N
4105424,Consensus Cloud Solutions Inc Com,,CCSI,20848V105,,Equities,Small Cap,09/17/2024,N
8072942,Conservative Portfolio,,,,FUND 14015,Equities,All Cap,03/02/2026,N
1388602,Conservative Portfolio (Index),,,,FUND 19672,Equities,All Cap,01/04/2024,N
43085,Consolidated Comm Hldgs Inc Com,,CNSL,209034107,,Equities,Small Cap,09/17/2024,N
2656,Consolidated Edison Inc Com,,ED,209115104,,Equities,Large Cap,06/28/2022,N
50236,Consolidated Water Co Inc Ord,,CWCO,G23773107,,Equities,International,11/23/2024,N
1958,Constellation Brands Inc Cl A,,STZ,21036P108,,Equities,Large Cap,12/27/2023,N
4330906,Constellation Energy Corp Com,,CEG,21037T109,,Equities,Large Cap,12/27/2023,N
584596,Constellium Se Cl A Shs,,CSTM,F21107101,,Equities,International,11/23/2024,N
2017436,Construction Partners Inc Com Cl A,,ROAD,21044C107,,Equities,Small Cap,11/05/2024,N
196210,Consumer Portfolio Svcs Inc Com,,CPSS,210502100,,Equities,Small Cap,03/08/2025,N
271643,Contango Silver & Gold Inc Com,,CTGO,21077F100,,Equities,Small Cap,12/24/2024,N
3598653,Contextlogic Hldgs Inc Com,,LOGC,21078F109,,Equities,Large Cap,10/04/2021,N
52054,Continental Res Inc Com,,CLR,212015101,,Equities,Mid Cap,06/28/2022,N
6105525,Contineum Therapeutics Inc Cl A,,CTNM,21217B100,,Equities,Small Cap,03/08/2025,N
7637322,Contra 89Bio Inc,,,282CVR018,,Equities,Small Cap,11/04/2025,N
8024884,Contra Cyberark Software,,,M26CNT069,,Equities,Small Cap,02/13/2026,N
7398840,Contra Walgreens Boots,,,931CVR013,,Equities,Large Cap,08/30/2025,N
28001,Conversion Solutns Hldgs Com,,CSHD,21254V100,,Equities,Small Cap,10/22/2022,N
1713,Cooper Cos Inc Com,,COO,216648501,,Equities,Mid Cap,05/07/2024,N
6681,Cooper-Standard Holdings Inc Com,,CPS,21676P103,,Equities,Small Cap,01/04/2025,N
2213,Copart Inc Com,,CPRT,217204106,,Equities,Mid Cap,06/28/2022,N
2343,Copt Defense Properties Shs Ben Int,,CDP,22002T108,,Equities,Small Cap,09/17/2024,N
820351,Corbus Pharmaceuticals Hldgs Com New,,CRBP,21833P301,,Equities,Small Cap,09/17/2024,N
134103,Corcept Therapeutics Inc Com,,CORT,218352102,,Equities,Small Cap,09/17/2024,N
3969114,Core & Main Inc Cl A,,CNM,21874C102,,Equities,Small Cap,10/11/2024,N
8215,Core Laboratories Inc Com,,CLB,21867A105,,Equities,Small Cap,09/17/2024,N
337876,Core Molding Technologies Inc Com,,CMT,218683100,,Equities,Small Cap,01/24/2025,N
1803074,Core Natural Resources Inc Com Shs,,CNR,218937100,,Equities,Small Cap,09/17/2024,N
5965118,Core Scientific Inc New Com,,CORZ,21874A106,,Equities,Mid Cap,06/25/2024,N
4308338,Core Scientific Inc New Common Stock,,,21873J108,,Equities,Small Cap,06/24/2023,N
5004381,Core Scientific Inc New Common Stock,,CORZQ,,,Equities,Small Cap,12/07/2023,N
5965121,Core Scientific Inc New Wt Exp 012327,,CORZW,21874A114,,Equities,Mid Cap,06/29/2024,N
5965122,Core Scientific Inc New Wt Exp 012329,,CORZZ,21874A130,,Equities,Mid Cap,06/29/2024,N
4746684,Corebridge Finl Inc Com,,CRBG,21871X109,,Equities,Mid Cap,09/17/2024,N
11176,Corecard Corporation Com,,CCRD,45816D100,,Equities,Small Cap,07/09/2025,N
1859,Corecivic Inc Com,,CXW,21871N101,,Equities,Small Cap,11/23/2024,N
6897971,Coreweave Inc Com Cl A,,CRWV,21873S108,,Equities,Large Cap,10/21/2025,N
644869,Cormedix Inc Com,,CRMD,21900C308,,Equities,Small Cap,12/24/2024,N
1399,Corning Inc Com,,GLW,219350105,,Equities,Large Cap,06/28/2022,N
107363,Corpay Inc Com Shs,,CPAY,219948106,,Equities,Large Cap,03/01/2024,N
4243877,Corporativo Fragua Se De Cv Fr Shs B,,,P31444105,MXP321131015,Equities,International,12/21/2021,N
3401172,Corsair Gaming Inc Com,,CRSR,22041X102,,Equities,Small Cap,11/05/2024,N
2650818,Corteva Inc Com,,CTVA,22052L104,,Equities,Large Cap,06/28/2022,N
6753,Corvel Corp Com,,CRVL,221006109,,Equities,Small Cap,11/23/2024,N
1133661,Corvus Pharmaceuticals Inc Com,,CRVS,221015100,,Equities,Small Cap,07/15/2025,N
7009474,Costamare Bulkers Hldgs Ltd Com Shs,,CMDB,Y2001C101,,Equities,Small Cap,05/08/2025,N
277671,Costamare Inc Shs,,CMRE,Y1771G102,,Equities,Emerging Markets,11/23/2024,N
42257,Costar Group Inc Com,,CSGP,22160N109,,Equities,Large Cap,06/28/2022,N
1119,Costco Wholesale Corporation Com,,COST,22160K105,,Equities,Large Cap,06/28/2022,N
5253,Coterra Energy Inc Com,,CTRA,127097103,,Equities,Mid Cap,06/28/2022,N
592026,Coty Inc Com Cl A,,COTY,222070203,,Equities,Small Cap,09/24/2024,N
557256,Couchbase Inc Com,,BASE,22207T101,,Equities,Small Cap,09/17/2024,N
705155,Coupa Software Inc Com,,COUP,22266L106,,Equities,Mid Cap,06/28/2022,N
3748980,Coupang Inc Cl A,,CPNG,22266T109,,Equities,Large Cap,12/27/2023,N
3784662,Coursera Inc Com,,COUR,22266M104,,Equities,Small Cap,09/17/2024,N
9250,Cousins Pptys Inc Com New,,CUZ,222795502,,Equities,Small Cap,09/24/2024,N
110642,Covenant Logistics Group Inc Cl A,,CVLG,22284P105,,Equities,Small Cap,09/17/2024,N
8233,Covista Inc Com,,CVSA,00737L103,,Equities,Small Cap,09/17/2024,N
992622,Cpi Card Group Inc Com New,,PMTS,12634H200,,Equities,Small Cap,11/05/2024,N
12126,Cra Intl Inc Com,,CRAI,12618T105,,Equities,Small Cap,09/17/2024,N
8190,Cracker Barrel Old Ctry Store Com,,CBRL,22410J106,,Equities,Small Cap,01/24/2025,N
5216045,Crane Company Common Stock,,CR,224408104,,Equities,Small Cap,09/17/2024,N
8219,Crane Nxt Co Com,,CXT,224441105,,Equities,Small Cap,09/17/2024,N
223298,Crawford & Co Cl A,,CRDA,224633206,,Equities,Small Cap,01/24/2025,N
3866,Credit Accep Corp Mich Com,,CACC,225310101,,Equities,Small Cap,09/17/2024,N
351866,Credit Suisse Floating Rate Hi Inc A,,CHIAX,22540S877,,Debt,Corporate Bonds,03/05/2025,N
4324068,Credo Technology Group Holding Ordinary Shares,,CRDO,G25457105,,Equities,International,09/17/2024,N
4220008,Crescent Energy Company Cl A Com,,CRGY,44952J104,,Equities,Small Cap,11/05/2024,N
8304,Crexendo Inc Com,,CXDO,226552107,,Equities,Small Cap,08/07/2024,N
89138,Crh Plc Ord,,CRH,G25508105,,Equities,International,12/27/2023,N
3773220,Cricut Inc Com Cl A,,CRCT,22658D100,,Equities,Small Cap,09/17/2024,N
2126183,Crinetics Pharmaceuticals Inc Com,,CRNX,22663K107,,Equities,Small Cap,09/17/2024,N
1339031,Crispr Therapeutics Ag Namen Akt,,CRSP,H17182108,,Equities,International,11/23/2024,N
4403452,Critical Metals Corp Pubco Ord Shs,,CRML,G2662B103,,Equities,Small Cap,12/24/2024,N
12127,Crocs Inc Com,,CROX,227046109,,Equities,Small Cap,09/17/2024,N
25645,Cross Ctry Healthcare Inc Com,,CCRN,227483104,,Equities,Small Cap,09/17/2024,N
11537,Cross Timbers Rty Tr Tr Unit,,CRT,22757R109,,Equities,Small Cap,12/23/2025,N
1554,Crossfirst Bankshares Inc Com,,CFB,22766M109,,Equities,Small Cap,11/23/2024,N
2682601,Crowdstrike Hldgs Inc Cl A,,CRWD,22788C105,,Equities,Small Cap,06/28/2022,N
940,Crown Castle Inc Com,,CCI,22822V101,,Equities,Large Cap,12/27/2023,N
4874,Crown Hldgs Inc Com,,CCK,228368106,,Equities,Mid Cap,07/02/2022,N
75920,Cryoport Inc Com Par $0.001,,CYRX,229050307,,Equities,Small Cap,09/17/2024,N
3959970,Cs Disco Inc Com,,LAW,126327105,,Equities,Small Cap,01/24/2025,N
50101,Csg Sys Intl Inc Com,,CSGS,126349109,,Equities,Small Cap,09/17/2024,N
83580,Csp Inc Com,,CSPI,126389105,,Equities,Small Cap,07/09/2025,N
981827,Csw Industrials Inc Com,,CSW,126402106,,Equities,Small Cap,11/23/2024,N
1910618,Csx Corp 3.8% 03/01/2028,,,126408HJ5,,Debt,Corporate Bonds,10/04/2025,N
1974,Csx Corp Com,,CSX,126408103,,Equities,Large Cap,06/28/2022,N
43405,Cto Rlty Growth Inc New Com,,CTO,22948Q101,,Equities,Small Cap,09/17/2024,N
34363,Cts Corp Com,,CTS,126501105,,Equities,Small Cap,09/17/2024,N
10048,Cubesmart Com,,CUBE,229663109,,Equities,Mid Cap,01/05/2022,N
5750,Cullen Frost Bankers Inc Com,,CFR,229899109,,Equities,Small Cap,09/17/2024,N
3635101,Cullinan Therapeutics Inc Com,,CGEM,230031106,,Equities,Small Cap,11/05/2024,N
5051,Cummins Inc Com,,CMI,231021106,,Equities,Large Cap,12/27/2023,N
6462711,Curbline Pptys Corp Com,,CURB,23128Q101,,Alternative Assets,REITs,11/23/2024,N
3441755,Curiositystream Inc Com Cl A,,CURI,23130Q107,,Equities,Small Cap,07/08/2025,N
5256,Curtiss Wright Corp Com,,CW,231561101,,Equities,Mid Cap,09/17/2024,N
2146502,Cushman And Wakefield Ltd Common Shares,,CWK,G2717C106,,Equities,International,09/17/2024,N
2757099,Custom Truck One Source Inc Com Cl A,,CTOS,23204X103,,Equities,Small Cap,09/17/2024,N
529557,Customers Bancorp Inc Com,,CUBI,23204G100,,Equities,Small Cap,09/17/2024,N
12383,Cvb Finl Corp Com,,CVBF,126600105,,Equities,Small Cap,11/23/2024,N
7777345,Cvr Akero Therapeutics Inc Com,,,009CVR044,,Equities,Small Cap,12/11/2025,N
73388,Cvr Energy Inc Com,,CVI,12662P108,,Equities,Small Cap,09/17/2024,N
3927334,Cvrx Inc Com,,CVRX,126638105,,Equities,Small Cap,11/23/2024,N
2039,Cvs Health Corp Com,,CVS,126650100,,Equities,Large Cap,06/28/2022,N
805323,Cyberark Software Ltd Shs,,CYBR,M2682V108,,Equities,International,08/15/2025,N
3969112,Cytek Biosciences Inc Com,,CTKB,23285D109,,Equities,Small Cap,12/24/2024,N
596575,Cytokinetics Inc Com New,,CYTK,23282W605,,Equities,Small Cap,09/17/2024,N
4868,D R Horton Inc Com,,DHI,23331A109,,Equities,Mid Cap,06/28/2022,N
4684520,D-Wave Quantum Inc Com,,QBTS,26740W109,,Equities,Small Cap,03/22/2025,N
78908,Daily Journal Corp Com,,DJCO,233912104,,Equities,Small Cap,01/28/2025,N
130936,Dakota Gold Corp Com,,DC,46655E100,,Equities,Small Cap,12/24/2024,N
8226,Daktronics Inc Com,,DAKT,234264109,,Equities,Small Cap,09/17/2024,N
169972,Dana Inc Com,,DAN,235825205,,Equities,Small Cap,11/23/2024,N
6857,Danaher Corp Del Com,,DHR,235851102,,Equities,Large Cap,06/28/2022,N
6701,Darden Restaurants Inc Com,,DRI,237194105,,Equities,Mid Cap,07/02/2022,N
34348,Darling Ingredients Inc Com,,DAR,237266101,,Equities,Small Cap,09/17/2024,N
2000845,Dassault Aviation Sa Ord,,DUAVF,F24539102,,Equities,International,07/13/2023,N
3767810,Dassault Aviation Sa Ord,,DUAV.F,F24539169,,Equities,International,06/17/2023,N
2815993,Datadog Inc Cl A Com,,DDOG,23804L103,,Equities,Small Cap,06/28/2022,N
3691,Dauch Corp Com,,DCH,024061103,,Equities,Small Cap,11/23/2024,N
802460,Dave & Busters Entmt Inc Com,,PLAY,238337109,,Equities,Small Cap,09/17/2024,N
3888898,Dave Inc Class A Com New,,DAVE,23834J201,,Equities,Small Cap,09/17/2024,N
1428,Davita Inc Com,,DVA,23918K108,,Equities,Mid Cap,09/17/2024,N
3874889,Day One Biopharmaceuticals Inc Com,,DAWN,23954D109,,Equities,Small Cap,11/23/2024,N
2006921,Dayforce Inc Com,,DAY,15677J108,,Equities,Small Cap,09/17/2024,N
22467,Deckers Outdoor Corp Com,,DECK,243537107,,Equities,Mid Cap,05/07/2024,N
892,Deere & Co Com,,DE,244199105,,Equities,Large Cap,05/04/2023,N
6251230,Defiance Nasdaq 100 Income Target Etf,,QQQT,88636J576,,Equities,Large Cap,12/23/2025,N
6178997,Defiance Oil Enhanced Options Income Etf,,USOY,88636J378,,Alternative Assets,Alternative Assets,12/23/2025,N
6108695,Defiance S&P 500 Target Income Etf,,SPYT,88636J568,,Equities,Large Cap,12/23/2025,N
4061408,Definitive Healthcare Corp Class A Com,,DH,24477E103,,Equities,Small Cap,09/17/2024,N
3078601,Definium Therapeutics Inc Com Shs,,MNMD,60255C885,,Equities,International,09/17/2024,N
7909048,Definium Therapeutics Inc Com Shs,,DFTX,24477V105,,Equities,Small Cap,01/16/2026,N
73885,Delcath Sys Inc Com New,,DCTH,24661P807,,Equities,Small Cap,07/08/2025,N
47205,Delek Us Hldgs Inc New Com,,DK,24665A103,,Equities,Small Cap,09/17/2024,N
2336581,Dell Technologies Inc Cl C,,DELL,24703L202,,Equities,Large Cap,01/29/2022,N
8231,Delta Air Lines Inc Com New,,DAL,247361702,,Equities,Large Cap,08/11/2022,N
1038,Deluxe Corp Medium Term Nts Com,,DLX,248019101,,Equities,Small Cap,09/17/2024,N
1814009,Denali Therapeutics Inc Com,,DNLI,24823R105,,Equities,Small Cap,11/23/2024,N
50179,Dennys Corp Com,,DENN,24869P104,,Equities,Small Cap,01/24/2025,N
939,Dentsply Sirona Inc Com,,XRAY,24906P109,,Equities,Mid Cap,06/28/2022,N
91074,Descartes Sys Group Inc Com,,DSGX,249906108,,Equities,International,11/21/2025,N
3776070,Design Therapeutics Inc Com,,DSGN,25056L103,,Equities,Small Cap,11/23/2024,N
35687,Designer Brands Inc Cl A,,DBI,250565108,,Equities,Small Cap,10/04/2021,N
1716162,Despegar Com Corp Ord Shs,,DESP,G27358103,,Equities,International,09/17/2024,N
540230,Destination Xl Group Inc Com,,DXLG,25065K104,,Equities,Small Cap,04/26/2025,N
4901,Deutsche Bk Ag Namen Akt,,DB,D18190898,,Equities,International,08/15/2025,N
914,Devon Energy Corp New Com,,DVN,25179M103,,Equities,Mid Cap,06/28/2022,N
110327,Dexcom Inc Com,,DXCM,252131107,,Equities,Mid Cap,12/30/2023,N
53145,Dfa Ca Short-Term Municipal Bond I,,DFCMX,233203330,,Debt,Municipal Bonds,06/14/2022,N
24497,Dfa Emerging Markets Core Equity 2 I,,DFCEX,233203421,,Equities,Emerging Markets,06/14/2022,N
5975,Dfa Emerging Markets I,,DFEMX,233203785,,Equities,Emerging Markets,09/13/2023,N
6739,Dfa Emerging Markets Value I,,DFEVX,233203587,,Equities,Emerging Markets,09/13/2023,N
12743,Dfa International Small Cap Value I,,DISVX,233203736,,Equities,International,04/02/2026,N
10631,Dfa International Value I,,DFIVX,25434D203,,Equities,International,09/13/2023,N
302273,Dfa Investment Grade I,,DFAPX,23320G448,,Debt,Corporate Bonds,07/07/2022,N
29560,Dfa Large Cap International I,,DFALX,233203868,,Equities,International,09/13/2023,N
10676,Dfa Us Small Cap I,,DFSTX,233203843,,Equities,Small Cap,06/14/2022,N
12777,Dfa Us Targeted Value I,,DFFVX,233203595,,Equities,Small Cap,12/18/2023,N
461542,Dht Holdings Inc Shs New,,DHT,Y2065G121,,Equities,Emerging Markets,09/17/2024,N
136,Diageo Plc Spon Adr New,,DEO,25243Q205,,Equities,International,02/28/2026,N
2269675,Diamedica Therapeutics Inc Com New,,DMAC,25253X207,,Equities,International,07/08/2025,N
81020,Diamond Hill Invt Group Inc Com New,,DHIL,25264R207,,Equities,Small Cap,07/02/2023,N
482609,Diamondback Energy Inc Com,,FANG,25278X109,,Equities,Mid Cap,06/28/2022,N
34304,Diamondrock Hospitality Co Com,,DRH,252784301,,Equities,Small Cap,04/02/2025,N
5722382,Dianthus Therapeutics Inc Com,,DNTH,252828108,,Equities,Large Cap,09/17/2024,N
31643,Dicks Sporting Goods Inc Com,,DKS,253393102,,Equities,Mid Cap,09/17/2024,N
5669998,Diebold Nixdorf Inc Com Shs,,DBD,253651202,,Equities,Small Cap,11/05/2024,N
73660,Digi Intl Inc Com,,DGII,253798102,,Equities,Small Cap,09/17/2024,N
70061,Digimarc Corp New Com,,DMRC,25381B101,,Equities,Small Cap,03/08/2025,N
30648,Digital Rlty Tr Inc Com,,DLR,253868103,,Equities,Mid Cap,06/28/2022,N
563429,Digital Turbine Inc Com New,,APPS,25400W102,,Equities,Small Cap,10/11/2024,N
756606,Digitalbridge Group Inc Cl A New,,DBRG,25401T603,,Equities,Small Cap,12/24/2024,N
3770658,Digitalocean Hldgs Inc Com,,DOCN,25402D102,,Equities,Small Cap,09/17/2024,N
4876,Dillards Inc Cl A,,DDS,254067101,,Equities,Small Cap,10/04/2021,N
3685628,Dime Cmnty Bancshares Inc Com,,DCOM,25432X102,,Equities,Small Cap,11/23/2024,N
4161897,Dimensional Va Shortterm Fixed,,,,814121281611787,Government Debt,Govt/Inflation,07/25/2022,N
90237,Dine Brands Global Inc Com,,DIN,254423106,,Equities,Small Cap,11/23/2024,N
11293,Diodes Inc Com,,DIOD,254543101,,Equities,Small Cap,10/11/2024,N
4994817,Disc Medicine Inc Com,,IRON,254604101,,Equities,Small Cap,01/24/2025,N
5755,Discover Finl Svcs Com,,DFS,254709108,,Equities,Large Cap,02/13/2024,N
977,Disney Walt Co Com,,DIS,254687106,,Equities,Large Cap,12/24/2021,N
4808194,Distillate Small/Mid Cash Flow Etf,,DSMC,26922B667,,Equities,Small Cap,01/14/2025,N
115871,Distribution Solutions Grp Inc Com,,DSGR,520776105,,Equities,Small Cap,09/17/2024,N
5854924,District Columbia Income Tax R 5% 05/01/2043,,,25477GWA9,,Debt,Municipal Bonds,10/21/2025,N
2814224,Diversified Energy Co Common Stock,,DEC,25520W107,,Equities,International,11/23/2024,N
1193,Diversified Healthcare Tr Com Sh Ben Int,,DHC,25525P107,,Equities,Small Cap,12/24/2024,N
447038,Dlh Hldgs Corp Com,,DLHC,23335Q100,,Equities,Small Cap,11/27/2024,N
5690,Dmc Global Inc Com,,BOOM,23291C103,,Equities,Small Cap,01/24/2025,N
742169,Dnow Inc Com,,DNOW,67011P100,,Equities,Small Cap,11/23/2024,N
4159230,Docgo Inc Com,,DCGO,256086109,,Equities,Small Cap,11/23/2024,N
2008616,Docusign Inc Com,,DOCU,256163106,,Equities,Mid Cap,06/18/2024,N
6684,Dolby Laboratories Inc Com Cl A,,DLB,25659T107,,Equities,Small Cap,09/17/2024,N
173996,Dole Plc Ord Shs,,DOLE,G27907107,,Equities,International,11/23/2024,N
105,Dollar Gen Corp Com,,DG,256677105,,Equities,Large Cap,06/28/2022,N
2443,Dollar Tree Inc Com,,DLTR,256746108,,Equities,Large Cap,10/04/2021,N
865,Dominion Energy Inc Com,,D,25746U109,,Equities,Large Cap,06/28/2022,N
9978,Dominos Pizza Inc Com,,DPZ,25754A201,,Equities,Mid Cap,10/04/2021,N
2102555,Domo Inc Com Cl B,,DOMO,257554105,,Equities,Small Cap,09/17/2024,N
6665,Donaldson Inc Com,,DCI,257651109,,Equities,Small Cap,09/17/2024,N
21579,Donegal Group Inc Cl A,,DGICA,257701201,,Equities,Small Cap,12/27/2024,N
1320694,Donnelley Finl Solutions Inc Com,,DFIN,25787G100,,Equities,Small Cap,11/23/2024,N
428828,Doordash Inc Cl A,,DASH,25809K105,,Equities,Large Cap,12/27/2023,N
733465,Dorian Lpg Ltd Shs Usd,,LPG,Y2106R110,,Equities,Emerging Markets,09/17/2024,N
152653,Dorman Prods Inc Com,,DORM,258278100,,Equities,Small Cap,09/17/2024,N
252523,Doubleline Core Fixed Income I,,DBLFX,258620301,,Debt,Corporate Bonds,04/02/2026,N
3819336,Doubleverify Hldgs Inc Com,,DV,25862V105,,Equities,Small Cap,09/17/2024,N
283903,Douglas Dynamics Inc Com,,PLOW,25960R105,,Equities,Small Cap,11/23/2024,N
4255598,Douglas Elliman Inc Com,,DOUG,25961D105,,Equities,Small Cap,10/10/2025,N
30173,Douglas Emmett Inc Com,,DEI,25960P109,,Equities,Small Cap,12/24/2024,N
5877,Dover Corp Com,,DOV,260003108,,Equities,Mid Cap,02/13/2024,N
2475168,Dow Hldgs Inc Com,,DOW,260557103,,Equities,Large Cap,06/28/2022,N
5246722,Dowlais Group Plc Shs,,,G2823M105,,Equities,Large Cap,06/17/2023,N
3918389,Doximity Inc Cl A,,DOCS,26622P107,,Equities,Mid Cap,09/24/2024,N
2974901,Draftkings Inc New Com Cl A,,DKNG,26142V105,,Equities,Large Cap,02/01/2024,N
3666227,Dream Finders Homes Inc Com Cl A,,DFH,26154D100,,Equities,Small Cap,09/17/2024,N
5534921,Drilling Tools Intl Corp Com,,DTI,26205E107,,Equities,International,11/23/2024,N
3652331,Driven Brands Hldgs Inc Com,,DRVN,26210V102,,Equities,Small Cap,10/11/2024,N
1953628,Dropbox Inc Cl A,,DBX,26210C104,,Equities,Mid Cap,06/28/2022,N
3927004,Dt Midstream Inc Common Stock,,DTM,23345M107,,Equities,Small Cap,09/24/2024,N
2051,Dte Energy Co Com,,DTE,233331107,,Equities,Large Cap,06/28/2022,N
3758779,Duckhorn Portfolio Inc Com,,NAPA,26414D106,,Equities,Small Cap,09/17/2024,N
68068,Ducommun Inc Del Com,,DCO,264147109,,Equities,Small Cap,12/24/2024,N
5933556,Duke Energy Corp New 4.85% 01/05/2029,,,26441CCC7,,Debt,Corporate Bonds,10/04/2025,N
30620,Duke Energy Corp New Com New,,DUK,26441C204,,Equities,Large Cap,06/28/2022,N
1213,Duke Realty Corp Com New,,DRE,264411505,,Equities,Mid Cap,06/28/2022,N
3268245,Dun & Bradstreet Hldgs Inc Com,,DNB,26484T106,,Equities,Small Cap,09/17/2024,N
3975723,Duolingo Inc Cl A Com,,DUOL,26603R106,,Equities,Small Cap,09/17/2024,N
1694828,Dupont De Nemours Inc Com,,DD,26614N102,,Equities,Large Cap,12/27/2023,N
4060754,Dutch Bros Inc Cl A,,BROS,26701L100,,Equities,Large Cap,12/24/2021,N
1517172,Dxc Technology Co Com,,DXC,23355L106,,Equities,Mid Cap,06/17/2023,N
116556,Dxp Enterprises Inc Com New,,DXPE,233377407,,Equities,Small Cap,11/23/2024,N
8236,Dycom Inds Inc Com,,DY,267475101,,Equities,Small Cap,11/05/2024,N
2757282,Dynatrace Inc Com New,,DT,268150109,,Equities,Mid Cap,09/17/2024,N
182537,Dynavax Technologies Corp Com New,,DVAX,268158201,,Equities,Small Cap,09/17/2024,N
7924083,Dynavax Technologies Xxx Submitted For Cash Exp: 02/09/2026,,,2689900D,,Equities,Small Cap,02/06/2026,N
3386301,Dyne Therapeutics Inc Com,,DYN,26818M108,,Equities,Small Cap,09/17/2024,N
70930,Dynex Cap Inc Com,,DX,26817Q886,,Equities,Small Cap,02/15/2025,N
1311201,E L F Beauty Inc Com,,ELF,26856L103,,Equities,Small Cap,09/17/2024,N
3693998,E2Open Parent Holdings Inc Com Cl A,,ETWO,29788T103,,Equities,Small Cap,09/17/2024,N
105520,Eagle Bancorp Mont Inc Com,,EBMT,26942G100,,Equities,Small Cap,07/12/2025,N
215456,Eagle Bancorporation Inc Com,,EGBN,268948106,,Equities,Small Cap,10/11/2024,N
276205,Eagle Finl Svcs Inc Com,,EFSI,26951R104,,Equities,Small Cap,07/23/2025,N
4279,Eagle Matls Inc Com,,EXP,26969P108,,Equities,Small Cap,09/17/2024,N
11500,East West Bancorp Inc Com,,EWBC,27579R104,,Equities,Mid Cap,09/17/2024,N
861811,Easterly Govt Pptys Inc Com Shs,,DEA,27616P301,,Alternative Assets,REITs,05/17/2025,N
3440227,Eastern Bankshares Inc Com,,EBC,27627N105,,Equities,Small Cap,09/17/2024,N
32726,Eastern Co Com,,EML,276317104,,Equities,Small Cap,09/17/2024,N
22866,Eastgroup Pptys Inc Com,,EGP,277276101,,Equities,Small Cap,09/24/2024,N
1943,Eastman Chem Co Com,,EMN,277432100,,Equities,Mid Cap,09/17/2024,N
635898,Eastman Kodak Co Com New,,KODK,277461406,,Equities,Small Cap,09/17/2024,N
772210,Eaton Corp Plc Shs,,ETN,G29183103,,Equities,International,06/28/2022,N
3269827,Ebang Intl Hldgs Inc Cl A Ord Sh New,,EBON,G3R33A106,,Equities,Emerging Markets,12/13/2023,N
4901275,Ebang Intl Hldgs Inc Cl A Ord Sh New,,,G3R33A205,,Equities,Emerging Markets,12/02/2023,N
1046,Ebay Inc. Com,,EBAY,278642103,,Equities,Large Cap,09/21/2022,N
4670167,Ecb Bancorp Inc Com,,ECBK,26828M106,,Equities,Large Cap,07/24/2025,N
76266,Echostar Corp Cl A,,SATS,278768106,,Equities,Small Cap,09/17/2024,N
6666,Ecolab Inc Com,,ECL,278865100,,Equities,Large Cap,06/28/2022,N
1734675,Ecovyst Inc Com,,ECVT,27923Q109,,Equities,Small Cap,12/24/2024,N
6702,Edgewell Personal Care Co Com,,EPC,28035Q102,,Equities,Small Cap,01/24/2025,N
3776131,Edgewise Therapeutics Inc Com,,EWTX,28036F105,,Equities,Small Cap,09/17/2024,N
130071,Edgewood Growth Instl,,EGFIX,0075W0759,,Equities,Large Cap,09/03/2022,N
3320,Edison Intl Com,,EIX,281020107,,Equities,Large Cap,06/28/2022,N
1084995,Editas Medicine Inc Com,,EDIT,28106W103,,Equities,Small Cap,09/17/2024,N
95415,Educational Dev Corp Com,,EDUC,281479105,,Equities,Small Cap,03/26/2025,N
1400,Edwards Lifesciences Corp Com,,EW,28176E108,,Equities,Large Cap,06/28/2022,N
103135,Egain Corp Com New,,EGAN,28225C806,,Equities,Small Cap,11/27/2024,N
71176,Ehealth Inc Com,,EHTH,28238P109,,Equities,Small Cap,07/09/2025,N
2176682,Eightco Holdings Inc Com,,ORBS,22890A302,,Equities,Small Cap,02/24/2026,N
768073,El Pollo Loco Hldgs Inc Com,,LOCO,268603107,,Equities,Small Cap,11/23/2024,N
2198599,Elanco Animal Health Inc Com,,ELAN,28414H103,,Equities,Small Cap,09/17/2024,N
2215503,Elastic N V Ord Shs,,ESTC,N14506104,,Equities,International,09/17/2024,N
658249,Electromed Inc Com,,ELMD,285409108,,Equities,Small Cap,07/09/2025,N
385252,Electronic Arts Inc Com,,EA,285512109,,Equities,Large Cap,06/28/2022,N
3629120,Eledon Pharmaceuticals Inc Com,,ELDN,28617K101,,Equities,Small Cap,07/22/2025,N
686119,Element Solutions Inc Com,,ESI,28618M106,,Equities,Small Cap,09/17/2024,N
1045,Elevance Health Inc Formerly A Com,,ELV,036752103,,Equities,Large Cap,06/28/2022,N
7227158,Elevation Oncol Contra,,,286CVR02,,Equities,Small Cap,07/25/2025,N
3920463,Elevation Oncology Inc Com,,,28623U101,,Equities,Small Cap,04/02/2025,N
2787,Eli Lilly & Co Com,,LLY,532457108,,Equities,Large Cap,06/28/2022,N
569620,Ellington Credit Company Com Shs Ben Int,,EARN,288578107,,Alternative Assets,REITs,12/23/2025,N
309962,Ellington Financial Inc Com,,EFC,28852N109,,Equities,Small Cap,09/17/2024,N
4688,Elme Communities Sh Ben Int,,ELME,939653101,,Equities,Small Cap,05/23/2025,N
4435036,Embecta Corp Common Stock,,EMBC,29082K105,,Equities,Mid Cap,08/11/2022,N
8243,Emcor Group Inc Com,,EME,29084Q100,,Equities,Mid Cap,09/17/2024,N
1563885,Emerald Holding Inc Com,,EEX,29103W104,,Equities,Small Cap,09/17/2024,N
116436,Emergent Biosolutions Inc Com,,EBS,29089Q105,,Equities,Small Cap,07/12/2025,N
5620945,Emerging Markets Stock Index Fund,,,,P_00344898,Equities,Emerging Markets,09/13/2023,N
134,Emerson Elec Co Com,,EMR,291011104,,Equities,Large Cap,12/27/2023,N
630103,Empire St Rlty Tr Inc Cl A,,ESRT,292104106,,Alternative Assets,REITs,04/26/2025,N
34850,Employers Hldgs Inc Com,,EIG,292218104,,Equities,Small Cap,11/23/2024,N
4063341,Enact Hldgs Inc Com,,ACT,29249E109,,Equities,Small Cap,11/23/2024,N
586953,Enanta Pharmaceuticals Inc Com,,ENTA,29251M106,,Equities,Small Cap,11/05/2024,N
5015,Enbridge Inc Com,,ENB,29250N105,,Equities,International,08/15/2025,N
31299,Encompass Health Corp Com,,EHC,29261A100,,Equities,Small Cap,09/17/2024,N
269249,Encore Cap Group Inc Com,,ECPG,292554102,,Equities,Small Cap,09/17/2024,N
4744649,Encore Energy Corp Com New,,EU,29259W700,,Equities,International,12/02/2025,N
3829909,Endeavor Group Hldgs Inc Cl A Com,,EDR,29260Y109,,Equities,Mid Cap,06/28/2022,N
922053,Energizer Hldgs Inc Com,,ENR,29272W109,,Equities,Small Cap,11/23/2024,N
734886,Energous Corp Com New,,WATT,29272C301,,Equities,Small Cap,12/13/2023,N
93925,Energy Fuels Inc Com New,,UUUU,292671708,,Equities,International,12/24/2024,N
155465,Energy Recovery Inc Com,,ERII,29270J100,,Equities,Small Cap,09/17/2024,N
189894,Energy Services Of Amer Corp Com,,ESOA,29271Q103,,Equities,Small Cap,07/12/2025,N
35964,Energy Transfer L P Com Ut Ltd Ptn,,ET,29273V100,,Equities,Mid Cap,02/19/2025,N
3794395,Energy Vault Holdings Inc Com,,NRGV,29280W109,,Equities,Small Cap,02/27/2025,N
8141,Enerpac Tool Group Corp Cl A Com,,EPAC,292765104,,Equities,Small Cap,11/23/2024,N
7130,Enersys Com,,ENS,29275Y102,,Equities,Small Cap,09/24/2024,N
4128990,Enfusion Inc Cl A,,ENFN,292812104,,Equities,Small Cap,09/17/2024,N
4616833,Enhabit Inc Com,,EHAB,29332G102,,Equities,Small Cap,09/17/2024,N
6521,Eni Spa Sponsored Adr,,E,26874R108,,Equities,International,08/15/2025,N
5113185,Enliven Therapeutics Inc Com,,ELVN,29337E102,,Equities,Small Cap,11/27/2024,N
5258,Ennis Inc Com,,EBF,293389102,,Equities,Small Cap,09/17/2024,N
816833,Enova Intl Inc Com,,ENVA,29357K103,,Equities,Small Cap,11/05/2024,N
88672,Enovis Corporation Com,,ENOV,194014502,,Equities,Small Cap,09/24/2024,N
3948317,Enovix Corporation Com,,ENVX,293594107,,Equities,Small Cap,01/24/2025,N
7212237,Enovix Corporation Wt Exp 100126,,ENVXW,293594131,,Equities,Small Cap,07/22/2025,N
417487,Enphase Energy Inc Com,,ENPH,29355A107,,Equities,Small Cap,06/28/2022,N
4947,Enpro Inc Com,,NPO,29355X107,,Equities,Small Cap,09/17/2024,N
183885,Ensign Group Inc Com,,ENSG,29358P101,,Equities,Small Cap,11/23/2024,N
75922,Enstar Group Limited Shs,,ESGR,G3075P101,,Equities,International,09/17/2024,N
5026,Entegris Inc Com,,ENTG,29362U104,,Equities,Mid Cap,03/01/2024,N
3307,Entergy Corp New Com,,ETR,29364G103,,Equities,Large Cap,06/28/2022,N
228555,Enterprise Bancorp Inc Mass Com,,EBTC,293668109,,Equities,Small Cap,03/08/2025,N
36023,Enterprise Finl Svcs Corp Com,,EFSC,293712105,,Equities,Small Cap,11/23/2024,N
419611,Enterprise Prods Oper Llc 5.7% 02/15/2042,,,29379VAV5,,Debt,Corporate Bonds,10/04/2025,N
1177,Enterprise Prods Partners L P Com,,EPD,293792107,,Equities,Large Cap,08/11/2022,N
4142659,Entrada Therapeutics Inc Com,,TRDA,29384C108,,Equities,Small Cap,10/11/2024,N
5027,Entravision Communications Cp Cl A,,EVC,29382R107,,Equities,Small Cap,01/24/2025,N
2966885,Envela Corp Com,,ELA,29402E102,,Equities,Small Cap,07/23/2025,N
5261,Enviri Corp Com,,NVRI,415864107,,Equities,Small Cap,12/27/2024,N
2814383,Envista Holdings Corporation Com,,NVST,29415F104,,Equities,Mid Cap,08/11/2022,N
5055,Eog Res Inc Com,,EOG,26875P101,,Equities,Large Cap,06/28/2022,N
3515167,Eos Energy Enterprises Inc Com Cl A,,EOSE,29415C101,,Equities,Small Cap,01/29/2025,N
462785,Epam Sys Inc Com,,EPAM,29414B104,,Equities,Mid Cap,06/28/2022,N
51849,Eplus Inc Com,,PLUS,294268107,,Equities,Small Cap,12/24/2024,N
490200,Epr Pptys Com Sh Ben Int,,EPR,26884U109,,Equities,Small Cap,09/17/2024,N
118522,Epsilon Energy Ltd Com,,EPSN,294375209,,Equities,International,07/19/2025,N
5757,Eqt Corp Com,,EQT,26884L109,,Equities,Small Cap,12/27/2023,N
4975,Equifax Inc Com,,EFX,294429105,,Equities,Mid Cap,06/28/2022,N
854961,Equinix Inc Com,,EQIX,29444U700,,Equities,Mid Cap,12/27/2023,N
7549,Equinor Asa Sponsored Adr,,EQNR,29446M102,,Equities,International,07/30/2025,N
2024545,Equitable Hldgs Inc Com,,EQH,29452E101,,Equities,Mid Cap,09/24/2024,N
1092571,Equity Bancshares Inc Com Cl A,,EQBK,29460X109,,Equities,Small Cap,11/23/2024,N
223975,Equity Comwlth Com Sh Ben Int,,EQC,294628102,,Equities,Small Cap,01/24/2025,N
7366478,Equity Income Fund,,,,F_01497503,Equities,Large Cap,08/26/2025,N
9252,Equity Lifestyle Properties Com,,ELS,29472R108,,Equities,Mid Cap,09/24/2024,N
1255,Equity Residential Sh Ben Int,,EQR,29476L107,,Equities,Large Cap,02/13/2024,N
3951494,Erasca Inc Com,,ERAS,29479A108,,Equities,Small Cap,12/24/2024,N
35854,Erie Indty Co Cl A,,ERIE,29530P102,,Equities,Mid Cap,05/07/2024,N
4240731,Ermenegildo Zegna N V Ord Shs,,ZGN,N30577105,,Equities,International,07/12/2025,N
4445308,Esab Corporation Com,,ESAB,29605J106,,Equities,Small Cap,09/24/2024,N
7123624,Esc Equity Comwlth Common Stock Reit,,,294ESC017,,Equities,Small Cap,06/17/2025,N
36095,Escalade Inc Com,,ESCA,296056104,,Equities,Small Cap,05/29/2025,N
24484,Esco Technologies Inc Com,,ESE,296315104,,Equities,Small Cap,09/17/2024,N
7502783,Escrow Wolfspeed Inc,,,977ESC02,,Equities,Small Cap,09/30/2025,N
596847,Esperion Therapeutics Inc New Com,,ESPR,29664W105,,Equities,Small Cap,01/24/2025,N
1626302,Esquire Finl Hldgs Inc Com,,ESQ,29667J101,,Equities,Small Cap,01/24/2025,N
96135,Essa Bancorp Inc Com,,ESSA,29667D104,,Equities,Small Cap,09/17/2024,N
645932,Essent Group Ltd Com,,ESNT,G3198U102,,Equities,International,09/24/2024,N
2087915,Essential Pptys Rlty Tr Inc Com,,EPRT,29670E107,,Alternative Assets,REITs,05/17/2025,N
8160,Essential Utils Inc Com,,WTRG,29670G102,,Equities,Mid Cap,09/24/2024,N
1196,Essex Ppty Tr Inc Com,,ESS,297178105,,Equities,Mid Cap,07/02/2022,N
2130326,Establishment Labs Hldgs Inc Com,,ESTA,G31249108,,Equities,International,11/23/2024,N
10424,Ethan Allen Interiors Inc Com,,ETD,297602104,,Equities,Small Cap,10/11/2024,N
2835188,Eton Pharmaceuticals Inc Com,,ETON,29772L108,,Equities,Small Cap,07/12/2025,N
3227235,Etracs Bloomberg Commodity Index Total Return Etn Series B,,DJCB,90269A450,,Alternative Assets,Commodities,04/29/2022,N
895898,Etsy Inc Com,,ETSY,29786A106,,Equities,Mid Cap,07/02/2022,N
8246,Euronet Worldwide Inc Com,,EEFT,298736109,,Equities,Small Cap,09/17/2024,N
3992227,European Wax Ctr Inc Class A Com,,EWCZ,29882P106,,Equities,Small Cap,12/24/2021,N
3633046,Eve Hldg Inc Com,,EVEX,29970N104,,Equities,Small Cap,12/24/2024,N
2198055,Eventbrite Inc Com Cl A,,EB,29975E109,,Equities,Small Cap,09/17/2024,N
608952,Eventide Healthcare & Life Sciences A,,ETAHX,62827M409,,Equities,Large Cap,10/14/2022,N
3177040,Evercommerce Inc Com,,EVCM,29977X105,,Equities,Small Cap,09/17/2024,N
89509,Evercore Inc Class A,,EVR,29977A105,,Equities,Small Cap,09/17/2024,N
2463,Everest Group Ltd Com,,EG,G3223R108,,Equities,International,02/13/2024,N
2057861,Evergy Inc Com,,EVRG,30034W106,,Equities,Mid Cap,06/28/2022,N
956540,Everi Hldgs Inc Com,,EVRI,30034T103,,Equities,Small Cap,10/11/2024,N
991360,Everpure Inc Cl A,,PSTG,74624M102,,Equities,Mid Cap,09/17/2024,N
2096891,Everquote Inc Com Cl A,,EVER,30041R108,,Equities,Small Cap,09/17/2024,N
3325,Eversource Energy Com,,ES,30040W108,,Equities,Large Cap,06/28/2022,N
1330967,Everspin Technologies Inc Com,,MRAM,30041T104,,Equities,Small Cap,11/27/2024,N
617847,Evertec Inc Com,,EVTC,30040P103,,Equities,International,09/17/2024,N
6524109,Everus Constr Group Com,,ECG,300426103,,Equities,Small Cap,11/02/2024,N
3930701,Evgo Inc Cl A Com,,EVGO,30052F100,,Equities,Small Cap,11/23/2024,N
310149,Evi Inds Inc Com,,EVI,26929N102,,Equities,Small Cap,05/29/2025,N
920054,Evolent Health Inc Cl A,,EVH,30050B101,,Equities,Small Cap,09/17/2024,N
1899330,Evolus Inc Com,,EOLS,30052C107,,Equities,Small Cap,09/17/2024,N
145841,Evolution Pete Corp Com,,EPM,30049A107,,Equities,Small Cap,11/23/2024,N
3417428,Evolv Technologies Hldngs Inc Com Cl A,,EVLV,30049H102,,Equities,Small Cap,10/11/2024,N
13389,Exact Sciences Corp Com,,EXAS,30063P105,,Equities,Mid Cap,06/28/2022,N
4460438,Excelerate Energy Inc Cl A Com,,EE,30069T101,,Equities,Small Cap,09/17/2024,N
1425904,Exela Technologies Inc Com,,XELA,30162V409,,Equities,Small Cap,12/21/2021,N
8251,Exelixis Inc Com,,EXEL,30161Q104,,Equities,Small Cap,09/17/2024,N
1898,Exelon Corp Com,,EXC,30161N101,,Equities,Large Cap,06/28/2022,N
82001,Exlservice Hldgs Inc Com,,EXLS,302081104,,Equities,Small Cap,09/24/2024,N
1162030,Exp World Hldgs Inc Com,,EXPI,30212W100,,Equities,Small Cap,10/11/2024,N
3703117,Expand Energy Corporation Com,,EXE,165167735,,Equities,Mid Cap,10/02/2024,N
62595,Expedia Group Inc Com New,,EXPE,30212P303,,Equities,Large Cap,02/13/2024,N
4966,Expeditors Intl Wash Inc Com,,EXPD,302130109,,Equities,Mid Cap,06/28/2022,N
4172626,Expensify Inc Com Cl A,,EXFY,30219Q106,,Equities,Small Cap,08/08/2025,N
21580,Exponent Inc Com,,EXPO,30214U102,,Equities,Small Cap,11/14/2024,N
611935,Expro Group Holdings Nv Com,,XPRO,N33462107,,Equities,International,11/23/2024,N
6907,Extra Space Storage Inc Com,,EXR,30225T102,,Equities,Mid Cap,06/28/2022,N
61,Extreme Networks Inc Com,,EXTR,30226D106,,Equities,Small Cap,09/17/2024,N
2771368,Exxon Mobil Corp 2.44% 08/16/2029,,,30231GBE1,,Debt,Corporate Bonds,10/04/2025,N
876,Exxon Mobil Corp Com,,XOM,30231G102,,Equities,Large Cap,09/09/2021,N
7657951,Exzeo Group Inc Com Shs,,XZO,30234F101,,To Be Classified,To Be Classified,04/03/2026,N
452812,Eyepoint Inc Com New,,EYPT,30233G209,,Equities,Small Cap,10/11/2024,N
7287040,Ezaki Glico Co Npv,,,,JP3161200005,Equities,International,08/04/2025,N
8253,Ezcorp Inc Cl A Non Vtg,,EZPW,302301106,,Equities,Small Cap,11/23/2024,N
4665584,Ezekiel Rattner 529,,,,2971_71845659001,Equities,All Cap,07/27/2022,N
34413,F N B Corp Com,,FNB,302520101,,Equities,Small Cap,09/17/2024,N
4924203,F&G Annuities & Life Inc Common Stock,,FG,30190A104,,Equities,Small Cap,11/05/2024,N
7346627,F/M Compoundr High Yield Bond Etf,,CPHY,74933W155,,Debt,Corporate Bonds,08/28/2025,N
7364820,F/M Compoundr U.S. Aggregate Bond Etf,,CPAG,74933W148,,Debt,Corporate Bonds,08/28/2025,N
4698604,F/M Us Treasury 3 Month Bill Fund,,TBIL,74933W452,,Debt,Corporate Bonds,09/11/2024,N
4806465,F/Prd,,F/PRD,,,Unclassified,Unclassified,12/14/2022,N
11501,F5 Inc Com,,FFIV,315616102,,Equities,Mid Cap,09/24/2024,N
292843,Fabrinet Shs,,FN,G3323L100,,Equities,International,09/17/2024,N
5514,Factset Resh Sys Inc Com,,FDS,303075105,,Equities,Mid Cap,12/27/2023,N
163370,Fair Isaac Corp Com,,FICO,303250104,,Equities,Mid Cap,05/07/2024,N
5772113,Falcons Beyond Global Inc Com Cl A,,FBYD,306121104,,Unclassified,Unclassified,02/14/2026,N
3960137,Faraday Future Intlgt Elec Inc Com New Cl A,,FFAI,307359885,,Equities,Small Cap,02/25/2026,N
434967,Farmers & Merchants Bancorp In Com,,FMAO,30779N105,,Equities,Small Cap,01/24/2025,N
54186,Farmers National Banc Corp Com,,FMNB,309627107,,Equities,Small Cap,11/23/2024,N
772275,Farmland Partners Inc Com,,FPI,31154R109,,Alternative Assets,REITs,05/29/2025,N
8256,Faro Technologies Inc Com,,FARO,311642102,,Equities,Small Cap,12/27/2024,N
5730,Fastenal Co Com,,FAST,311900104,,Equities,Mid Cap,06/28/2022,N
2632776,Fastly Inc Cl A,,FSLY,31188V100,,Equities,Small Cap,11/05/2024,N
248389,Fate Therapeutics Inc Com,,FATE,31189P102,,Equities,Small Cap,09/17/2024,N
6509845,Fb Bancorp Inc Com,,FBLA,31425A109,,Equities,Small Cap,07/22/2025,N
1304087,Fb Finl Corp Com,,FBK,30257X104,,Equities,Small Cap,11/23/2024,N
72,Fcash,,FCASH,,,Cash & Equivalents,Money Markets,06/27/2024,N
902815,Fdic Bank Deposit Sweep Not Covered By Sipc,,QIWSQ,FDIC33309,,Cash & Equivalents,Money Markets,09/24/2024,N
21567,Federal Agric Mtg Corp Cl C,,AGM,313148306,,Equities,Small Cap,09/17/2024,N
2336,Federal Rlty Invt Tr New Sh Ben Int New,,FRT,313745101,,Equities,Small Cap,09/24/2024,N
13643,Federal Signal Corp Com,,FSS,313855108,,Equities,Small Cap,11/23/2024,N
6558,Federated Hermes Inc Cl B,,FHI,314211103,,Equities,Small Cap,09/24/2024,N
143429,Federated Hermes Instl High Yield Bd Is,,FIHBX,31420B300,,Debt,Corporate Bonds,03/14/2023,N
908464,Federated Hermes Kaufmann Large Cap R6,,KLCSX,314172131,,Equities,Large Cap,10/02/2025,N
1459,Fedex Corp Com,,FDX,31428X106,,Equities,Large Cap,06/28/2022,N
269356,Fennec Pharmaceuticals Inc Com,,FENC,31447P100,,Equities,International,11/27/2024,N
794530,Ferguson Enterprises Inc Common Stock New,,FERG,31488V107,,Equities,International,12/27/2023,N
7517489,Fermi Inc Com,,FRMI,314911108,,Equities,Small Cap,01/10/2026,N
998852,Ferrari N V Com,,RACE,N3167Y103,,Equities,International,08/15/2025,N
173908,Ferroglobe Plc Shs,,GSM,G33856108,,Equities,International,08/21/2025,N
5342274,Ferrovial Se Ord Shs,,FER,N3168P101,,Equities,International,12/16/2025,N
5988619,Fibrobiologics Inc Com New,,FBLG,31573L204,,Equities,Small Cap,03/13/2025,N
5545965,Fidelis Insurance Holdings Ltd Com,,FIHL,G3398L118,,Equities,International,09/17/2024,N
338382,Fidelity 500 Index,,FXAIX,315911750,,Equities,Large Cap,08/11/2022,N
68703,Fidelity Advisor Intl Cap App I,,FCPIX,315920819,,Equities,International,05/05/2022,N
984417,Fidelity Advisor Multi-Asset Income I,,FAYZX,31638R733,,Equities,All Cap,08/10/2022,N
32586,Fidelity Advisor New Insights I,,FINSX,316071604,,Equities,Large Cap,09/03/2022,N
2296043,Fidelity Advisor New Markets Income I,,FGZMX,31641Q763,,Debt,International Bonds,09/03/2022,N
9467,Fidelity Advisor Strategic Income I,,FSRIX,315920801,,Debt,Corporate Bonds,08/10/2022,N
2995453,Fidelity Balanced K6,,FBKFX,316345818,,Equities,All Cap,11/18/2022,N
97607,Fidelity California Municipal Income,,FCTFX,316061209,,Debt,Municipal Bonds,08/11/2022,N
1102361,Fidelity Colchester Str Tr Tre Olpt Instl,,FRSXX,31607A802,,Cash & Equivalents,Money Markets,12/24/2024,N
422665,Fidelity D & D Bancorp Inc Com,,FDBC,31609R100,,Equities,Small Cap,04/29/2025,N
95970,Fidelity Hereford Str Tr Gov Mmk Fd,,SPAXX,31617H102,,Cash & Equivalents,Money Markets,12/23/2025,N
2191570,Fidelity Hereford Str Tr Govt Mny Mkt K6,,FNBXX,31617H862,,Cash & Equivalents,Money Markets,11/18/2022,N
893306,Fidelity Hereford Str Tr Money Mkt Prem,,FZDXX,31617H805,,Cash & Equivalents,Money Markets,03/12/2026,N
72962,Fidelity Hereford Str Tr Tres Only Mmktfd,,FDLXX,31617H300,,Cash & Equivalents,Money Markets,02/25/2026,N
2204819,Fidelity Interm Trs Bd Index,,FUAMX,31635V257,,Debt,Corporate Bonds,02/28/2026,N
473906,Fidelity International Index,,FSPSX,315911727,,Equities,International,07/07/2022,N
4838,Fidelity Japan,,FJPNX,315910885,,Equities,International,09/13/2023,N
1316104,Fidelity Large Cap Growth Idx,,FSPGX,31635V729,,Equities,Large Cap,07/07/2022,N
984,Fidelity Magellan,,FMAGX,316184100,,Equities,Large Cap,11/15/2023,N
885647,Fidelity Mid Cap Index,,FSMDX,316146265,,Equities,Mid Cap,07/07/2022,N
640377,Fidelity Msci Consumer Discretionary Index Etf,,FDIS,316092204,,Equities,Large Cap,10/21/2025,N
644753,Fidelity Msci Information Technology Index Etf,,FTEC,316092808,,Equities,Large Cap,10/21/2025,N
640327,Fidelity Msci Utilities Index Etf,,FUTY,316092865,,Equities,Large Cap,11/11/2021,N
98592,Fidelity Nasdaq Composite Index Etf,,ONEQ,315912808,,Equities,Large Cap,12/24/2021,N
757037,Fidelity Natl Finl Inc Com Shs,,FNF,31620R303,,Equities,Mid Cap,09/17/2024,N
30271,Fidelity Natl Information Svcs Com,,FIS,31620M106,,Equities,Large Cap,06/28/2022,N
31,Fidelity Phillips Street Trust Govt Cash Resv,,FDRXX,316067107,,Cash & Equivalents,Money Markets,10/02/2025,N
1316106,Fidelity Small Cap Index,,FSSNX,316146182,,Equities,Small Cap,08/24/2022,N
393171,Fidelity Total Market Index,,FSKAX,315911693,,Equities,Large Cap,08/11/2022,N
2617,Fifth Third Bancorp Com,,FITB,316773100,,Equities,Mid Cap,06/28/2022,N
3873956,Figs Inc Cl A,,FIGS,30260D103,,Equities,Small Cap,09/17/2024,N
7450229,Figure Technology Solutio Com Cl A,,FIGR,349381103,,Equities,Small Cap,01/14/2026,N
50011,Filana Therapeutics Inc Com,,SAVA,14817C107,,Equities,Small Cap,03/22/2025,N
6341832,Finance Of America Compan Cl A New,,FOA,31738L206,,Equities,Small Cap,07/12/2025,N
279635,Financial Institutions Inc Com,,FISI,317585404,,Equities,Small Cap,09/17/2024,N
129077,Finward Bancorp Com,,FNWD,31812F109,,Equities,Small Cap,07/24/2025,N
4191238,Finwise Bancorp Com,,FINW,31813A109,,Equities,Mid Cap,09/17/2025,N
7299719,Firefly Aerospace Inc Com,,FLY,31816X106,,Equities,Small Cap,02/06/2026,N
3917147,First Advantage Corp New Com,,FA,31846B108,,Equities,Small Cap,09/17/2024,N
8262,First Amern Finl Corp Com,,FAF,31847R102,,Equities,Small Cap,09/17/2024,N
29772,First Bancorp Corporation Com New,,FBP,318672706,,Equities,International,11/23/2024,N
102398,First Bancorp Inc Me Com,,FNLC,31866P102,,Equities,Small Cap,11/27/2024,N
157243,First Bancorp N C Com,,FBNC,318910106,,Equities,Small Cap,09/17/2024,N
576044,First Bancshares Inc Miss Com,,FBMS,318916103,,Equities,Small Cap,11/23/2024,N
111245,First Bk Williamstown New Jers Com,,FRBA,31931U102,,Equities,Small Cap,09/17/2024,N
67556,First Busey Corp Com New,,BUSE,319383204,,Equities,Small Cap,11/23/2024,N
135507,First Business Finl Svcs Inc W Com,,FBIZ,319390100,,Equities,Small Cap,09/17/2024,N
357127,First Cap Inc Com,,FCAP,31942S104,,Equities,Small Cap,07/23/2025,N
146126,First Cmnty Bankshares Inc Va Com,,FCBC,31983A103,,Equities,Small Cap,11/23/2024,N
221608,First Cmnty Corp S C Com,,FCCO,319835104,,Equities,Small Cap,07/12/2025,N
13731,First Comwlth Finl Corp Pa Com,,FCF,319829107,,Equities,Small Cap,11/23/2024,N
35852,First Ctzns Bancshares Inc Del Cl A,,FCNCA,31946M103,,Equities,Mid Cap,09/17/2024,N
53056,First Eagle Global I,,SGIIX,32008F606,,Equities,All Cap,03/05/2025,N
1270,First Eagle Overseas A,,SGOVX,32008F101,,Equities,International,02/21/2026,N
43802,First Eagle Overseas I,,SGOIX,32008F200,,Equities,International,03/05/2025,N
42606,First Eagle Rising Dividend Fund A,,FEFAX,32008F853,,Equities,Large Cap,03/05/2025,N
160947,First Eagle Us I,,FEVIX,32008F861,,Equities,Large Cap,03/05/2025,N
25856,First Financial Corporation Com,,THFF,320218100,,Equities,Small Cap,09/17/2024,N
296892,First Financial Northwest Inc Com,,FFNW,32022K102,,Equities,Small Cap,01/24/2025,N
69188,First Finl Bankshares Inc Com,,FFIN,32020R109,,Equities,Small Cap,09/24/2024,N
801271,First Fndtn Inc Com,,FFWM,32026V104,,Equities,Small Cap,09/17/2024,N
1256503,First Hawaiian Inc Com,,FHB,32051X108,,Equities,Small Cap,09/17/2024,N
2000,First Horizon Corporation Com,,FHN,320517105,,Equities,Small Cap,09/17/2024,N
2474,First Indl Rlty Tr Inc Com,,FR,32054K103,,Equities,Small Cap,10/19/2024,N
539657,First Internet Bancorp Com,,INBK,320557101,,Equities,Small Cap,01/29/2025,N
236068,First Intst Bancsystem Inc Com,,FIBK,32055Y201,,Equities,Small Cap,11/27/2024,N
22880,First Long Is Corp Com,,FLIC,320734106,,Equities,Small Cap,09/17/2024,N
12100,First Majestic Silver Corp Com,,AG,32076V103,,Equities,International,01/17/2025,N
29302,First Merchants Corp Com,,FRME,320817109,,Equities,Small Cap,12/24/2024,N
515661,First Mid Bancshares Inc Com,,FMBH,320866106,,Equities,Small Cap,11/23/2024,N
889572,First Mng Gold Corp Com,,FFMGF,320890106,,Equities,International,09/09/2025,N
417457,First Natl Corp Va Com,,FXNC,32106V107,,Equities,Small Cap,08/21/2025,N
35316,First Solar Inc Com,,FSLR,336433107,,Equities,Mid Cap,02/13/2024,N
999210,First Svgs Finl Group Inc Com,,FSFG,33621E109,,Equities,Small Cap,07/12/2025,N
687528,First Trust Buywrite Income Etf,,FTHI,33738R308,,Equities,Large Cap,12/23/2025,N
336504,First Trust Cloud Computing Etf,,SKYY,33734X192,,Equities,Large Cap,11/11/2021,N
72589,First Trust Dow Jones Internet Index Fund,,FDN,33733E302,,Equities,Large Cap,11/11/2021,N
248843,First Trust Industrials/Producer Durables Alphadex Fund,,FXR,33734X150,,Equities,Mid Cap,12/24/2021,N
1733588,First Trust Institutional Preferred Securities & Income Etf,,FPEI,33739P855,,Debt,Corporate Bonds,12/23/2025,N
886397,First Trust Low Duration Opportunities Etf,,LMBS,33739Q200,,Debt,Corporate Bonds,10/22/2022,N
875655,First Trust Nasdaq Buywrite Income Etf,,FTQI,33738R407,,Alternative Assets,Alternative Assets,12/23/2025,N
1379796,First Trust Nasdaq Oil & Gas Etf,,FTXN,33738R845,,Equities,Mid Cap,01/24/2025,N
540192,First Trust Preferred Securities & Income Etf,,FPE,33739E108,,Debt,Corporate Bonds,12/23/2025,N
304875,First Utd Corp Com,,FUNC,33741H107,,Equities,Small Cap,08/21/2025,N
4092130,First Watch Restaurant Group I Com,,FWRG,33748L101,,Equities,Small Cap,09/17/2024,N
2130350,First Westn Finl Inc Com,,MYFW,33751L105,,Equities,Small Cap,01/24/2025,N
22468,Firstcash Holdings Inc Com,,FCFS,33768G107,,Equities,Small Cap,09/17/2024,N
156,Firstenergy Corp Com,,FE,337932107,,Equities,Mid Cap,06/28/2022,N
4549954,Firstsun Cap Bancorp Com,,FSUN,33767U107,,Equities,Small Cap,07/12/2025,N
3576388,Fiscalnote Holdings Inc Cl A New,,NOTE,337655302,,Equities,Small Cap,01/24/2025,N
1936,Fiserv Inc Com,,FISV,337738108,,Equities,Large Cap,09/21/2022,N
629439,Fitlife Brands Inc Com New,,FTLF,33817P405,,Equities,Small Cap,12/02/2025,N
452301,Five Below Inc Com,,FIVE,33829M101,,Equities,Small Cap,09/17/2024,N
3839467,Five Star Bancorp Com,,FSBC,33830T103,,Equities,Small Cap,12/24/2024,N
729587,Five9 Inc Com,,FIVN,338307101,,Equities,Small Cap,09/17/2024,N
310894,Fiverr Intl Ltd Ord Shs,,FVRR,M4R82T106,,Equities,International,06/18/2024,N
490578,Flagstar Bank National Associa Com New,,FLG,649445400,,Equities,Small Cap,09/17/2024,N
2455099,Flex Lng Ltd Shs,,FLNG,G35947202,,Equities,International,11/23/2024,N
464227,Flexshares Morningstar Global Upstream Natural Resources Index Fund,,GUNR,33939L407,,Equities,International,03/25/2026,N
658779,Flexshares Ultra-Short Income Fund,,RAVI,33939L886,,Debt,Corporate Bonds,03/25/2026,N
214935,Flexsteel Inds Inc Com,,FLXS,339382103,,Equities,Small Cap,01/24/2025,N
6607,Flextronics Intl Ltd Ord,,FLEX,Y2573F102,,Equities,International,11/05/2024,N
1560775,Floor & Decor Hldgs Inc Cl A,,FND,339750101,,Equities,Mid Cap,03/22/2023,N
1919750,Florida Pwr & Lt Co 3.95% 03/01/2048,,,341081FQ5,,Debt,Corporate Bonds,10/04/2025,N
50090,Flotek Industries Inc Com New,,FTK,343389409,,Equities,Small Cap,07/08/2025,N
6740470,Flowco Hldgs Inc Com Cl A,,FLOC,342909108,,Equities,Small Cap,04/26/2025,N
4877,Flowers Foods Inc Com,,FLO,343498101,,Equities,Small Cap,09/17/2024,N
8267,Flowserve Corp Com,,FLS,34354P105,,Equities,Small Cap,09/17/2024,N
4139033,Fluence Energy Inc Com Cl A,,FLNC,34379V103,,Equities,Small Cap,09/17/2024,N
8268,Fluor Corp Com,,FLR,343412102,,Equities,Small Cap,09/17/2024,N
92084,Flushing Finl Corp Com,,FFIC,343873105,,Equities,Small Cap,09/17/2024,N
552977,Flutter Entmt Plc Shs,,FLUT,G3643J108,,Equities,International,02/01/2024,N
5926289,Flyexclusive Inc Com Cl A,,FLYX,343928107,,Equities,Small Cap,02/04/2026,N
3871641,Flywire Corporation Com Vtg,,FLYW,302492103,,Equities,Small Cap,09/17/2024,N
4636,Fmc Corp Com New,,FMC,302491303,,Equities,Small Cap,09/17/2024,N
549588,Fmi International Investor,,FMIJX,302933304,,Equities,International,04/26/2022,N
3460200,Foghorn Therapeutics Inc Com,,FHTX,344174107,,Equities,Small Cap,11/23/2024,N
4371832,Fold Hldgs Inc Com Cl A,,FLD,29103K100,,Equities,Small Cap,01/10/2026,N
5056,Foot Locker Inc Com,,FL,344849104,,Equities,Small Cap,09/17/2024,N
3798064,Forafric Global Plc Ordinary Shares,,AFRI,X3R81D102,,Equities,International,11/23/2024,N
4684844,Ford Mtr Co Call Nt 62,,F PRD,345370811,,Debt,High Yield,12/09/2022,N
1562,Ford Mtr Co Com,,F,345370860,,Equities,Large Cap,06/28/2022,N
1740972,Forestar Group Inc Com,,FOR,346232101,,Equities,Small Cap,09/17/2024,N
3694649,Forge Global Holdings Inc Com Shs,,FRGE,34629L202,,Equities,Small Cap,01/24/2025,N
8269,Formfactor Inc Com,,FORM,346375108,,Equities,Small Cap,11/23/2024,N
62738,Forrester Resh Inc Com,,FORR,346563109,,Equities,Small Cap,01/24/2025,N
178239,Fortinet Inc Com,,FTNT,34959E109,,Equities,Mid Cap,06/28/2022,N
12516,Fortis Inc Com,,FTS,349553107,,Equities,International,08/15/2025,N
1212809,Fortive Corp Com,,FTV,34959J108,,Equities,Large Cap,06/28/2022,N
5549788,Fortrea Hldgs Inc Common Stock,,FTRE,34965K107,,Equities,Small Cap,10/11/2024,N
360192,Fortune Brands Innovations Inc Com,,FBIN,34964C106,,Equities,Mid Cap,06/28/2022,N
420264,Forum Energy Technologies Inc Com,,FET,34984V209,,Equities,Small Cap,11/27/2024,N
5517,Forward Air Corp Com,,FWRD,34986A104,,Equities,Small Cap,09/17/2024,N
32930,Foster L B Co Com,,FSTR,350060109,,Equities,Small Cap,01/24/2025,N
1024139,Four Corners Ppty Tr Inc Com,,FCPT,35086T109,,Alternative Assets,REITs,05/17/2025,N
2460010,Fox Corp Cl A Com,,FOXA,35137L105,,Equities,Mid Cap,02/13/2024,N
2472358,Fox Corp Cl B Com,,FOX,35137L204,,Equities,Mid Cap,09/17/2024,N
611650,Fox Factory Hldg Corp Com,,FOXF,35138V102,,Equities,Small Cap,09/17/2024,N
11808,Fpa Crescent,,FPACX,30254T759,,Equities,All Cap,12/02/2021,N
5991012,Fractyl Health Inc Com,,GUTS,35168W103,,Equities,Small Cap,04/02/2025,N
353391,Franco Nev Corp Com,,FNV,351858105,,Equities,International,10/02/2025,N
4106887,Franklin Bsp Rlty Tr Inc Common Stock,,FBRT,35243J101,,Alternative Assets,REITs,09/17/2024,N
335065,Franklin Ca Interm-Term Tx-Fr Inc Adv,,FRCZX,352519888,,Debt,Municipal Bonds,05/05/2022,N
36281,Franklin Covey Co Com,,FC,353469109,,Equities,Small Cap,09/17/2024,N
932784,Franklin Dynatech R6,,FDTRX,353496656,,Equities,Large Cap,03/20/2025,N
9516,Franklin Elec Inc Com,,FELE,353514102,,Equities,Small Cap,09/17/2024,N
50272,Franklin Finl Svcs Corp Com,,FRAF,353525108,,Equities,Small Cap,07/23/2025,N
1847631,Franklin Ftse South Korea Etf,,FLKR,35473P710,,Equities,International,12/02/2021,N
16141,Franklin Growth Opportunities A,,FGRAX,354713687,,Equities,Large Cap,01/14/2022,N
1888341,Franklin Growth Opportunities R6,,FOPPX,354713356,,Equities,Large Cap,03/26/2025,N
734,Franklin Resources Inc Com,,BEN,354613101,,Equities,Mid Cap,06/28/2022,N
10766,Franklin Str Pptys Corp Com,,FSP,35471R106,,Equities,Small Cap,07/24/2025,N
3071977,Freedom Holding Corp Com,,FRHC,356390104,,Equities,Small Cap,12/24/2024,N
3131,Freeport Mcmoran Inc Cl B,,FCX,35671D857,,Equities,Mid Cap,06/28/2022,N
154379,Frequency Electrs Inc Com,,FEIM,358010106,,Equities,Small Cap,07/15/2025,N
2987,Fresenius Medical Care Ag Sponsored Adr,,FMS,358029106,,Equities,International,08/15/2025,N
8272,Fresh Del Monte Produce Inc Ord,,FDP,G36738105,,Equities,International,01/24/2025,N
62086,Freshpet Inc Com,,FRPT,358039105,,Equities,Small Cap,09/17/2024,N
4076609,Freshworks Inc Class A Com,,FRSH,358054104,,Equities,Small Cap,09/17/2024,N
158829,Friedman Inds Inc Com,,FRD,358435105,,Equities,Small Cap,07/30/2025,N
2206518,Frontdoor Inc Com,,FTDR,35905A109,,Equities,Small Cap,11/23/2024,N
3831727,Frontier Communications Parent Com,,FYBR,35909D109,,Equities,Small Cap,09/17/2024,N
3787624,Frontier Group Hldgs Inc Com,,ULCC,35909R108,,Equities,Small Cap,09/17/2024,N
6465879,Frontview Reit Inc Com,,FVR,35922N100,,Alternative Assets,REITs,03/08/2025,N
204593,Frost Total Return Bond Inst,,FIJEX,359246857,,Debt,Corporate Bonds,09/03/2022,N
828126,Frp Hldgs Inc Com,,FRPH,30292L107,,Equities,Small Cap,01/24/2025,N
554641,Fs Bancorp Inc Com,,FSBW,30263Y104,,Equities,Small Cap,09/17/2024,N
3599532,Fs Credit Opportunities Corp Common Stock,,FSCO,30290Y101,,Equities,Small Cap,12/23/2025,N
4159491,Ft Ut8957Bkoppo44Rm,,,30315U159,,Unclassified,Unclassified,09/01/2022,N
3888374,Ft Ut9358Btec53Frsa,,,30319Q873,,Unclassified,Unclassified,09/21/2022,N
3948343,Ft Ut9403Trdepofrsa,,,30320G856,,Unclassified,Unclassified,09/21/2022,N
3974428,Ft Ut9428Tese82Frsa,,,30320G799,,Unclassified,Unclassified,09/21/2022,N
3942594,Ft Ut9470Spdvd22Frm,,,30320G294,,Unclassified,Unclassified,09/21/2022,N
4023918,Ft Ut9520Cybse25Frm,,,30321P392,,Unclassified,Unclassified,09/21/2022,N
4055548,Ft Ut9534Innte32Frm,,,30321Q259,,Unclassified,Unclassified,09/21/2022,N
4051271,Ft Ut9535Airo17Frsa,,,30321Q291,,Unclassified,Unclassified,09/21/2022,N
4137297,Ft Ut9595Tecse83Rsa,,,30321Y195,,Unclassified,Unclassified,09/10/2022,N
4756052,Ft Ut9595Tese83Frsa,,,30321Y211,,Unclassified,Unclassified,09/21/2022,N
4096147,Ft Ut9602Amrepo7Rsa,,,30322C713,,Unclassified,Unclassified,09/10/2022,N
4736436,Ft Ut9625Theke16Rsa,,,30322C234,,Unclassified,Unclassified,09/10/2022,N
4152304,Ft Ut9698Cloco35Rsa,,,30322P110,,Unclassified,Unclassified,09/01/2022,N
4142197,Ft Ut9699Cybpor26Rm,,,30322P359,,Unclassified,Unclassified,09/01/2022,N
4207797,Ft Ut9732Biopo55Rsa,,,30322Q118,,Unclassified,Unclassified,09/01/2022,N
4213457,Ft Ut9734Airob18Rsa,,,30322Q738,,Unclassified,Unclassified,09/01/2022,N
4736437,Ft Ut9736Ecoop18Rsa,,,30322Q811,,Unclassified,Unclassified,09/10/2022,N
4351588,Ft Ut9763Devadi19Rm,,,30322Y434,,Unclassified,Unclassified,09/10/2022,N
4225954,Ft Ut9775Distpo55Rm,,,30323H190,,Unclassified,Unclassified,09/10/2022,N
4370081,Ft Ut9836Enese82Rsa,,,30323X237,,Unclassified,Unclassified,09/01/2022,N
4371654,Ft Ut9853Dists20Rm,,,30323U217,,Unclassified,Unclassified,09/01/2022,N
4721510,Ft Ut9877Imapor2Rsa,,,30323U571,,Unclassified,Unclassified,09/01/2022,N
4423414,Ft Ut9946Dists56Cm,,,30324V388,,Unclassified,Unclassified,12/09/2022,N
4429099,Ft Ut9977Amestpocsa,,,30325M189,,Unclassified,Unclassified,12/09/2022,N
924675,Ftai Aviation Ltd Shs,,FTAI,G3730V105,,Equities,International,09/17/2024,N
4673937,Ftai Infrastructure Inc Common Stock,,FIP,35953C106,,Equities,Small Cap,09/17/2024,N
888,Fti Consulting Inc Com,,FCN,302941109,,Equities,Small Cap,09/17/2024,N
1804168,Fubotv Inc Com New Cl A,,FUBO,35953D401,,Equities,Small Cap,09/17/2024,N
2738836,Fulcrum Therapeutics Inc Com,,FULC,359616109,,Equities,Small Cap,09/17/2024,N
1316986,Fulgent Genetics Inc Com,,FLGT,359664109,,Equities,Small Cap,09/17/2024,N
96386,Full Hse Resorts Inc Com,,FLL,359678109,,Equities,Small Cap,09/17/2024,N
33651,Fuller H B Co Com,,FUL,359694106,,Equities,Small Cap,09/17/2024,N
8274,Fulton Finl Corp Pa Com,,FULT,360271100,,Equities,Small Cap,11/23/2024,N
1779210,Funko Inc Com Cl A,,FNKO,361008105,,Equities,Small Cap,11/23/2024,N
2452746,Futu Hldgs Ltd Spon Ads Cl A,,FUTU,36118L106,,Equities,International,08/15/2025,N
113412,Futurefuel Corp Com,,FF,36116M106,,Equities,Small Cap,09/17/2024,N
310891,Fvcbankcorp Inc Com,,FVCB,36120Q101,,Equities,Small Cap,04/26/2025,N
90716,G Iii Apparel Group Ltd Com,,GIII,36237H101,,Equities,Small Cap,09/17/2024,N
655858,Gabelli Money Mkt Fds Us Treas Mkt,,GABXX,36239W106,,Cash & Equivalents,Money Markets,07/07/2022,N
13267,Gabelli Small Cap Growth Aaa,,GABSX,36239T103,,Equities,Small Cap,03/05/2025,N
76273,Gaia Inc New Cl A,,GAIA,36269P104,,Equities,Small Cap,07/08/2025,N
174700,Galaxy Digital Inc. Cl A,,GLXY,36317J209,,Equities,Small Cap,11/15/2025,N
322711,Galectin Therapeutics Inc Com New,,GALT,363225202,,Equities,Small Cap,04/26/2025,N
1813,Gallagher Arthur J & Co Com,,AJG,363576109,,Equities,Mid Cap,06/28/2022,N
3969115,Gambling Com Group Limited Ordinary Shares,,GAMB,G3R239101,,Equities,International,09/17/2024,N
2021,Gamestop Corp Cl A,,GME,36467W109,,Equities,Small Cap,06/28/2022,N
7528991,Gamestop Corp New Wt Exp 103026,,GME WS,36467W117,,Equities,Small Cap,10/08/2025,N
642734,Gaming & Leisure P Com,,GLPI,36467J108,,Alternative Assets,REITs,02/25/2025,N
1141,Gap Inc Com,,GAP,364760108,,Equities,Small Cap,09/17/2024,N
2142,Garmin Ltd Shs,,GRMN,H2906T109,,Equities,International,02/13/2024,N
2206516,Garrett Motion Inc Com,,GTX,366505105,,Equities,Small Cap,11/27/2024,N
8279,Gartner Inc Com,,IT,366651107,,Equities,Mid Cap,12/27/2023,N
1883416,Gates Indl Corp Plc Ord Shs,,GTES,G39108108,,Equities,International,09/17/2024,N
1370926,Gatos Silver Inc Com,,GATO,368036109,,Equities,Small Cap,10/11/2024,N
8280,Gatx Corp Com,,GATX,361448103,,Equities,Small Cap,09/24/2024,N
3712428,Gbank Finl Hldgs Inc Com,,GBFH,36166F100,,Equities,Small Cap,07/12/2025,N
7761391,Gci Liberty Inc C Rts Exp 12/17/2025 Sell From Cusip 36164V115,,,361SEL23,,Equities,Mid Cap,12/11/2025,N
7755917,Gci Liberty Inc C Rts Exp 12/17/2025 Subscribe From Cusip 36164V115,,,361SUB92,,Equities,Large Cap,12/18/2025,N
7170996,Gci Liberty Inc Com Ser A,,GLIBA,36164V602,,Equities,Small Cap,07/16/2025,N
7185679,Gci Liberty Inc Com Ser C,,GLIBK,36164V800,,Equities,Small Cap,07/16/2025,N
7717957,Gci Liberty Inc Rt Exp 121725 C,,GLIBR,36164V115,,Equities,Small Cap,12/02/2025,N
3524088,Gcm Grosvenor Inc Com Cl A,,GCMG,36831E108,,Equities,Small Cap,01/24/2025,N
4258422,Gct Semiconductor Hldg Inc Common Stock,,CNDB,20607V106,,Equities,Small Cap,04/02/2025,N
616,Ge Aerospace Com New,,GE,369604301,,Equities,Large Cap,11/15/2023,N
4979839,Ge Healthcare Technologies Inc Common Stock,,GEHC,36266G107,,Equities,Large Cap,11/15/2023,N
6085769,Ge Vernova Inc Com,,GEV,36828A101,,Equities,Large Cap,04/03/2024,N
1422,Gen Digital Inc Com,,GEN,668771108,,Equities,Mid Cap,09/17/2024,N
6963395,Gen Digital Inc Cvr,,GENVR,668771116,,Equities,Small Cap,04/22/2025,N
50861,Genco Shipping & Trading Ltd Shs,,GNK,Y2685T131,,Equities,Emerging Markets,11/23/2024,N
75438,Gencor Inds Inc Com,,GENC,368678108,,Equities,Small Cap,09/17/2024,N
5016231,Genedx Holdings Corp Com Cl A,,WGS,81663L200,,Equities,Small Cap,09/17/2024,N
199161,Generac Hldgs Inc Com,,GNRC,368736104,,Equities,Mid Cap,06/28/2022,N
5731,General Dynamics Corp Com,,GD,369550108,,Equities,Large Cap,06/28/2022,N
1176,General Mills Inc Com,,GIS,370334104,,Equities,Large Cap,06/28/2022,N
2657,General Mtrs Co Com,,GM,37045V100,,Equities,Large Cap,12/27/2023,N
3238180,Generation Bio Co Com New,,GBIO,37148K209,,Equities,Small Cap,02/15/2025,N
10066,Genesco Inc Com,,GCO,371532102,,Equities,Small Cap,09/17/2024,N
366904,Genie Energy Ltd Cl B,,GNE,372284208,,Equities,Small Cap,09/17/2024,N
3818786,Genius Sports Limited Shares Cl A,,GENI,G3934V109,,Equities,International,11/15/2025,N
2738753,Genmab A/S Sponsored Ads,,GMAB,372303206,,Equities,International,08/15/2025,N
976,Genpact Limited Shs,,G,G3922B107,,Equities,International,09/24/2024,N
3605,Gentex Corp Com,,GNTX,371901109,,Equities,Small Cap,09/24/2024,N
467419,Gentherm Inc Com,,THRM,37253A103,,Equities,Small Cap,09/17/2024,N
5057,Genuine Parts Co Com,,GPC,372460105,,Equities,Mid Cap,06/28/2022,N
680,Genworth Finl Inc Com Shs,,GNW,37247D106,,Equities,Small Cap,09/17/2024,N
21987,Geo Group Inc Com,,GEO,36162J106,,Equities,Small Cap,09/17/2024,N
2991346,Georgia Pwr Co 3.7% 01/30/2050,,,373334KN0,,Debt,Corporate Bonds,10/04/2025,N
474650,Geospace Technologies Corp Com,,GEOS,37364X109,,Equities,Small Cap,09/17/2024,N
35054,German Amern Bancorp Inc Com,,GABC,373865104,,Equities,Small Cap,12/24/2024,N
50860,Geron Corp Com,,GERN,374163103,,Equities,Small Cap,09/17/2024,N
3405068,Getty Images Holdings Inc Cl A Com,,GETY,374275105,,Equities,Small Cap,01/24/2025,N
1195,Getty Rlty Corp New Com,,GTY,374297109,,Equities,Small Cap,05/29/2025,N
355551,Gevo Inc Com Par,,GEVO,374396406,,Equities,Small Cap,12/02/2023,N
3076426,Gfl Environmental Inc Sub Vtg Shs,,GFL,36168Q104,,Equities,International,08/15/2025,N
13377,Gibraltar Inds Inc Com,,ROCK,374689107,,Equities,Small Cap,11/23/2024,N
4704627,Gigacloud Technology Inc Class A Ord,,GCT,G38644103,,Equities,International,03/08/2025,N
12130,Gildan Activewear Inc Com,,GIL,375916103,,Equities,International,08/15/2025,N
712,Gilead Sciences Inc Com,,GILD,375558103,,Equities,Large Cap,06/28/2022,N
3816757,Ginkgo Bioworks Holdings Inc Cl A New,,DNA,37611X209,,Equities,Large Cap,07/02/2022,N
4114764,Gitlab Inc Class A Com,,GTLB,37637K108,,Equities,Mid Cap,09/17/2024,N
8284,Glacier Bancorp Inc New Com,,GBCI,37637Q105,,Equities,Small Cap,09/24/2024,N
6926,Gladstone Cap Corp Com New,,GLAD,376535878,,Equities,Small Cap,10/15/2025,N
408265,Gladstone Commercial Corp Com,,GOOD,376536108,,Equities,Small Cap,09/17/2024,N
332813,Gladstone Ld Corp Com,,LAND,376549101,,Equities,Small Cap,05/23/2025,N
929070,Glaukos Corp Com,,GKOS,377322102,,Equities,Small Cap,09/17/2024,N
410536,Glenmede Disciplined Us Growth Eq Ptf,,GTLLX,378690770,,Equities,Large Cap,04/26/2022,N
3677794,Global Business Travel Group Com Cl A,,APSG,G0411R106,,Equities,International,10/04/2021,N
4547724,Global Business Travel Group Com Cl A,,GBTG,37890B100,,Equities,Small Cap,11/27/2024,N
42483,Global Industrial Company Com,,GIC,37892E102,,Equities,Small Cap,11/23/2024,N
598539,Global Net Lease Inc Com New,,GNL,379378201,,Alternative Assets,REITs,05/17/2025,N
10067,Global Pmts Inc Com,,GPN,37940X102,,Equities,Large Cap,12/27/2023,N
1175213,Global Wtr Res Inc Com,,GWRS,379463102,,Equities,Small Cap,11/23/2024,N
267507,Global X Copper Miners Etf,,COPX,37954Y830,,Equities,International,01/30/2026,N
850970,Global X Dax Germany Etf,,DAX,37954Y491,,Equities,International,05/19/2022,N
4551783,Global X Msci China Real Estate Etf,,,37954Y525,,Unclassified,Unclassified,08/30/2023,N
4973539,Global X Superdividend Reit Etf,,,37960A651,,Alternative Assets,REITs,12/23/2025,N
1505520,Global X U.S. Infrastructure Development Etf,,PAVE,37954Y673,,Equities,Mid Cap,11/11/2021,N
582069,Global X Uranium Etf,,URA,37954Y871,,Alternative Assets,Commodities,01/09/2024,N
2646382,Globalfoundries Inc Ordinary Shares,,GFS,G39387108,,Equities,International,02/13/2024,N
69875,Globalstar Inc Com New,,GSAT,378973507,,Equities,Small Cap,11/23/2024,N
764824,Globant S A Com,,GLOB,L44385109,,Equities,International,09/17/2024,N
13516,Globe Life Inc Com,,GL,37959E102,,Equities,Mid Cap,06/28/2022,N
538496,Globus Med Inc Cl A,,GMED,379577208,,Equities,Small Cap,09/17/2024,N
6523157,Gmo International Value Etf,,GMOI,90139K407,,Equities,International,05/10/2025,N
7219386,Gms Inc              Xxx Submitted For Cash Exp: 08/08/2025,,,36299730,,Equities,Mid Cap,08/07/2025,N
1196763,Gms Inc Com,,GMS,36251C103,,Equities,Small Cap,11/23/2024,N
886954,Godaddy Inc Cl A,,GDDY,380237107,,Equities,Mid Cap,09/17/2024,N
2675812,Goeasy Ltd Com,,RTO,,GB00B082RF11,Equities,International,09/13/2024,N
595071,Gogo Inc Com,,GOGO,38046C109,,Equities,Small Cap,09/17/2024,N
3286116,Gohealth Inc Cl A New,,GOCO,38046W204,,Equities,Small Cap,11/23/2024,N
67187,Golar Lng Ltd Shs,,GLNG,G9456A100,,Equities,International,11/23/2024,N
708567,Gold Com Inc Com,,GOLD,00181T107,,Equities,Small Cap,11/23/2024,N
948051,Golden Entmt Inc Com,,GDEN,381013101,,Equities,Small Cap,01/04/2025,N
2874176,Golden Nugget Online Gamin Com Cl A,,GNOG,38113L107,,Equities,Small Cap,07/02/2025,N
2675,Golden Ocean Group Ltd Shs New,,GOGL,G39637205,,Equities,International,09/17/2024,N
8050721,Goldentree Select Offshf Re Fund Ltd Class Cx D U R Series 157,,,,SCHWAB-2071842,Unclassified,Unclassified,02/24/2026,N
7952052,Goldentree Select Offshf Re Ltd Class Cx Series 1,,,,SCHWAB-2071781,To Be Classified,To Be Classified,03/27/2026,N
7924309,Goldentree Select Offshf Re Ltd Class Cx Series 4,,,,SCHWAB-2071785,Debt,Diversified Debt Fund,01/22/2026,N
8196402,Goldentree Select Partners Lp Class Cx-D2,,,38199N67,,To Be Classified,To Be Classified,04/01/2026,N
572744,Goldman Sachs Bdc Inc Shs,,GSBD,38147U107,,To Be Classified,To Be Classified,04/02/2026,N
5753422,Goldman Sachs Bk Usa 5.5% 2024,,,38150VNC9,,Debt,Corporate Bonds,11/15/2023,N
1463214,Goldman Sachs Gqg Ptnrs Intl Opps Instl,,GSIMX,38147N293,,Equities,International,07/20/2023,N
4122424,Goldman Sachs Group Inc 2.65% 10/21/2032,,,38141GYN8,,Debt,Corporate Bonds,10/04/2025,N
1122,Goldman Sachs Group Inc Com,,GS,38141G104,,Equities,Large Cap,09/21/2022,N
5819099,Goldman Sachs Nasdaq-100 Premium Income Etf,,GPIQ,38149W630,,Equities,Small Cap,12/23/2025,N
51957,Goldman Sachs Physical Gold Etf,,AAAU,38150K103,,Alternative Assets,Precious Metals,01/09/2022,N
5818495,Goldman Sachs S&P 500 Premium Income Etf,,GPIX,38149W622,,Alternative Assets,Alternative Assets,12/23/2025,N
151399,Goldman Sachs Tr Finl Sq Gv Ins,,FGTXX,38141W273,,Cash & Equivalents,Money Markets,10/02/2025,N
263738,Golub Cap Bdc Inc Com,,GBDC,38173M102,,Equities,Small Cap,03/05/2025,N
8173761,"Golub Capital Partners 14, L.P.",,,,2971_GCAP,Unclassified,Unclassified,03/25/2026,N
6792039,Golub Capital Private Credit Fund,,,,2971_GCRED,Debt,Diversified Debt Fund,02/10/2025,N
3401131,Goodrx Hldgs Inc Com Cl A,,GDRX,38246G108,,Equities,Small Cap,09/17/2024,N
4994,Goodyear Tire & Rubr Co Com,,GT,382550101,,Equities,Small Cap,09/17/2024,N
2008922,Goosehead Ins Inc Com Cl A,,GSHD,38267D109,,Equities,Small Cap,11/05/2024,N
755848,Gopro Inc Cl A,,GPRO,38268T103,,Equities,Small Cap,10/11/2024,N
42776,Gorman Rupp Co Com,,GRC,383082104,,Equities,Small Cap,11/23/2024,N
2414492,Gossamer Bio Inc Com,,GOSS,38341P102,,Equities,Small Cap,07/12/2025,N
4252762,Gpgi Inc Com Cl A,,GPGI,20459V105,,Equities,Small Cap,02/15/2025,N
3670047,Grab Holdings Limited Class A Ord,,GRAB,G4124C109,,Equities,International,08/15/2025,N
5518,Graco Inc Com,,GGG,384109104,,Equities,Mid Cap,09/24/2024,N
1991254,Graftech Intl Ltd Sr Nt Com New,,EAF,384313607,,Equities,Small Cap,01/24/2025,N
21582,Graham Corp Com,,GHM,384556106,,Equities,Small Cap,12/24/2024,N
8528,Graham Hldgs Co Com Cl B,,GHC,384637104,,Equities,Small Cap,09/24/2024,N
6232896,Grail Inc Com,,GRAL,384747101,,Equities,Large Cap,06/26/2024,N
119627,Grand Canyon Ed Inc Com,,LOPE,38526M106,,Equities,Small Cap,09/17/2024,N
8288,Granite Constr Inc Com,,GVA,387328107,,Equities,Small Cap,09/16/2022,N
1620872,Granite Pt Mtg Tr Inc Com Stk,,GPMT,38741L107,,Alternative Assets,REITs,01/24/2025,N
4827058,Granite Ridge Resources Inc Com,,GRNT,387432107,,Equities,Small Cap,12/24/2024,N
2055121,Graniteshares Gold Shares,,BAR,38748G101,,Alternative Assets,Precious Metals,10/21/2025,N
1976,Graphic Packaging Hldg Co Com,,GPK,388689101,,Equities,Small Cap,09/17/2024,N
34404,Gray Media Inc Com,,GTN,389375106,,Equities,Small Cap,09/17/2024,N
6326361,Grayscale Bitcoin Mini Trust Etf,,BTC,389930207,,Alternative Assets,Alternative Assets,08/01/2024,N
927992,Grayscale Bitcoin Trust Etf,,GBTC,389637109,,Alternative Assets,Alternative Assets,10/24/2023,N
97603,Great Lakes Dredge & Dock Corp Com,,GLDD,390607109,,Equities,Small Cap,11/23/2024,N
8125639,Great Lakes Dredge & Xxx Submitted For Cash Exp: 03/31/2026,,,390990729,,To Be Classified,To Be Classified,03/28/2026,N
23817,Great Southn Bancorp Inc Com,,GSBC,390905107,,Equities,Small Cap,11/23/2024,N
189879,Green Brick Partners Inc Com,,GRBK,392709101,,Equities,Small Cap,09/17/2024,N
241176,Green Dot Corp Cl A,,GDOT,39304D102,,Equities,Small Cap,11/05/2024,N
29803,Green Plains Inc Com,,GPRE,393222104,,Equities,Small Cap,09/17/2024,N
8292,Greenbrier Cos Inc Com,,GBX,393657101,,Equities,Small Cap,09/17/2024,N
174162,Greene Cnty Bancorp Inc Com,,GCBC,394357107,,Equities,Small Cap,04/02/2025,N
67510,Greenlight Cap Re Ltd Class A,,GLRE,G4095J109,,Equities,International,11/23/2024,N
3516956,Greenwich Lifesciences Inc Com,,GLSI,396879108,,Equities,Small Cap,03/13/2025,N
30145,Greif Inc Cl A,,GEF,397624107,,Equities,Small Cap,09/24/2024,N
255515,Greif Inc Cl B,,GEF B,397624206,,Equities,Small Cap,04/29/2025,N
3081291,Grid Dynamics Hldgs Inc Cl A,,GDYN,39813G109,,Equities,Small Cap,09/17/2024,N
1791,Griffon Corp Com,,GFF,398433102,,Equities,Small Cap,09/17/2024,N
4894326,Grindr Inc Com,,GRND,39854F101,,Equities,Small Cap,11/05/2024,N
2696233,Grocery Outlet Hldg Corp Com,,GO,39874R101,,Equities,Small Cap,09/17/2024,N
31572,Group 1 Automotive Inc Com,,GPI,398905109,,Equities,Small Cap,09/17/2024,N
368207,Groupon Inc Com New,,GRPN,399473206,,Equities,Small Cap,04/02/2025,N
1544778,Growgeneration Corp Com,,GRWG,39986L109,,Equities,Small Cap,12/24/2021,N
5243862,Growth Factor Ventures Fund I,,,,2971_GFV I,Equities,Small Cap,04/19/2023,N
972,Gsk Plc Sponsored Adr,,GSK,37733W204,,Equities,International,02/19/2025,N
1497357,Guaranty Bancshares Inc Tex Com,,GNTY,400764106,,Equities,Small Cap,11/23/2024,N
2214158,Guardant Health Inc Com,,GH,40131M109,,Equities,Small Cap,09/17/2024,N
6455885,Guardian Pharmacy Svcs Inc Cl A,,GRDN,40145W101,,Equities,Small Cap,03/08/2025,N
12286,Guess Inc Com,,GES,401617105,,Equities,Small Cap,01/24/2025,N
4010283,Guggenheim Defined Portfolios Ut2146Bluchdi5Rm,,,40177B157,,Unclassified,Unclassified,08/02/2022,N
925514,Guggenheim Total Return Bond P,,GIBLX,40169J879,,Debt,Corporate Bonds,08/11/2022,N
399216,Guidewire Software Inc Com,,GWRE,40171V100,,Equities,Mid Cap,09/17/2024,N
3860812,Gulfport Energy Corp Common Shares,,GPOR,402635502,,Equities,Small Cap,11/23/2024,N
3978037,Gxo Logistics Incorporated Common Stock,,GXO,36262G101,,Equities,Small Cap,09/24/2024,N
96471,Gyre Therapeutics Inc Com,,GYRE,403783103,,Equities,Small Cap,04/02/2025,N
6888885,H & E Equip Svcs Inc Xxx Submitted For Cash/Stock Exp: 04/15/2025,,,40499888,,Equities,Small Cap,04/12/2025,N
79490,H & E Equipment Services Inc Com,,HEES,404030108,,Equities,Small Cap,09/17/2024,N
4243874,H.I.S. Co Ltd Npv,,,,JP3160740001,Equities,International,12/21/2021,N
39122,H2O America Com,,HTO,784305104,,Equities,Small Cap,11/23/2024,N
564730,Ha Sustainable Infra Cap Inc Com,,HASI,41068X100,,Alternative Assets,REITs,12/24/2024,N
84009,Hackett Group Inc Com,,HCKT,404609109,,Equities,Small Cap,12/27/2024,N
1833,Haemonetics Corp Mass Com,,HAE,405024100,,Equities,Small Cap,09/24/2024,N
4213453,Hagerty Inc Cl A Com,,HGTY,405166109,,Equities,Small Cap,11/05/2025,N
5760,Hain Celestial Group Inc Com,,HAIN,405217100,,Equities,Small Cap,09/17/2024,N
4649178,Haleon Plc Spon Ads,,HLN,405552100,,Equities,International,02/19/2025,N
559680,Hallador Energy Company Com,,HNRG,40609P105,,Equities,Small Cap,09/17/2024,N
1956,Halliburton Co Com,,HAL,406216101,,Equities,Mid Cap,06/28/2022,N
29476,Halozyme Therapeutics Inc Com,,HALO,40637H109,,Equities,Small Cap,09/17/2024,N
1734910,Hamilton Beach Brands Hldg Co Com Cl A,,HBB,40701T104,,Equities,Small Cap,04/26/2025,N
1240832,Hamilton Insurance Group Ltd. Cl B,,HG,G42706104,,Equities,International,11/23/2024,N
1490912,Hamilton Lane Inc Cl A,,HLNE,407497106,,Equities,Small Cap,09/17/2024,N
13644,Hancock Whitney Corporation Com,,HWC,410120109,,Equities,Small Cap,09/24/2024,N
24916,Hanesbrands Inc Com,,HBI,410345102,,Equities,Small Cap,09/17/2024,N
438228,Hanmi Finl Corp Com New,,HAFC,410495204,,Equities,Small Cap,09/17/2024,N
4514094,Hanover Bancorp Inc Com,,HNVR,410709109,,Equities,Large Cap,08/09/2025,N
12341,Hanover Ins Group Inc Com,,THG,410867105,,Equities,Small Cap,09/17/2024,N
192615,Harbor Diversified Inc Com,,HRBR,41150R102,,Equities,Small Cap,06/24/2023,N
7654925,Harborone Banco Contra,,,411PRO01,,Equities,Small Cap,11/05/2025,N
1342031,Harborone Bancorp Inc New Com New,,HONE,41165Y100,,Equities,Small Cap,11/23/2024,N
7528081,Harborone Bancorp Incxxx Submitted Stock Election Exp: 10/28/2025,,,411STK01,,Equities,Small Cap,10/25/2025,N
23883,Harley Davidson Inc Com,,HOG,412822108,,Equities,Mid Cap,08/11/2022,N
798,Harmonic Inc Com,,HLIT,413160102,,Equities,Small Cap,09/17/2024,N
3333445,Harmony Biosciences Hldgs Inc Com,,HRMY,413197104,,Equities,Small Cap,09/17/2024,N
117009,Harrow Inc Com,,HROW,415858109,,Equities,Small Cap,09/17/2024,N
1671593,Hartford Growth Opportunities F,,HGOFX,41665X644,,Equities,Large Cap,03/20/2025,N
679,Hartford Insurance Group Inc Com,,HIG,416515104,,Equities,Large Cap,06/28/2022,N
30897,Harvard Bioscience Inc Com,,HBIO,416906204,,Equities,Small Cap,11/27/2024,N
27937,Hasbro Inc Com,,HAS,418056107,,Equities,Small Cap,09/17/2024,N
4223839,Hashicorp Inc Com Cl A,,HCP,418100103,,Equities,Small Cap,09/17/2024,N
27086,Haverty Furniture Cos Inc Com,,HVT,419596101,,Equities,Small Cap,11/05/2024,N
5401,Hawaiian Elec Inds Inc Mtn Be Com,,HE,419870100,,Equities,Small Cap,09/17/2024,N
5899,Hawaiian Holdings Inc Com,,HA,419879101,,Equities,Small Cap,09/17/2024,N
24746,Hawkins Inc Com,,HWKN,420261109,,Equities,Small Cap,11/23/2024,N
104715,Hawthorn Bancshares Inc Com,,HWBK,420476103,,Equities,Small Cap,08/09/2025,N
3751228,Hayward Hldgs Inc Com,,HAYW,421298100,,Equities,Small Cap,09/17/2024,N
2849715,Hbt Finl Inc. Com,,HBT,404111106,,Equities,Small Cap,11/23/2024,N
112,Hca Healthcare Inc Com,,HCA,40412C101,,Equities,Large Cap,06/28/2022,N
485662,Hci Group Inc Com,,HCI,40416E103,,Equities,Small Cap,09/17/2024,N
2748514,Health Catalyst Inc Com,,HCAT,42225T107,,Equities,Small Cap,09/17/2024,N
204268,Health Discovery Corp Com,,HDVY,42218R100,,Equities,Small Cap,03/05/2025,N
441048,Healthcare Rlty Tr Cl A Com,,HR,42226K105,,Alternative Assets,REITs,09/17/2024,N
13368,Healthcare Svcs Group Inc Com,,HCSG,421906108,,Equities,Small Cap,09/17/2024,N
427466,Healthequity Inc Com,,HQY,42226A107,,Equities,Small Cap,09/24/2024,N
2027,Healthpeak Properties Inc Com,,DOC,42250P103,,Equities,Large Cap,06/28/2022,N
201259,Healthstream Inc Com,,HSTM,42222N103,,Equities,Small Cap,09/17/2024,N
7304154,Heartflow Inc Com,,HTFL,42238D107,,Equities,Small Cap,01/10/2026,N
22005,Heartland Express Inc Com,,HTLD,422347104,,Equities,Small Cap,11/05/2024,N
95054,Heartland Finl Usa Inc Com,,HTLF,42234Q102,,Equities,Small Cap,11/23/2024,N
1034,Hecla Mining Company Com,,HL,422704106,,Equities,Small Cap,11/23/2024,N
61123,Heico Corp New Cl A,,HEI A,422806208,,Equities,Mid Cap,09/17/2024,N
53151,Heico Corp New Com,,HEI,422806109,,Equities,Mid Cap,12/27/2023,N
52861,Heidrick & Struggles Intl Inc Com,,HSII,422819102,,Equities,Small Cap,11/05/2024,N
3209396,Helen Of Troy Corp Usd0.10,,,,BMG4388N1065,Equities,International,03/24/2023,N
29355,Helen Of Troy Ltd Com,,HELE,G4388N106,,Equities,International,09/24/2024,N
88479,Helios Technologies Inc Com,,HLIO,42328H109,,Equities,Small Cap,09/17/2024,N
11011,Helix Energy Solutions Grp Inc Com,,HLX,42330P107,,Equities,Small Cap,10/11/2024,N
8295,Helmerich & Payne Inc Com,,HP,423452101,,Equities,Small Cap,11/23/2024,N
1816,Henry Jack & Assoc Inc Com,,JKHY,426281101,,Equities,Mid Cap,10/19/2024,N
12288,Herbalife Ltd Com Shs,,HLF,G4412G101,,Equities,International,11/23/2024,N
1217470,Herc Hldgs Inc Com,,HRI,42704L104,,Equities,Small Cap,09/17/2024,N
46702,Heritage Comm Corp Com,,HTBK,426927109,,Equities,Small Cap,01/24/2025,N
134627,Heritage Finl Corp Wash Com,,HFWA,42722X106,,Equities,Small Cap,11/23/2024,N
739532,Heritage Insurance Hldgs Inc Com,,HRTG,42727J102,,Equities,Small Cap,09/17/2024,N
143400,Heron Therapeutics Inc Com,,HRTX,427746102,,Equities,Small Cap,09/17/2024,N
3945,Hershey Co Com,,HSY,427866108,,Equities,Large Cap,06/28/2022,N
3928834,Hertz Global Hldgs Inc Com New,,HTZ,42806J700,,Equities,Small Cap,10/11/2024,N
12583,Hess Corp Com,,HES,42809H107,,Equities,Mid Cap,10/04/2021,N
1012063,Hewlett Packard Enterprise Co Com,,HPE,42824C109,,Equities,Large Cap,06/28/2022,N
4941,Hexcel Corp New Com,,HXL,428291108,,Equities,Small Cap,09/17/2024,N
2111563,Hf Foods Group Inc Com,,HFFG,40417F109,,Equities,Small Cap,01/24/2025,N
334275,Hf Sinclair Corp Com,,DINO,403949100,,Equities,Small Cap,09/17/2024,N
3342504,Highpeak Energy Inc Com,,HPK,43114Q105,,Equities,Small Cap,11/23/2024,N
2337,Highwoods Pptys Inc Com,,HIW,431284108,,Equities,Small Cap,05/17/2025,N
84169,Hillenbrand Inc Com,,HI,431571108,,Equities,Small Cap,09/17/2024,N
4489840,Hillevax Inc Com,,HLVX,43157M102,,Equities,Small Cap,11/05/2024,N
3948303,Hillman Solutions Corp Com,,HLMN,431636109,,Equities,Small Cap,11/27/2024,N
65560,Hilltop Hldgs Inc Com,,HTH,432748101,,Equities,Small Cap,11/23/2024,N
1404235,Hilton Grand Vacations Inc Com,,HGV,43283X105,,Equities,Small Cap,09/24/2024,N
2282,Hilton Worldwide Hldgs Inc Com,,HLT,43300A203,,Equities,Large Cap,06/28/2022,N
4824086,Himalaya Shipping Ltd Ord Shs,,HSPPF,G4660A103,,Equities,Small Cap,12/24/2024,N
3665674,Hims & Hers Health Inc Com Cl A,,HIMS,433000106,,Equities,Small Cap,09/17/2024,N
103251,Hingham Instn Svgs Mass Com,,HIFS,433323102,,Equities,Small Cap,03/13/2025,N
3986635,Hippo Hldgs Inc Com New,,HIPO,433539202,,Equities,Small Cap,11/05/2024,N
1172803,Hirequest Inc Com,,HQI,433535101,,Equities,Small Cap,05/29/2025,N
11993,Hni Corp Com,,HNI,404251100,,Equities,Small Cap,01/24/2025,N
3951856,Holley Inc Com,,HLLY,43538H103,,Equities,Small Cap,01/24/2025,N
29278,Hologic Inc Com,,HOLX,436440101,,Equities,Mid Cap,06/28/2022,N
34539,Home Bancshares Inc Com,,HOMB,436893200,,Equities,Small Cap,09/17/2024,N
16,Home Depot Inc Com,,HD,437076102,,Equities,Large Cap,10/04/2021,N
111037,Homebancorp Inc Com,,HBCP,43689E107,,Equities,Small Cap,09/17/2024,N
642634,Hometrust Bancshares Inc Com,,HTB,437872104,,Equities,Small Cap,12/24/2024,N
4907,Honda Motor Co Ltd Adr Ech Cnv In 3,,HMC,438128308,,Equities,International,08/15/2025,N
3839112,Honest Co Inc Com,,HNST,438333106,,Equities,Small Cap,09/17/2024,N
155,Honeywell Intl Inc Com,,HON,438516106,,Equities,Large Cap,06/28/2022,N
896324,Hood River Small-Cap Growth Instl,,HRSMX,56170L208,,Equities,Small Cap,03/05/2025,N
21584,Hooker Furnishings Corporation Com,,HOFT,439038100,,Equities,Small Cap,10/11/2024,N
378588,Hope Bancorp Inc Com,,HOPE,43940T109,,Equities,Small Cap,11/23/2024,N
4665583,Hope Rattner 529,,,,2971_HOPE RATTNER 529,Equities,All Cap,07/27/2022,N
13645,Horace Mann Educators Corp New Com,,HMN,440327104,,Equities,Small Cap,09/17/2024,N
127969,Horizon Bancorp Ind Com,,HBNC,440407104,,Equities,Small Cap,09/17/2024,N
302906,Horizon Technology Fin Corp Com,,HRZN,44045A102,,Equities,Small Cap,12/23/2025,N
12334,Hormel Foods Corp Com,,HRL,440452100,,Equities,Large Cap,06/28/2022,N
2338,Host Hotels & Resorts Inc Com,,HST,44107P104,,Equities,Mid Cap,10/17/2024,N
952543,Houlihan Lokey Inc Cl A,,HLI,441593100,,Equities,Mid Cap,09/24/2024,N
10045,Hovnanian Enterprises Inc Cl A New,,HOV,442487401,,Equities,Small Cap,09/17/2024,N
262391,Howard Hughes Holdings Inc Com,,HHH,44267T102,,Equities,Small Cap,09/17/2024,N
1412,Howmet Aerospace Inc Com,,HWM,443201108,,Equities,Mid Cap,12/27/2023,N
711,Hp Inc Com,,HPQ,40434L105,,Equities,Large Cap,06/28/2022,N
2630167,Hsbc Hldgs Plc 3.973% 05/22/2030,,,404280CC1,,Debt,International Bonds,10/04/2025,N
4905,Hsbc Hldgs Plc Spon Adr New,,HSBC,404280406,,Equities,International,08/15/2025,N
8299,Hub Group Inc Cl A,,HUBG,443320106,,Equities,Small Cap,11/23/2024,N
1057946,Hubbell Inc Com,,HUBB,443510607,,Equities,Mid Cap,09/24/2024,N
802200,Hubspot Inc Com,,HUBS,443573100,,Equities,Mid Cap,12/27/2023,N
222264,Hudson Pacific Properties Inc Com,,HPP,444097406,,Equities,Small Cap,03/08/2025,N
64275,Hudson Technologies Inc Com,,HDSN,444144109,,Equities,Small Cap,11/23/2024,N
4033385,Humacyte Inc Com,,HUMA,44486Q103,,Equities,Small Cap,11/05/2024,N
730,Humana Inc Com,,HUM,444859102,,Equities,Large Cap,06/28/2022,N
530900,Humanigen Inc Com New,,HGEN,444863203,,Equities,Small Cap,06/02/2022,N
12019,Hunt J B Trans Svcs Inc Com,,JBHT,445658107,,Equities,Mid Cap,06/28/2022,N
2674,Huntington Bancshares Inc Com,,HBAN,446150104,,Equities,Mid Cap,06/28/2022,N
302381,Huntington Ingalls Inds Inc Com,,HII,446413106,,Equities,Mid Cap,06/17/2023,N
2448,Huntsman Corp Com,,HUN,447011107,,Equities,Small Cap,09/17/2024,N
53673,Huron Consulting Group Inc Com,,HURN,447462102,,Equities,Small Cap,11/23/2024,N
5886448,Hut 8 Corp Com,,HUT,44812J104,,Equities,Small Cap,09/17/2024,N
22234,Hyatt Hotels Corp Com Cl A,,H,448579102,,Equities,Mid Cap,09/17/2024,N
3016064,Hyliion Holdings Corp Common Stock,,HYLN,449109107,,Equities,Small Cap,11/23/2024,N
474554,Hyster-Yale Inc Cl A,,HY,449172105,,Equities,Small Cap,11/05/2024,N
3804394,I-80 Gold Corp Com,,IAUCF,44955L106,,Equities,International,12/24/2024,N
2087892,I3 Verticals Inc Com Cl A,,IIIV,46571Y107,,Equities,Small Cap,09/17/2024,N
3268168,Iac Inc Com New,,IAC,44891N208,,Equities,Small Cap,09/17/2024,N
3320456,Ibex Ltd Shs New,,IBEX,G4690M101,,Equities,International,09/17/2024,N
6126705,Ibotta Inc Class A Com Shs,,IBTA,451051106,,Equities,Small Cap,01/24/2025,N
68076,Icf Intl Inc Com,,ICFI,44925C103,,Equities,Small Cap,11/23/2024,N
1395284,Ichor Holdings Shs,,ICHR,G4740B105,,Equities,International,09/17/2024,N
6757,Icu Med Inc Com,,ICUI,44930G107,,Equities,Small Cap,09/17/2024,N
8302,Idacorp Inc Com,,IDA,451107106,,Equities,Small Cap,09/24/2024,N
1332071,Idaho Strategic Resources Com New,,IDR,645827205,,Equities,Small Cap,07/12/2025,N
2643008,Ideaya Biosciences Inc Com,,IDYA,45166A102,,Equities,Small Cap,09/17/2024,N
11789,Idex Corp Com,,IEX,45167R104,,Equities,Mid Cap,09/24/2024,N
6703,Idexx Labs Inc Com,,IDXX,45168D104,,Equities,Large Cap,12/27/2023,N
50850,Idt Corp Cl B New,,IDT,448947507,,Equities,Small Cap,11/05/2024,N
5982578,Ieq Capital Access Fund - Brp Secondaryv Lp,,,32599N96,,Equities,Small Cap,02/25/2026,N
4825815,Ieq Capital Access Fund - Dcp V Lp,,,32599S59,,Equities,Mid Cap,03/12/2026,N
5982577,Ieq Capital Access Fund - Four Peaks Fund 1 Lp,,,32599L22,,Equities,Small Cap,02/28/2026,N
4940626,Ieq Capital Access Fund - Glendower Sof V Lp,,,32599J14,,Equities,Small Cap,02/28/2026,N
4630466,Ieq Capital Access Fund - S2 Multifamily Value-Add Fund I Lp,,,32599L10,,Equities,Small Cap,02/28/2026,N
8068756,Ieq Capital Access Fund Private Equity Select 2023 Fund Lp,,,32599N81,,Equities,Small Cap,02/28/2026,N
50098,Ies Holdings Inc Com,,IESC,44951W106,,Equities,Small Cap,11/05/2024,N
2814493,Igm Biosciences Inc Com,,IGMS,449585108,,Equities,Small Cap,01/24/2025,N
4756343,Ihara Science Corp Npv,,,,JP3148400009,Unclassified,Unclassified,09/21/2022,N
2557315,Iheartmedia Inc Com Cl A,,IHRT,45174J509,,Equities,Small Cap,02/27/2025,N
133,Illinois Tool Wks Inc Com,,ITW,452308109,,Equities,Large Cap,06/28/2022,N
26315,Illumina Inc Com,,ILMN,452327109,,Equities,Large Cap,12/27/2023,N
39291,Imax Corp Com,,IMAX,45245E109,,Equities,International,09/17/2024,N
62077,Immersion Corp Com,,IMMR,452521107,,Equities,Small Cap,09/17/2024,N
944411,Immunitybio Inc Com,,IBRX,45256X103,,Equities,Small Cap,03/08/2025,N
3416692,Immunome Inc Com,,IMNM,45257U108,,Equities,Small Cap,11/27/2024,N
3041867,Immunovant Inc Com,,IMVT,45258J102,,Equities,Small Cap,09/17/2024,N
10172,Impala Platinum Holdings Ltd Sponsored Adr,,IMPUY,452553308,,Equities,Emerging Markets,03/05/2025,N
53820,Imperial Oil Ltd Com New,,IMO,453038408,,Equities,International,02/01/2022,N
1244069,Impinj Inc Com,,PI,453204109,,Equities,Small Cap,09/17/2024,N
3194141,Inari Med Inc Com,,NARI,45332Y109,,Equities,Small Cap,09/17/2024,N
6767761,Inari Med Inc Com - Contra Cusip - Tender From Cusip 45332Y109,,,45399418,,Equities,Small Cap,02/14/2025,N
31079,Incyte Corp Com,,INCY,45337C102,,Equities,Mid Cap,06/28/2022,N
612618,Independence Rlty Tr Inc Com,,IRT,45378A106,,Equities,Small Cap,05/20/2025,N
557763,Independent Bank Group Inc Com,,IBTX,45384B106,,Equities,Small Cap,11/27/2024,N
33542,Independent Bk Corp Mass Com,,INDB,453836108,,Equities,Small Cap,09/17/2024,N
72272,Independent Bk Corp Mich Com New,,IBCP,453838609,,Equities,Small Cap,11/23/2024,N
3897080,Indie Semiconductor Inc Class A Com,,INDI,45569U101,,Equities,Small Cap,10/11/2024,N
4800128,Indivior Pharmaceuticals Inc Com,,INDV,45579U109,,Equities,International,07/12/2025,N
1860334,Industrial Logistics Pptys Tr Com Shs Ben Int,,ILPT,456237106,,Alternative Assets,REITs,05/17/2025,N
6774965,Infinity Nat Res Inc Com Cl A,,INR,456941103,,Equities,Small Cap,05/23/2025,N
4475755,Inflation Protected Bond Fund,,,,P_00344883,Government Debt,Govt/Inflation,08/10/2023,N
4137773,Informatica Inc Com Cl A,,INFA,45674M101,,Equities,Small Cap,09/24/2024,N
550997,Information Svcs Group Inc Com,,III,45675Y104,,Equities,Small Cap,11/27/2024,N
318168,Infusystem Hldgs Inc Com,,INFU,45685K102,,Equities,Small Cap,11/27/2024,N
1578983,Ingersoll Rand Inc Com,,IR,45687V106,,Equities,Mid Cap,06/28/2022,N
1185093,Ingevity Corp Com,,NGVT,45688C107,,Equities,Small Cap,09/17/2024,N
35331,Ingles Mkts Inc Cl A,,IMKTA,457030104,,Equities,Small Cap,11/23/2024,N
6510637,Ingram Micro Hldg Corp Com,,INGM,457152106,,Equities,Small Cap,01/15/2025,N
440406,Ingredion Inc Com,,INGR,457187102,,Equities,Small Cap,09/17/2024,N
3613532,Inhibikase Therapeutics Inc Com New,,IKT,45719W205,,Equities,Small Cap,11/18/2025,N
6203761,Inhibrx Biosciences Inc Com,,INBX,45720N103,,Equities,Small Cap,09/17/2024,N
2765956,Inmode Ltd Shs,,INMD,M5425M103,,Equities,International,12/24/2024,N
2426682,Inmune Bio Inc Com,,INMB,45782T105,,Equities,Small Cap,03/08/2025,N
167946,Innodata Inc Com New,,INOD,457642205,,Equities,Small Cap,11/27/2024,N
47331,Innospec Inc Com,,IOSP,45768S105,,Equities,Small Cap,11/23/2024,N
3739457,Innovage Hldg Corp Com,,INNV,45784A104,,Equities,Small Cap,12/24/2024,N
576700,Innovative Designs Inc Com,,IVDN,45772B106,,Equities,Small Cap,02/19/2025,N
1383896,Innovative Indl Pptys Inc Com,,IIPR,45781V101,,Alternative Assets,REITs,05/17/2025,N
7315,Innovex International Inc Com,,INVX,457651107,,Equities,Small Cap,12/24/2024,N
3798804,Innovid Corp Common Stock,,IACB,G49393104,,Equities,Small Cap,12/24/2024,N
93229,Innoviva Inc Com,,INVA,45781M101,,Equities,Small Cap,12/24/2024,N
6982468,Innventure Inc Com,,INV,45784M108,,Equities,Small Cap,01/10/2026,N
696405,Inogen Inc Com,,INGN,45780L104,,Equities,Small Cap,10/11/2024,N
66812,Inovio Pharmaceuticals Inc Com Shs,,INO,45773H409,,Equities,Small Cap,09/17/2024,N
3302291,Inozyme Pharma Inc Com,,INZY,45790W108,,Equities,Small Cap,02/06/2025,N
8395,Inseego Corp Com New,,INSG,45782B104,,Equities,Small Cap,07/09/2025,N
8307,Insight Enterprises Inc Com,,NSIT,45765U103,,Equities,Small Cap,09/17/2024,N
4238598,Insight Public Private Equity,,,,2971_IPPE,Equities,Mid Cap,12/20/2021,N
3889,Insmed Inc Com Par $.01,,INSM,457669307,,Equities,Mid Cap,09/17/2024,N
13218,Insperity Inc Com,,NSP,45778Q107,,Equities,Small Cap,09/24/2024,N
2016038,Inspire Med Sys Inc Com,,INSP,457730109,,Equities,Small Cap,09/17/2024,N
1895172,Inspired Entmt Inc Com,,INSE,45782N108,,Equities,Small Cap,09/17/2024,N
695962,Installed Bldg Prods Inc Com,,IBP,45780R101,,Equities,Small Cap,11/23/2024,N
35330,Insteel Inds Inc Com,,IIIN,45774W108,,Equities,Small Cap,11/23/2024,N
3962370,Instructure Hldgs Inc Com,,INST,457790103,,Equities,Small Cap,09/17/2024,N
98541,Insulet Corp Com,,PODD,45784P101,,Equities,Mid Cap,03/01/2024,N
4243873,Intage Holdings Inc Ord Shs,,,J2398M107,JP3152790006,Equities,International,12/21/2021,N
3926670,Intapp Inc Com,,INTA,45827U109,,Equities,Small Cap,09/17/2024,N
545198,Integer Hldgs Corp Com,,ITGR,45826H109,,Equities,Small Cap,09/17/2024,N
33948,Integra Lifesciences Hldgs Cp Com New,,IART,457985208,,Equities,Small Cap,09/17/2024,N
3927020,Integral Ad Science Hldng Corp Com,,IAS,45828L108,,Equities,Small Cap,09/17/2024,N
12,Intel Corp Com,,INTC,458140100,,Equities,Large Cap,06/28/2022,N
1176699,Intellia Therapeutics Inc Com,,NTLA,45826J105,,Equities,Small Cap,09/17/2024,N
51602,Interactive Brokers Group Inc Com Cl A,,IBKR,45841N107,,Equities,Large Cap,06/28/2022,N
5823,Intercontinental Exchange Inc Com,,ICE,45866F104,,Equities,Large Cap,12/27/2023,N
112494,Intercontinental Hotels Group Sponsored Ads,,IHG,45857P806,,Equities,International,08/15/2025,N
10362,Interdigital Inc Com,,IDCC,45867G101,,Equities,Small Cap,11/23/2024,N
4475754,Interest Income Fund,,,,P_00287411,Debt,Corporate Bonds,08/10/2023,N
525408,Interface Inc Com,,TILE,458665304,,Equities,Small Cap,11/23/2024,N
13592,International Bancshares Corp Com,,IBOC,459044103,,Equities,Small Cap,09/24/2024,N
1095275,International Business Machs 3.45% 02/19/2026,,,459200JG7,,Debt,Corporate Bonds,10/04/2025,N
7,International Business Machs Com,,IBM,459200101,US4592001014,Equities,Large Cap,06/28/2022,N
2449,International Flavors&Fragranc Com,,IFF,459506101,,Equities,Mid Cap,12/27/2023,N
2139935,International Money Express Com,,IMXI,46005L101,,Equities,Small Cap,06/17/2023,N
678,International Paper Co Com,,IP,460146103,,Equities,Mid Cap,06/28/2022,N
2327417,International Pete Corp Cda Com,,IPCFF,46016U108,,Equities,International,06/17/2023,N
1383842,International Seaways Inc Com,,INSW,Y41053102,,Equities,Emerging Markets,09/17/2024,N
82436,Interparfums Inc Com,,IPAR,458334109,,Equities,Small Cap,09/17/2024,N
154,Interpublic Group Cos Inc Com,,IPG,460690100,,Equities,Mid Cap,09/24/2024,N
1774,Intertape Polymer Group Inc Com,,ITP,460919954,,Equities,International,12/13/2023,N
704559,Intra-Cellular Therapies Inc Com,,ITCI,46116X101,,Equities,Small Cap,09/17/2024,N
13987,Intrepid Potash Inc Com,,IPI,46121Y201,,Equities,Small Cap,09/17/2024,N
1955,Intuit Com,,INTU,461202103,,Equities,Large Cap,12/27/2023,N
5093454,Intuitive Machines Inc Class A Com,,LUNR,46125A100,,Equities,Small Cap,01/29/2025,N
5735,Intuitive Surgical Inc Com New,,ISRG,46120E602,,Equities,Large Cap,01/20/2023,N
22734,Inventrust Pptys Corp Com New,,IVT,46124J201,,Equities,Small Cap,05/29/2025,N
202815,Invesco Cef Income Composite Etf,,PCEF,46138E404,,Equities,All Cap,12/23/2025,N
1804139,Invesco Corporate Bond R6,,ICBFX,001421569,,Debt,Corporate Bonds,03/26/2025,N
27113,Invesco Currencyshares Euro Trust,,FXE,46138K103,,Cash & Equivalents,Cash,07/28/2023,N
34906,Invesco Currencyshares Japanese Yen Trust,,FXY,46138W107,,Cash & Equivalents,Cash,02/22/2022,N
119127,Invesco Db Commodity Index Tracking Fund,,DBC,46138B103,,Alternative Assets,Commodities,12/02/2021,N
77402,Invesco Db Us Dollar Index Bullish Fund,,UUP,46141D203,,Cash & Equivalents,Cash,10/04/2021,N
130908,Invesco Developing Markets Y,,ODVYX,00143W875,,Equities,Emerging Markets,03/05/2025,N
42964,Invesco Discovery Mid Cap Growth A,,OEGAX,00143W842,,Equities,Mid Cap,11/15/2023,N
301235,Invesco Discovery Y,,ODIYX,00141G625,,Equities,Small Cap,05/05/2022,N
72460,Invesco Emerging Markets Sovereign Debt Etf,,PCY,46138E784,,Debt,International Bonds,11/11/2021,N
7366473,Invesco Global Fund,,,,F_01497492,Equities,All Cap,08/26/2025,N
256843,Invesco Global Opportunities Y,,OGIYX,00900W738,,Equities,International,09/03/2022,N
10916,Invesco High Yield Equity Dividend Achievers Etf,,PEY,46137V563,,Equities,Mid Cap,12/23/2025,N
417425,Invesco Limited Term Ca Municipal Y,,OLCYX,00141W851,,Debt,Municipal Bonds,05/05/2022,N
52869,Invesco Ltd Shs,,IVZ,G491BT108,,Equities,International,09/17/2024,N
168312,Invesco Mortgage Capital Inc Com,,IVR,46131B704,,Equities,Small Cap,05/29/2025,N
3440493,Invesco Nasdaq 100 Etf,,QQQM,46138G649,,Equities,Large Cap,05/30/2023,N
97718,Invesco Preferred Etf,,PGX,46138E511,,Debt,Corporate Bonds,11/11/2021,N
102,Invesco Qqq Trust Series I,,QQQ,46090E103,,Equities,Large Cap,12/04/2021,N
78817,Invesco Rafi Developed Markets Ex-U.S. Small-Mid Etf,,PDN,46138E735,,Equities,International,12/02/2021,N
492737,Invesco S&P 500 High Dividend Low Volatility Etf,,SPHD,46138E362,,Equities,Mid Cap,03/26/2025,N
778975,Investar Holding Corp Com,,ISTR,46134L105,,Equities,Small Cap,09/17/2024,N
6040702,Investor Manual Asset - Roth Ira,,,,CXMANUAL_RothIRA,Unclassified,Unclassified,02/26/2025,N
114388,Investors Title Co Nc Com,,ITIC,461804106,,Equities,Small Cap,02/15/2025,N
422086,Investview Inc Com,,INVU,46183W101,,Equities,Small Cap,02/19/2025,N
1461858,Invitation Homes Inc Com,,INVH,46187W107,,Alternative Assets,REITs,04/06/2023,N
3997696,Invivyd Inc Com,,IVVD,00534A102,,Equities,Small Cap,01/24/2025,N
1056007,Ionis Pharmaceuticals Inc Com,,IONS,462222100,,Equities,Mid Cap,12/24/2021,N
4092015,Ionq Inc Com,,IONQ,46222L108,,Equities,Small Cap,12/24/2024,N
319035,Iovance Biotherapeutics Inc Com,,IOVA,462260100,,Equities,Small Cap,09/17/2024,N
29304,Ipath Bloomberg Commodity Index Total Return Etn,,DJP,06738C778,,Alternative Assets,Commodities,12/02/2021,N
1898438,Ipath Series B S&P 500 Vix Short-Term Futures Etn,,VXX,06748M196,,Alternative Assets,Alternative Assets,08/11/2022,N
43365,Ipath® S&P Gsci® Total Return Etn,,GSP,06738C794,,Alternative Assets,Commodities,11/28/2021,N
79210,Ipg Photonics Corp Com,,IPGP,44980X109,,Equities,Small Cap,09/17/2024,N
1790972,Iqvia Hldgs Inc Com,,IQV,46266C105,,Equities,Large Cap,12/27/2023,N
768343,Iradimed Corp Com,,IRMD,46266A109,,Equities,Small Cap,11/23/2024,N
4182495,Iren Limited Ordinary Shares,,IREN,Q4982L109,,Equities,International,11/11/2025,N
1341774,Irhythm Holdings Inc Com,,IRTC,450056106,,Equities,Small Cap,09/17/2024,N
177000,Iridium Communications Inc Com,,IRDM,46269C102,,Equities,Small Cap,09/17/2024,N
25566,Irobot Corp Com,,IRBTQ,462726100,,Equities,Small Cap,09/17/2024,N
4264,Iron Mtn Inc Del Com,,IRM,46284V101,,Equities,Mid Cap,06/28/2022,N
196036,Ironwood Pharmaceuticals Inc Com Cl A,,IRWD,46333X108,,Equities,Small Cap,09/17/2024,N
1465,Ishares 1-3 Year Treasury Bond Etf,,SHY,464287457,,Government Debt,Govt/Inflation,05/10/2022,N
50422,Ishares 1-5 Year Investment Grade Corporate Bond Etf,,IGSB,464288646,,Debt,Corporate Bonds,03/25/2026,N
66818,Ishares 10-20 Year Treasury Bond Etf,,TLH,464288653,,Debt,Corporate Bonds,10/21/2025,N
7637,Ishares 20+ Year Treasury Bond Etf,,TLT,464287432,,Government Debt,Govt/Inflation,10/04/2021,N
3505022,Ishares 25+ Year Treasury Strips Bond Etf,,GOVZ,46436E577,,Government Debt,Govt/Inflation,12/02/2021,N
67956,Ishares 5-10 Year Investment Grade Corporate Bond Etf,,IGIB,464288638,,Debt,Corporate Bonds,03/25/2026,N
7635,Ishares 7-10 Year Treasury Bond Etf,,IEF,464287440,,Government Debt,Govt/Inflation,12/15/2021,N
613,Ishares Biotechnology Etf,,IBB,464287556,,Equities,Large Cap,11/11/2021,N
5946185,Ishares Bitcoin Trust Etf,,IBIT,46438F101,US46438F1012,Alternative Assets,Alternative Assets,03/01/2025,N
82556,Ishares Broad Usd Investment Grade Corporate Bond Etf,,USIG,464288620,,Debt,Corporate Bonds,03/04/2023,N
148020,Ishares California Muni Bond Etf,,CMF,464288356,,Debt,Municipal Bonds,06/14/2022,N
946,Ishares China Large-Cap Etf,,FXI,464287184,,Equities,Emerging Markets,01/01/2022,N
122667,Ishares Core 80/20 Aggressive Allocation Etf,,AOA,464289859,,Equities,All Cap,03/22/2024,N
764067,Ishares Core Dividend Growth Etf,,DGRO,46434V621,,Equities,Large Cap,09/03/2022,N
491919,Ishares Core Msci Eafe Etf,,IEFA,46432F842,,Equities,International,11/11/2021,N
491641,Ishares Core Msci Total International Stock Etf,,IXUS,46432F834,,Equities,International,12/02/2021,N
186,Ishares Core S&P Small Cap Etf,,IJR,464287804,,Equities,Small Cap,12/02/2021,N
42771,Ishares Core S&P Total U.S. Stock Market Etf,,ITOT,464287150,,Equities,Large Cap,06/18/2024,N
747028,Ishares Core S&P U.S. Growth Etf,,IUSG,464287671,,Equities,Large Cap,10/28/2025,N
747029,Ishares Core S&P Us Value Etf,,IUSV,464287663,,Equities,Large Cap,10/28/2025,N
803421,Ishares Core Total Usd Bond Market Etf,,IUSB,46434V613,,Debt,Corporate Bonds,04/11/2024,N
7636,Ishares Core U.S. Aggregate Bond Etf,,AGG,464287226,,Debt,Corporate Bonds,08/11/2022,N
716367,Ishares Currency Hedged Msci Japan Etf,,HEWJ,46434V886,,Equities,International,09/06/2022,N
13986,Ishares Global Healthcare Etf,,IXJ,464287325,,Equities,International,10/21/2025,N
61970,Ishares Global Industrials Etf,,EXI,464288729,,Equities,International,10/21/2025,N
84305,Ishares Global Infrastructure Etf,,IGF,464288372,,Equities,International,03/25/2026,N
10450,Ishares Gold Trust,,IAU,464285204,,Alternative Assets,Precious Metals,10/21/2025,N
7053,Ishares Iboxx $ Investment Grade Corporate Bond Etf,,LQD,464287242,,Debt,Corporate Bonds,11/11/2021,N
86689,Ishares Jp Morgan Usd Emerging Markets Bond Etf,,EMB,464288281,,Debt,International Bonds,06/25/2022,N
8584,Ishares Jpx-Nikkei 400 Etf,,JPXN,464287382,,Equities,International,02/10/2026,N
1152,Ishares Latin America 40 Etf,,ILF,464287390,,Equities,International,05/10/2025,N
66816,Ishares Mbs Etf,,MBB,464288588,,Government Debt,Govt/Inflation,11/11/2021,N
42108,Ishares Micro-Cap Etf,,IWC,464288869,,Equities,Small Cap,01/16/2026,N
97,Ishares Msci Eafe Etf,,EFA,464287465,,Equities,International,03/04/2023,N
27450,Ishares Msci Eafe Growth Etf,,EFG,464288885,,Equities,International,12/02/2021,N
75686,Ishares Msci Eafe Small-Cap Etf,,SCZ,464288273,,Equities,International,12/02/2021,N
12918,Ishares Msci France Etf,,EWQ,464286707,,Equities,International,11/09/2022,N
6962,Ishares Msci Germany Etf,,EWG,464286806,,Equities,International,08/02/2022,N
910453,Ishares Msci Intl Quality Factor Etf,,IQLT,46434V456,,Equities,International,10/21/2025,N
1367,Ishares Msci Japan Etf,,EWJ,46434G822,,Equities,International,11/25/2021,N
131044,Ishares Msci Japan Small-Cap Etf,,SCJ,464286582,,Equities,International,12/02/2021,N
8583,Ishares Msci Sweden Etf,,EWD,464286756,,Equities,International,04/03/2023,N
617405,Ishares Msci Usa Quality Factor Etf,,QUAL,46432F339,,Equities,Large Cap,08/11/2022,N
709646,Ishares Msci Usa Value Factor Etf,,VLUE,46432F388,,Equities,Large Cap,06/13/2022,N
66817,Ishares Preferred & Income Securities Etf,,PFF,464288687,,Debt,Corporate Bonds,12/23/2025,N
1763,Ishares Russell 1000 Growth Etf,,IWF,464287614,,Equities,Large Cap,08/01/2022,N
30,Ishares Russell 2000 Etf,,IWM,464287655,,Equities,Small Cap,05/19/2022,N
5425,Ishares Russell 2000 Growth Etf,,IWO,464287648,,Equities,Small Cap,10/04/2021,N
1707,Ishares Russell 2000 Value Etf,,IWN,464287630,,Equities,Small Cap,10/16/2021,N
645,Ishares S&P 500 Value Etf,,IVE,464287408,,Equities,Large Cap,06/13/2022,N
618,Ishares S&P Small-Cap 600 Growth Etf,,IJT,464287887,,Equities,Small Cap,12/02/2021,N
33,Ishares Select Dividend Etf,,DVY,464287168,,Equities,Mid Cap,03/25/2026,N
130087,Ishares Short-Term National Muni Bond Etf,,SUB,464288158,,Debt,Municipal Bonds,08/18/2022,N
1369,Ishares Tips Bond Etf,,TIP,464287176,,Government Debt,Govt/Inflation,11/11/2021,N
4234094,Ishares Tr Cll Opt 01/22 78.0 Cal,,,,ITB   220121C00078000,Equities,Large Cap,12/19/2021,N
4237870,Ishares Tr Cll Opt 01/22 83.0 Cal,,,,ITB   220121C00083000,Equities,Large Cap,12/19/2021,N
4270048,Ishares Tr Cll Opt 01/22 85.0 Cal,,,,ITB   220128C00085000,Equities,Large Cap,01/05/2022,N
4245196,Ishares Tr Cll Opt 02/22 80.0 Cal,,,,ITB   220218C00080000,Equities,Large Cap,01/07/2022,N
4280891,Ishares Tr Cll Opt 02/22 80.0 Cal,,,,ITB   220204C00080000,Equities,Large Cap,01/07/2022,N
1253122,Ishares Treasury Floating Rate Bond Etf,,TFLO,46434V860,,Government Debt,Govt/Inflation,04/11/2024,N
31429,Ishares U.S. Aerospace & Defense Etf,,ITA,464288760,,Equities,Large Cap,04/27/2023,N
13951,Ishares U.S. Home Construction Etf,,ITB,464288752,,Equities,Large Cap,12/21/2021,N
26574,Ishares U.S. Regional Banks Etf,,IAT,464288778,,Equities,Mid Cap,11/11/2021,N
417113,Ishares U.S. Treasury Bond Etf,,GOVT,46429B267,,Debt,Corporate Bonds,10/28/2025,N
5538542,Ispire Technology Inc Com,,ISPR,46501C100,,Equities,Small Cap,01/24/2025,N
188230,It Tech Packaging Inc Com New,,ITP,46527C100,,Equities,Small Cap,12/02/2023,N
7587982,Iteos Therapeut Contra,,,465CVR017,,Equities,Small Cap,10/21/2025,N
3301990,Iteos Therapeutics Inc Com,,ITOS,46565G104,,Equities,Small Cap,09/17/2024,N
22554,Itron Inc Com,,ITRI,465741106,,Equities,Small Cap,09/17/2024,N
2659,Itt Inc Com,,ITT,45073V108,,Equities,Mid Cap,09/17/2024,N
4603861,Ivanhoe Electric Inc Com,,IE,46578C108,,Equities,Small Cap,09/17/2024,N
628161,Iveric Bio Inc Com,,ISEE,46583P102,,Equities,Small Cap,12/24/2021,N
11995,J & J Snack Foods Corp Com,,JJSF,466032109,,Equities,Small Cap,09/17/2024,N
10029,J Jill Inc Com,,JILL,46620W201,,Equities,Small Cap,09/17/2024,N
4624,Jabil Inc Com,,JBL,466313103,,Equities,Mid Cap,05/07/2024,N
125033,Jack In The Box Inc Com,,JACK,466367109,,Equities,Small Cap,09/17/2024,N
4040303,Jackson Financial Inc Com Cl A,,JXN,46817M107,,Equities,Small Cap,09/17/2024,N
5519,Jacobs Solutions Inc Com,,J,46982L108,,Equities,Mid Cap,09/17/2024,N
3926669,Jade Biosciences Inc Com New,,AVTE,008064107,,Equities,Small Cap,01/24/2025,N
6735553,Jade Biosciences Inc Com New,,JBIO,008064206,,Equities,Small Cap,04/30/2025,N
4502,Jakks Pac Inc Com New,,JAKK,47012E403,,Equities,Small Cap,09/17/2024,N
7169980,James Hardie Inds Plc Ord Shs,,JHX,G4253H101,,Equities,Large Cap,07/03/2025,N
831306,James Riv Group Ltd Com Shs,,JRVR,46990A102,,Equities,International,09/17/2024,N
3297907,Jamf Hldg Corp Com,,JAMF,47074L105,,Equities,Small Cap,11/23/2024,N
3485822,Janus Henderson Aaa Clo Etf,,JAAA,47103U845,,Debt,Corporate Bonds,06/11/2025,N
159845,Janus Henderson Balanced C,,JABCX,47103C605,,Equities,All Cap,08/02/2022,N
1503,Janus Henderson Contrarian T,,JSVAX,471023655,,Equities,Mid Cap,12/02/2021,N
43560,Janus Henderson Enterprise T,,JAENX,471023804,,Equities,Mid Cap,07/20/2023,N
206659,Janus Henderson Forty T,,JACTX,47103A625,,Equities,Large Cap,12/02/2021,N
23569,Janus Henderson Global Life Sciences T,,JAGLX,471023671,,Equities,International,03/05/2025,N
1593073,Janus Henderson Group Plc Ord Shs,,JHG,G4474Y214,,Equities,International,09/17/2024,N
2233721,Janus Henderson Mortgage-Backed Securities Etf,,JMBS,47103U852,,Debt,Corporate Bonds,10/21/2025,N
11802,Janus Henderson Overseas T,,JAOSX,471023846,,Equities,International,11/15/2023,N
9592,Janus Henderson Small Cap Value T,,JSCVX,471023572,,Equities,Small Cap,11/15/2023,N
14329,Janus Henderson Venture T,,JAVTX,471023507,,Equities,Small Cap,04/26/2022,N
2977282,Janus International Group Inc Common Stock,,JBI,47103N106,,Equities,Small Cap,11/23/2024,N
3900510,Janux Therapeutics Inc Com,,JANX,47103J105,,Equities,Small Cap,10/11/2024,N
4083782,Jasper Therapeutics Inc Com New,,JSPR,471871202,,Equities,Small Cap,11/23/2024,N
82361,Jazz Pharmaceuticals Plc Shs Usd,,JAZZ,G50871105,,Equities,International,09/17/2024,N
1633580,Jbg Smith Pptys Com,,JBGS,46590V100,,Alternative Assets,REITs,05/31/2025,N
97071,Jbt Marel Corporation Com,,JBTM,477839104,,Equities,Small Cap,11/23/2024,N
2040627,Jefferies Financial Group Inc Com,,JEF,47233W109,,Equities,Mid Cap,09/17/2024,N
7161236,Jefferson Capital Inc Com,,JCAP,47248R103,,Equities,Small Cap,10/10/2025,N
1448956,Jeld-Wen Hldg Inc Com,,JELD,47580P103,,Equities,Small Cap,11/23/2024,N
5965,Jetblue Airways Corp Com,,JBLU,477143101,,Equities,Small Cap,09/17/2024,N
3384407,Jfrog Ltd Ord Shs,,FROG,M6191J100,,Equities,International,09/17/2024,N
314507,Jhancock Bond I,,JHBIX,410223408,,Debt,Corporate Bonds,08/10/2022,N
1787970,Jhancock U.S. Global Leaders Growth R6,,UGLSX,409902335,,Equities,Large Cap,03/20/2025,N
3681556,Joby Aviation Inc Common Stock,,JOBY,G65163100,,Equities,Small Cap,11/23/2024,N
219542,Johcm International Select Institutional,,JOHIX,46653M849,,Equities,International,09/03/2022,N
460666,John Marshall Bancorp Inc Com,,JMSB,47805L101,,Equities,Small Cap,04/26/2025,N
107,Johnson & Johnson Com,,JNJ,478160104,,Equities,Large Cap,06/28/2022,N
4869,Johnson Ctls Intl Plc Shs,,JCI,G51502105,,Equities,Large Cap,06/28/2022,N
339292,Johnson Outdoors Inc Cl A,,JOUT,479167108,,Equities,Small Cap,10/11/2024,N
816346,Joint Corp Com,,JYNT,47973J102,,Equities,Small Cap,01/24/2025,N
7322,Jones Lang Lasalle Inc Com,,JLL,48020Q107,,Equities,Mid Cap,09/17/2024,N
4226111,Journey Med Corp Com,,DERM,48115J109,,Equities,Small Cap,11/13/2025,N
4706136,Jpmcb Smartret Passive Blend 2050 Cf-Z,,,,P_00466694,Unclassified,Unclassified,08/23/2022,N
1403526,Jpmorgan Betabuilders Usd High Yield Corporate Bond Etf,,BBHY,46641Q878,,Debt,Corporate Bonds,06/11/2022,N
1447121,Jpmorgan Chase & Co 3.782% 02/01/2028,,,46625HRY8,,Debt,Corporate Bonds,10/04/2025,N
676,Jpmorgan Chase & Co Com,,JPM,46625H100,,Equities,Large Cap,10/04/2021,N
2411222,Jpmorgan Corporate Bond R6,,CBFVX,46637K547,,Debt,Corporate Bonds,03/26/2025,N
3190706,Jpmorgan Equity Premium Income Etf,,JEPI,46641Q332,,Equities,Large Cap,12/23/2025,N
4180617,Jpmorgan Income Etf,,JPIE,46641Q159,,Debt,Corporate Bonds,12/23/2025,N
1537184,Jpmorgan International Equity Fund Rb,,JNEMX,,,Equities,International,07/07/2022,N
4569639,Jpmorgan International Research Enhanced Equity Etf,,JIRE,46641Q134,,Equities,International,07/20/2023,N
407376,Jpmorgan Large Cap Growth R6,,JLGMX,48121L841,,Equities,Large Cap,03/26/2025,N
528529,Jpmorgan Mid Cap Growth R6,,JMGMX,4812C2288,,Equities,Mid Cap,03/20/2025,N
4509645,Jpmorgan Nasdaq Equity Premium Income Etf,,JEPQ,46654Q203,,Equities,Large Cap,12/23/2025,N
202846,Jpmorgan Research Market Neutral I,,JMNSX,48121A712,,Alternative Assets,Long-Short,05/05/2022,N
1793762,Jpmorgan Ultra-Short Income Etf,,JPST,46641Q837,,Debt,Corporate Bonds,01/16/2025,N
144030,Jpmorgan Us Large Cap Core Plus A,,JLCAX,4812A2413,,Equities,Large Cap,12/06/2022,N
6687,Juniper Networks Inc Com,,JNPR,48203R104,,Equities,Mid Cap,06/28/2022,N
9646,Kadant Inc Com,,KAI,48282T104,,Equities,Small Cap,09/17/2024,N
42241,Kaiser Aluminium Corporation Com Par $0.01,,KALU,483007704,,Equities,Small Cap,09/17/2024,N
3959949,Kaltura Inc Com,,KLTR,483467106,,Equities,Small Cap,01/24/2025,N
891455,Kalvista Pharmaceuticals Inc Com,,KALV,483497103,,Equities,Small Cap,12/24/2024,N
3808724,Karat Packaging Inc Com,,KRT,48563L101,,Equities,Small Cap,12/24/2024,N
6801024,Karman Hldgs Inc Common Stock,,KRMN,485924104,,Equities,Small Cap,11/13/2025,N
2840,Kb Home Com,,KBH,48666K109,,Equities,Small Cap,10/17/2024,N
30500,Kbr Inc Com,,KBR,48242W106,,Equities,Small Cap,09/17/2024,N
272334,Kearny Finl Corp Md Com,,KRNY,48716P108,,Equities,Small Cap,09/17/2024,N
4101,Kellanova Com,,K,487836108,,Equities,Large Cap,06/28/2022,N
47208,Kelly Svcs Inc Cl A,,KELYA,488152208,,Equities,Small Cap,12/24/2024,N
52671,Kemper Corp Com,,KMPR,488401100,,Equities,Small Cap,09/17/2024,N
8323,Kennametal Inc Com,,KMT,489170100,,Equities,Small Cap,11/23/2024,N
276045,Kennedy-Wilson Holdings Inc Com,,KW,489398107,,Equities,Small Cap,09/17/2024,N
5268863,Kenvue Inc Com,,KVUE,49177J102,,Equities,Large Cap,12/27/2023,N
3127915,Keros Therapeutics Inc Com,,KROS,492327101,,Equities,Small Cap,01/04/2025,N
7654088,Keros Therapeutics Inxxx Submitted For Cash Exp: 11/18/2025,,,492991690,,Equities,Small Cap,11/15/2025,N
6854345,Kestra Med Technologies Ltd Shs,,KMTS,G52441105,,Equities,International,07/19/2025,N
7088089,Kestrel Group Ltd Com,,KG,G5260K102,,Equities,Small Cap,05/30/2025,N
2112556,Keurig Dr Pepper Inc Com,,KDP,49271V100,,Equities,Large Cap,02/13/2024,N
1755,Keycorp Com,,KEY,493267108,,Equities,Mid Cap,06/28/2022,N
807690,Keysight Technologies Inc Com,,KEYS,49338L103,,Equities,Mid Cap,06/28/2022,N
12133,Kforce Inc Com,,KFRC,493732101,,Equities,Small Cap,11/15/2023,N
2340,Kilroy Realty Corp Com,,KRC,49427F108,,Equities,Small Cap,12/24/2024,N
8325,Kimball Electronics Inc Com,,KE,49428J109,,Equities,Small Cap,09/17/2024,N
152,Kimberly-Clark Corp Com,,KMB,494368103,,Equities,Large Cap,06/01/2022,N
2339,Kimco Realty Corp Com,,KIM,49446R109,,Equities,Mid Cap,10/19/2024,N
4967,Kinder Morgan Inc Del Com,,KMI,49456B101,,Equities,Large Cap,06/28/2022,N
6482250,Kindercare Learning Companies Com,,KLC,49456W105,,Equities,Small Cap,01/24/2025,N
1595915,Kinetik Holdings Inc Com New Cl A,,KNTK,02215L209,,Equities,Small Cap,09/17/2024,N
477732,Kingstone Cos Inc Com,,KINS,496719105,,Equities,Small Cap,07/09/2025,N
62196,Kingsway Finl Svcs Inc Com New,,KFS,496904202,,Equities,Small Cap,01/24/2025,N
2040671,Kiniksa Pharmaceuticals Intl P Ord Shs Cl A,,KNSA,G52694109,,Equities,International,09/17/2024,N
27462,Kinross Gold Corp Com,,KGC,496902404,,Equities,International,11/21/2025,N
1250367,Kinsale Cap Group Inc Com,,KNSL,49714P108,,Equities,Mid Cap,09/24/2024,N
10818,Kirby Corp Com,,KEX,497266106,,Equities,Small Cap,09/17/2024,N
25657,Kite Realty Group Trust Com New,,KRG,49803T300,,Equities,Small Cap,05/17/2025,N
250598,Kkr & Co Inc Com,,KKR,48251W104,US48251W1045,Equities,Large Cap,09/17/2024,N
1571643,Kkr Real Estate Fin Tr Inc Com,,KREF,48251K100,,Alternative Assets,REITs,09/17/2024,N
709,Kla Corp Com New,,KLAC,482480100,,Equities,Large Cap,06/28/2022,N
5738391,Klaviyo Inc Com Ser A,,KVYO,49845K101,,Equities,Small Cap,12/24/2024,N
5315302,Knife River Corp Common Stock,,KNF,498894104,,Equities,Small Cap,09/24/2024,N
1147,Knight-Swift Transn Hldgs Inc Cl A,,KNX,499049104,,Equities,Mid Cap,07/11/2022,N
701949,Knowles Corp Com,,KN,49926D109,,Equities,Small Cap,11/23/2024,N
5546070,Kodiak Gas Svcs Inc Com,,KGS,50012A108,,Equities,Small Cap,09/17/2024,N
2353854,Kodiak Sciences Inc Com,,KOD,50015M109,,Equities,Small Cap,11/23/2024,N
6860,Kohls Corp Com,,KSS,500255104,,Equities,Small Cap,09/17/2024,N
3506590,Kolibri Global Energy Inc Com New,,KGEI,50043K406,,Equities,International,10/01/2025,N
4919,Koninklijke Philips N V Ny Regis Shs New,,PHG,500472303,,Equities,International,08/15/2025,N
6506,Kontoor Brands Inc Com,,KTB,50050N103,,Equities,Small Cap,09/17/2024,N
8326,Kopin Corp Com,,KOPN,500600101,,Equities,Small Cap,10/09/2025,N
29321,Koppers Holdings Inc Com,,KOP,50060P106,,Equities,Small Cap,11/23/2024,N
51102,Korn Ferry Com New,,KFY,500643200,,Equities,Small Cap,09/17/2024,N
2836792,Korro Bio Inc Com,,KRRO,500946108,,Equities,Small Cap,04/02/2025,N
296271,Koru Medical Systems Inc Com,,KRMD,759910102,,Equities,Small Cap,07/09/2025,N
4299551,Kose Hldgs Corp Npv,,,,JP3283650004,Unclassified,Unclassified,01/18/2022,N
121683,Kosmos Energy Ltd Com,,KOS,500688106,,Equities,Small Cap,09/17/2024,N
933300,Kraft Heinz Co Com,,KHC,500754106,,Equities,Large Cap,02/01/2022,N
826649,Kraneshares Bosera Msci China A 50 Connect Index Etf,,KBA,500767405,,Equities,Emerging Markets,04/24/2023,N
616009,Kraneshares Csi China Internet Etf,,KWEB,500767306,,Equities,International,08/28/2025,N
3917079,Kraneshares Mount Lucas Managed Futures Index Strategy Etf,,KMLM,500767652,,Alternative Assets,Long-Short,01/14/2025,N
2633555,Kraneshares Quadratic Interest Rate Volatility And Inflation Hedge Etf,,IVOL,500767736,,Debt,Corporate Bonds,10/19/2021,N
68610,Kratos Defense & Sec Solutions Com New,,KTOS,50077B207,,Equities,Small Cap,11/23/2024,N
3928888,Krispy Kreme Inc Com,,DNUT,50101L106,,Equities,Small Cap,03/08/2025,N
1315065,Kroger Co 2.65% 10/15/2026,,,501044DE8,,Debt,Corporate Bonds,10/04/2025,N
4998,Kroger Co Com,,KR,501044101,,Equities,Large Cap,06/28/2022,N
34541,Kronos Worldwide Inc Com,,KRO,50105F105,,Equities,Small Cap,11/05/2024,N
1716330,Krystal Biotech Inc Com,,KRYS,501147102,,Equities,Small Cap,09/17/2024,N
46511,Kulicke & Soffa Inds Inc Com,,KLIC,501242101,,Equities,Small Cap,11/23/2024,N
2134996,Kulr Technology Group Inc Com,,KULR,50125G307,,Equities,Small Cap,01/24/2026,N
1020754,Kura Oncology Inc Com,,KURA,50127T109,,Equities,Small Cap,09/17/2024,N
2757584,Kura Sushi Usa Inc Cl A Com,,KRUS,501270102,,Equities,Small Cap,03/08/2025,N
3336397,Kymera Therapeutics Inc Com,,KYMR,501575104,,Equities,Small Cap,10/11/2024,N
4142903,Kyndryl Hldgs Inc Common Stock,,KD,50155Q100,,Equities,Small Cap,09/17/2024,N
5247588,Kyokuto Kaihatsu Npv,,,,JP3256900006,Unclassified,Unclassified,04/21/2023,N
6002506,Kyverna Therapeutics Inc Com,,KYTX,501976104,,Equities,Small Cap,03/13/2025,N
4244,L3Harris Technologies Inc Com,,LHX,502431109,,Equities,Large Cap,06/28/2022,N
30825,La Z Boy Inc Com,,LZB,505336107,,Equities,Small Cap,09/17/2024,N
1764,Labcorp Holdings Inc Com Shs,,LH,504922105,,Equities,Mid Cap,05/07/2024,N
656762,Ladder Cap Corp Cl A,,LADR,505743104,,Alternative Assets,REITs,05/29/2025,N
33911,Lakeland Finl Corp Com,,LKFN,511656100,,Equities,Small Cap,11/23/2024,N
21589,Lakeland Inds Inc Com,,LAKE,511795106,,Equities,Small Cap,07/09/2025,N
8328,Lam Research Corp Com New,,LRCX,512807306,,Equities,Large Cap,12/27/2023,N
6530,Lamar Advertising Co Cl A,,LAMR,512816109,,Equities,Mid Cap,09/24/2024,N
1361085,Lamb Weston Hldgs Inc Com,,LW,513272104,,Equities,Mid Cap,06/28/2022,N
6259542,Landbridge Company Llc Cl A,,LB,514952100,,Equities,Small Cap,11/07/2025,N
507405,Landmark Bancorp Inc Com,,LARK,51504L107,,Equities,Small Cap,07/30/2025,N
720306,Lands End Inc New Com,,LE,51509F105,,Equities,Small Cap,11/23/2024,N
3635739,Landsea Homes Corp Com,,LSEA,51509P103,,Equities,Small Cap,10/11/2024,N
3442,Landstar Sys Inc Com,,LSTR,515098101,,Equities,Small Cap,09/17/2024,N
928996,Lantheus Hldgs Inc Com,,LNTH,516544103,,Equities,Small Cap,09/17/2024,N
5085735,Lanzatech Global Inc Com New,,LNZA,51655R200,,Equities,Small Cap,01/24/2025,N
5616342,Large Company Index Fund,,,,P_00344890,Equities,Large Cap,08/10/2023,N
5264177,Large-Cap Value Index Fund,,,,P_00387111,Equities,Large Cap,08/10/2023,N
750246,Larimar Therapeutics Inc Com,,LRMR,517125100,,Equities,Small Cap,11/05/2024,N
1123,Las Vegas Sands Corp Com,,LVS,517834107,,Equities,Large Cap,02/13/2024,N
3671799,Latch Inc Com,,LTCH,51818V106,,Equities,Mid Cap,08/11/2022,N
3822474,Latham Group Inc Com,,SWIM,51819L107,,Equities,Small Cap,09/17/2024,N
8329,Lattice Semiconductor Corp Com,,LSCC,518415104,,Equities,Small Cap,10/11/2024,N
1283,Lauder Estee Cos Inc Cl A,,EL,518439104,,Equities,Large Cap,12/17/2022,N
1462100,Laureate Ed Inc Common Stock,,LAUR,518613203,,Equities,Small Cap,11/23/2024,N
5764,Lazard Inc Com,,LAZ,52110M109,,Equities,Small Cap,09/17/2024,N
7450495,Lb Pharmaceuticals Inc Com Shs,,LBRX,50180M108,,Equities,Small Cap,02/14/2026,N
1417893,Lci Inds Com,,LCII,50189K103,,Equities,Small Cap,09/17/2024,N
263860,Lcnb Corp Com,,LCNB,50181P100,,Equities,Small Cap,01/28/2025,N
29776,Lear Corp Com New,,LEA,521865204,,Equities,Mid Cap,06/28/2022,N
2313813,Legacy Housing Corp Com,,LEGH,52472M101,,Equities,Small Cap,09/17/2024,N
3927358,Legalzoom Com Inc Com,,LZ,52466B103,,Equities,Mid Cap,10/12/2023,N
7454660,Legence Corp Cl A,,LGN,52476L109,,Equities,Small Cap,01/14/2026,N
1370,Leggett & Platt Inc Com,,LEG,524660107,,Equities,Small Cap,09/17/2024,N
421620,Lehman Bros Hldg Inc Escrow 7.875%,,,524ESCC81,,Debt,Corporate Bonds,03/25/2026,N
7045,Lehman Bros Hldgs Inc,,,524908CM0,,Debt,Corporate Bonds,03/31/2026,N
28429,Leidos Holdings Inc Com,,LDOS,525327102,,Equities,Mid Cap,06/28/2022,N
185836,Lemaitre Vascular Inc Com,,LMAT,525558201,,Equities,Small Cap,11/23/2024,N
3269247,Lemonade Inc Com,,LMND,52567D107,,Equities,Mid Cap,06/18/2024,N
830866,Lendingclub Issuance Tr Ser Com New,,LC,52603A208,,Equities,Small Cap,11/05/2024,N
100079,Lendingtree Inc Com,,TREE,52603B107,,Equities,Small Cap,09/17/2024,N
2006,Lennar Corp Cl A,,LEN,526057104,,Equities,Mid Cap,06/28/2022,N
5939,Lennar Corp Cl B,,LEN B,526057302,,Equities,Mid Cap,09/17/2024,N
5268,Lennox Intl Inc Com,,LII,526107107,,Equities,Mid Cap,09/24/2024,N
3416690,Lensar Inc Com,,LNSR,52634L108,,Equities,Small Cap,11/13/2025,N
6077483,Lenz Therapeutics Inc Com,,LENZ,52635N103,,Equities,Small Cap,11/23/2024,N
4918812,Leonardo Drs Inc Com,,DRS,52661A108,,Equities,Small Cap,09/17/2024,N
3485148,Leslies Inc Com,,LESL,527064208,,Equities,Mid Cap,04/11/2023,N
2475169,Levi Strauss & Co New Cl A Com Stk,,LEVI,52736R102,,Equities,Small Cap,09/17/2024,N
5838446,Lexeo Therapeutics Inc Com,,LXEO,52886X107,,Equities,Small Cap,01/24/2025,N
78774,Lexicon Pharmaceuticals Inc Com New,,LXRX,528872302,,Equities,Small Cap,03/08/2025,N
644860,Lgi Homes Inc Com,,LGIH,50187T106,,Equities,Small Cap,09/17/2024,N
3309945,Li Auto Inc Sponsored Ads,,LI,50202M102,,Equities,International,03/05/2025,N
813247,Liberty Broadband Corp Com Ser A,,LBRDA,530307107,,Equities,Small Cap,09/17/2024,N
813248,Liberty Broadband Corp Com Ser C,,LBRDK,530307305,,Equities,Mid Cap,06/17/2023,N
1860679,Liberty Energy Inc Com Cl A,,LBRT,53115L104,,Equities,Small Cap,09/17/2024,N
549418,Liberty Global Ltd Com Cl A,,LBTYA,G61188101,,Equities,International,09/17/2024,N
590822,Liberty Global Ltd Com Cl C,,LBTYK,G61188127,GB00B8W67B19,Equities,International,09/17/2024,N
932888,Liberty Latin America Ltd Com Cl A,,LILA,G9001E102,,Equities,International,09/17/2024,N
932769,Liberty Latin America Ltd Com Cl C,,LILAK,G9001E128,,Equities,International,09/17/2024,N
5623665,Liberty Live Holdings Inc Com Ser A,,LLYVA,530909100,,Equities,Small Cap,09/17/2024,N
5621623,Liberty Live Holdings Inc Com Shs Ser C,,LLYVK,530909308,,Equities,Mid Cap,09/17/2024,N
522677,Liberty Media Corp Del Com Lbty One S A,,FWONA,531229771,,Equities,Mid Cap,09/17/2024,N
767483,Liberty Media Corp Del Com Lbty One S C,,FWONK,531229755,,Equities,Mid Cap,09/17/2024,N
4103098,Life Time Group Holdings Inc Common Stock,,LTH,53190C102,,Equities,Small Cap,09/17/2024,N
6215687,Life360 Inc Com,,LIF,532206109,,Equities,Small Cap,12/24/2024,N
21592,Lifecore Biomedical Inc Com,,LFCR,514766104,,Equities,Small Cap,01/24/2025,N
3717546,Lifemd Inc Com,,LFMD,53216B104,,Equities,Small Cap,09/17/2024,N
3894879,Lifestance Health Group Inc Com,,LFST,53228F101,,Equities,Small Cap,09/17/2024,N
33949,Lifetime Brands Inc Com,,LCUT,53222Q103,,Equities,Small Cap,10/11/2024,N
183590,Lifevantage Corp Com New,,LFVN,53222K205,,Equities,Small Cap,07/19/2025,N
86299,Lifeway Foods Inc Com,,LWAY,531914109,,Equities,Small Cap,09/17/2024,N
5553427,Lifezone Metals Limited Ord Shs,,LZM,G5568L109,,Equities,Small Cap,12/24/2024,N
3872,Ligand Pharmaceuticals Inc Com New,,LGND,53220K504,,Equities,Small Cap,09/17/2024,N
11286,Light & Wonder Inc Com,,LNWO,80874P109,,Equities,Small Cap,09/17/2024,N
180016,Lightbridge Corp Com,,LTBR,53224K302,,Equities,Small Cap,02/11/2025,N
88037,Lightwave Logic Inc Com,,LWLG,532275104,,Equities,Small Cap,03/08/2025,N
789861,Limbach Hldgs Inc Com,,LMB,53263P105,,Equities,Small Cap,09/17/2024,N
68981,Limoneira Co Com,,LMNR,532746104,,Equities,Small Cap,11/23/2024,N
83087,Lincoln Edl Svcs Corp Com,,LINC,533535100,,Equities,Small Cap,01/24/2025,N
1836,Lincoln Elec Hldgs Inc Com,,LECO,533900106,,Equities,Mid Cap,09/24/2024,N
884,Lincoln Natl Corp Ind Com,,LNC,534187109,,Equities,Small Cap,09/24/2024,N
935997,Lindblad Expeditions Hldgs Inc Com,,LIND,535219109,,Equities,Small Cap,10/04/2021,N
2250350,Linde Plc Shs,,LIN,G54950103,,Equities,International,12/27/2023,N
32970,Lindsay Corp Com,,LNN,535555106,,Equities,Small Cap,09/17/2024,N
256968,Lineage Cell Therapeutics Inc Com,,LCTX,53566P109,,Equities,Small Cap,04/02/2025,N
6333441,Lineage Inc Com,,LINE,53566V106,,Alternative Assets,REITs,10/17/2024,N
3143706,Linkbancorp Inc Com,,LNKB,53578P105,,Equities,Small Cap,01/24/2025,N
7039257,Lionsgate Studios Corp Com,,LION,53626N102,,Equities,Small Cap,05/08/2025,N
2138616,Liquidia Corporation Com New,,LQDA,53635D202,,Equities,Small Cap,09/17/2024,N
34795,Liquidity Svcs Inc Com,,LQDT,53635B107,,Equities,Small Cap,09/17/2024,N
29545,Lithia Mtrs Inc Com,,LAD,536797103,,Equities,Small Cap,09/17/2024,N
8334,Littelfuse Inc Com,,LFUS,537008104,,Equities,Small Cap,09/17/2024,N
996351,Livanova Plc Shs,,LIVN,G5509L101,,Equities,International,09/24/2024,N
9922,Live Nation Entertainment Inc Com,,LYV,538034109,,Equities,Mid Cap,06/02/2022,N
942707,Live Oak Bancshares Inc Com,,LOB,53803X105,,Equities,Small Cap,10/11/2024,N
2066865,Liveone Inc Com New,,LVO,53814X300,,Equities,Small Cap,04/26/2025,N
54,Liveramp Hldgs Inc Com,,RAMP,53815P108,,Equities,Small Cap,09/17/2024,N
4780741,Livewire Group Inc Com,,LVWR,53838J105,,Equities,Small Cap,04/02/2025,N
1082192,Lkq Corp Com,,LKQ,501889208,,Equities,Mid Cap,06/28/2022,N
1937637,Lloyds Banking Group Plc 4.375% 03/22/2028,,,539439AR0,,Debt,International Bonds,10/04/2025,N
882,Lloyds Banking Group Plc Sponsored Adr,,LYG,539439109,,Equities,International,08/15/2025,N
3704547,Loandepot Inc Com Cl A,,LDI,53946R106,,Equities,Small Cap,07/19/2025,N
6139990,Loar Holdings Inc Com Shs,,LOAR,53947R105,,Equities,Small Cap,10/19/2024,N
1011563,Lockheed Martin Corp 3.8% 03/01/2045,,,539830BD0,,Debt,Corporate Bonds,10/04/2025,N
673,Lockheed Martin Corp Com,,LMT,539830109,,Equities,Large Cap,06/01/2022,N
864,Loews Corp Com,,L,540424108,,Equities,Mid Cap,06/28/2022,N
24758,Logility Supply Chain Solution Com,,LGTY,029683109,,Equities,Small Cap,09/17/2024,N
3782965,Logistic Properties Of The Ame Usd Ord Shs,,LPA,G5557R109,,Equities,International,07/23/2025,N
10582,Logitech Intl S A Shs,,LOGI,H50430232,,Equities,International,02/28/2026,N
5639635,Long-Term Corporate Bond Fund,,,,P_00344889,Debt,Corporate Bonds,08/10/2023,N
3751231,Longboard Pharmaceuticals Inc Com,,LBPH,54300N103,,Equities,Small Cap,09/17/2024,N
3860,Lord Abbett Affiliated A,,LAFFX,544001100,,Equities,Large Cap,03/21/2025,N
28,Lord Abbett Bond-Debenture A,,LBNDX,544004104,,Debt,Corporate Bonds,03/21/2025,N
1056105,Lord Abbett Developing Growth R6,,LADVX,544006869,,Equities,Small Cap,07/07/2022,N
2704356,Lord Abbett Growth Leaders F3,,LGLOX,54400A449,,Equities,Large Cap,10/02/2025,N
6223749,Lord Abbett Investment Grade Fltng Rt I,,LGRYX,54401T371,,Debt,Corporate Bonds,01/16/2025,N
88369,Lord Abbett Multi-Asset Balanced Opp A,,LABFX,543916209,,Equities,All Cap,03/26/2025,N
1032,Louisiana Pac Corp Com,,LPX,546347105,,Equities,Small Cap,09/24/2024,N
2094703,Lovesac Company Com,,LOVE,54738L109,,Equities,Small Cap,12/24/2024,N
4964582,Lowell Calif Jt Sch Dist 3% 08/01/2044,,,547541LJ9,,Debt,Municipal Bonds,12/17/2022,N
883,Lowes Cos Inc Com,,LOW,548661107,,Equities,Large Cap,06/28/2022,N
445076,Lpl Finl Hldgs Inc Com,,LPLA,50212V100,,Equities,Mid Cap,12/27/2023,N
53381,Lsb Inds Inc Com,,LXU,502160104,,Equities,Small Cap,09/17/2024,N
1817,Lsi Inds Inc Ohio Com,,LYTS,50216C108,,Equities,Small Cap,02/15/2025,N
35689,Ltc Pptys Inc Com,,LTC,502175102,,Equities,Small Cap,05/17/2025,N
4114754,Lucid Diagnostics Inc Com,,LUCD,54948X109,,Equities,Small Cap,07/24/2025,N
3401221,Lucid Group Inc Com New,,LCID,549498202,,Equities,Large Cap,06/28/2022,N
4234166,Lucky Strike Entertainment Cor Cl A Com,,LUCK,10258P102,,Equities,Small Cap,01/24/2025,N
64601,Lululemon Athletica Inc Com,,LULU,550021109,,Equities,Large Cap,12/27/2023,N
1811,Lumen Technologies Inc Com,,LUMN,550241103,,Equities,Mid Cap,12/24/2021,N
554778,Lument Finance Trust Inc Com,,LFT,55025L108,,Alternative Assets,REITs,07/23/2025,N
947883,Lumentum Hldgs Inc Com,,LITE,55024U109,,Equities,Small Cap,06/18/2024,N
7780964,Lumexa Imaging Holdings Inc Com,,LMRI,550249106,,To Be Classified,To Be Classified,04/03/2026,N
3340502,Luminar Technologies Inc Com New Cl A,,LAZRQ,550424303,,Equities,Small Cap,03/13/2025,N
477348,Luxfer Hldgs Plc Shs,,LXFR,G5698W116,,Equities,International,09/17/2024,N
5161678,Lvl Convertible,,,,2971_LVL CONVERTIBLE,Unclassified,Unclassified,03/16/2023,N
25342,Lxp Industrial Trust Com,,LXP,529043408,,Equities,Small Cap,05/23/2025,N
3906060,Lyell Immunopharma Inc Com New,,LYEL,55083R203,,Equities,Small Cap,09/17/2024,N
2489748,Lyft Inc Cl A Com,,LYFT,55087P104,,Equities,Small Cap,09/17/2024,N
253440,Lyondellbasell Industries Nv Shs - A -,,LYB,N53745100,,Equities,International,06/28/2022,N
3162949,Lyra Therapeutics Inc Com New,,LYRA,55234L204,,Equities,Small Cap,04/02/2025,N
6861,M & T Bk Corp Com,,MTB,55261F104,,Equities,Large Cap,06/28/2022,N
4793584,M-Tron Inds Inc Com,,MPTI,55380K109,,Equities,Small Cap,07/12/2025,N
8187970,M-Tron Inds Inc Rt Exp 041526,,MPTIRTWI,55380K133,,To Be Classified,To Be Classified,04/02/2026,N
6760,M/I Homes Inc Com,,MHO,55305B101,,Equities,Small Cap,09/17/2024,N
4080772,Mac Copper Limited Ord Shs,,MTAL,G60409110,,Equities,Emerging Markets,12/24/2024,N
2342,Macerich Co Com,,MAC,554382101,,Equities,Small Cap,05/17/2025,N
412582,Macom Tech Solutions Hldgs Inc Com,,MTSI,55405Y100,,Equities,Small Cap,09/17/2024,N
635504,Macrogenics Inc Com,,MGNX,556099109,,Equities,Small Cap,09/17/2024,N
53344,Macys Inc Com,,M,55616P104,,Equities,Mid Cap,03/14/2022,N
32923,Madden Steven Ltd Com,,SHOO,556269108,,Equities,Small Cap,09/17/2024,N
5247375,Madison Square Garden Entmt Com Cl A,,MSGE,558256103,,Equities,Small Cap,11/05/2024,N
982001,Madison Square Grdn Sprt Corp Cl A,,MSGS,55825T103,,Equities,Small Cap,09/17/2024,N
1246312,Madrigal Pharmaceuticals Inc Com,,MDGL,558868105,,Equities,Small Cap,09/17/2024,N
3457,Magellan Midstream Prtnrs Lp Com Unit Rp Lp,,MMP,559080106,,Equities,Mid Cap,06/17/2023,N
4910,Magna Intl Inc Com,,MGA,559222401,,Equities,International,08/15/2025,N
11992,Magnera Corp Com Shs,,MAGN,55939A107,,Equities,Small Cap,11/06/2024,N
718317,Magnite Inc Com,,MGNI,55955D100,,Equities,Small Cap,10/11/2024,N
115609,Magnolia Oil & Gas Corp Cl A,,MGY,559663109,,Equities,Small Cap,10/11/2024,N
7756236,Magnum Ice Cream Co Nv Ord Shs,,MICC,N5505D105,,Equities,International,12/09/2025,N
158540,Maiden Holdings Ltd Shs,,MHLD,G5753U112,,Equities,International,04/26/2025,N
74544,Main Str Cap Corp Com,,MAIN,56035L104,,Equities,Small Cap,03/05/2025,N
299402,Mainstreet Bancshares Inc Com,,MNSB,56064Y100,,Equities,Small Cap,07/23/2025,N
688150,Malibu Boats Inc Com Cl A,,MBUU,56117J100,,Equities,Small Cap,11/05/2024,N
662171,Mamas Creations Inc Com,,MAMA,56146T103,,Equities,Small Cap,09/17/2024,N
1334326,Mammoth Energy Svcs Inc Com,,TUSK,56155L108,,Equities,Small Cap,11/23/2024,N
6759,Manhattan Associates Inc Com,,MANH,562750109,,Equities,Mid Cap,09/17/2024,N
8347,Manitowoc Co Inc Com New,,MTW,563571405,,Equities,Small Cap,01/24/2025,N
51282,Mannkind Corp Com New,,MNKD,56400P706,,Equities,Small Cap,12/24/2024,N
2454,Manpowergroup Inc Wis Com,,MAN,56418H100,,Equities,Small Cap,09/17/2024,N
5217,Manulife Finl Corp Com,,MFC,56501R106,,Equities,International,08/15/2025,N
5736915,Maplebear Inc Com,,CART,565394103,,Equities,Small Cap,09/17/2024,N
663084,Mara Holdings Inc Com,,MARA,565788106,,Equities,Small Cap,09/17/2024,N
149,Marathon Oil Corp Com,,MRO,565849106,,Equities,Mid Cap,02/13/2024,N
334273,Marathon Pete Corp Com,,MPC,56585A102,,Equities,Large Cap,06/28/2022,N
3525744,Maravai Lifesciences Hldgs Inc Com Cl A,,MRVI,56600D107,,Equities,Small Cap,09/17/2024,N
799954,Marcus & Millichap Inc Com,,MMI,566324109,,Equities,Small Cap,11/23/2024,N
60375,Marcus Corp Del Com,,MCS,566330106,,Equities,Small Cap,09/17/2024,N
6140673,Marex Group Plc Ord,,MRX,G5S37H101,,Equities,International,07/12/2025,N
61219,Marine Prods Corp Com,,MPX,568427108,,Equities,Small Cap,01/24/2025,N
1838,Marinemax Inc Com,,HZO,567908108,,Equities,Small Cap,09/17/2024,N
6850,Markel Group Inc Com,,MKL,570535104,,Equities,Mid Cap,09/17/2024,N
82507,Marketaxess Hldgs Inc Com,,MKTX,57060D108,,Equities,Mid Cap,06/28/2022,N
3381714,Marketwise Inc Com New Cl A,,MKTW,57064P206,,Equities,Small Cap,01/24/2025,N
3892822,Marqeta Inc Class A Com,,MQ,57142B104,,Equities,Mid Cap,06/28/2022,N
1186,Marriott Intl Inc New Cl A,,MAR,571903202,,Equities,Large Cap,06/28/2022,N
376652,Marriott Vacations Worldwide C Com,,VAC,57164Y107,,Equities,Small Cap,09/17/2024,N
992,Marsh & Mclennan Cos Inc Com,,MRSH,571748102,,Equities,Large Cap,06/28/2022,N
7329,Marten Trans Ltd Com,,MRTN,573075108,,Equities,Small Cap,01/24/2025,N
4884,Martin Marietta Matls Inc Com,,MLM,573284106,,Equities,Mid Cap,12/27/2023,N
1451,Marvell Technology Inc Com,,MRVL,573874104,,Equities,International,06/28/2022,N
5265,Marzetti Company Com,,MZTI,513847103,,Equities,Small Cap,09/17/2024,N
2104,Masco Corp Com,,MAS,574599106,,Equities,Mid Cap,06/28/2022,N
65891,Masimo Corp Com,,MASI,574795100,,Equities,Small Cap,06/18/2024,N
2174978,Massachusetts St Clean Wtr Tr 5% 08/01/2030,,,575829EH5,,Debt,Municipal Bonds,10/21/2025,N
34545,Mastec Inc Com,,MTZ,576323109,,Equities,Small Cap,09/17/2024,N
220274,Masterbrand Inc Common Stock,,MBC,57638P104,,Equities,Small Cap,11/23/2024,N
13175,Mastercard Incorporated Cl A,,MA,57636Q104,,Equities,Large Cap,06/28/2022,N
940362,Mastercraft Boat Hldgs Inc Com,,MCFT,57637H103,,Equities,Small Cap,09/17/2024,N
400517,Matador Res Co Com,,MTDR,576485205,,Equities,Small Cap,09/17/2024,N
3268055,Match Group Inc New Com,,MTCH,57667L107,,Equities,Small Cap,06/18/2024,N
174470,Materion Corp Com,,MTRN,576690101,,Equities,Small Cap,09/17/2024,N
53896,Mativ Holdings Inc Com,,MATV,808541106,,Equities,Small Cap,11/23/2024,N
31701,Matrix Svc Co Com,,MTRX,576853105,,Equities,Small Cap,09/17/2024,N
447484,Matson Inc Com,,MATX,57686G105,,Equities,Small Cap,09/17/2024,N
1366,Mattel Inc Com,,MAT,577081102,,Equities,Mid Cap,08/11/2022,N
3969138,Matterport Inc Com Cl A,,MTTR,577096100,,Equities,Small Cap,11/05/2024,N
5521,Matthews Intl Corp Cl A,,MATW,577128101,,Equities,Small Cap,11/23/2024,N
68474,Maui Ld & Pineapple Inc Com,,MLP,577345101,,Equities,Small Cap,01/24/2025,N
2671161,Maxcyte Inc Com,,MXCT,57777K106,,Equities,Small Cap,09/17/2024,N
1779,Maximus Inc Com,,MMS,577933104,,Equities,Small Cap,09/17/2024,N
199366,Maxlinear Inc Com,,MXL,57776J100,,Equities,Small Cap,09/17/2024,N
2567888,Mayville Engr Co Inc Com,,MEC,578605107,,Equities,Small Cap,11/23/2024,N
6774972,Maze Therapeutics Inc Com,,MAZE,578784100,,Equities,Small Cap,04/26/2025,N
1918,Mbia Inc Com,,MBI,55262C100,,Equities,Small Cap,12/16/2025,N
6432585,Mbx Biosciences Inc Com,,MBX,55287L101,,Equities,Small Cap,03/12/2025,N
6689,Mccormick & Co Inc Com Non Vtg,,MKC,579780206,,Equities,Large Cap,06/28/2022,N
577,Mcdonalds Corp Com,,MCD,580135101,,Equities,Large Cap,06/01/2022,N
398364,Mcewen Inc. Com New,,MUX,58039P305,,Equities,Small Cap,02/24/2026,N
5769,Mcgrath Rentcorp Com,,MGRC,580589109,,Equities,Small Cap,11/23/2024,N
7227305,Mcgraw Hill Inc Com,,MH,580907103,,Equities,Mid Cap,10/04/2025,N
131,Mckesson Corp Com,,MCK,58155Q103,,Equities,Large Cap,06/28/2022,N
3324,Mdu Res Group Inc Com,,MDU,552690109,,Equities,Small Cap,09/17/2024,N
403213,Mechanics Bancorp Cl A,,MCHB,43785V102,,Equities,Small Cap,09/17/2024,N
12140,Medallion Financial Corp Com,,MFIN,583928106,,Equities,Small Cap,11/23/2024,N
151543,Mediaalpha Inc Cl A,,MAX,58450V104,,Equities,Small Cap,11/05/2024,N
12247,Medical Properties Trust Inc Com,,MPT,58463J304,,Equities,Small Cap,01/04/2025,N
8355,Medifast Inc Com,,MED,58470H101,,Equities,Small Cap,09/17/2024,N
711235,Mediwound Ltd Shs New,,MDWD,M68830112,,Equities,Small Cap,03/08/2025,N
1261511,Medpace Hldgs Inc Com,,MEDP,58506Q109,,Equities,Mid Cap,09/17/2024,N
1207,Medtronic Plc Shs,,MDT,G5960L103,,Equities,International,08/11/2022,N
2063831,Meiragtx Hldgs Plc Com,,MGTX,G59665102,,Equities,International,01/24/2025,N
5578795,Meisei Industrial Npv,,,J42024109,JP3918200001,Unclassified,Unclassified,07/24/2023,N
4038783,Melrose Indust Plc Ord Gbp0.001,,BNR5MZ7,,,Equities,International,06/17/2023,N
199801,Melrose Industries Plc Shs,,MLSPF,G5973J210,,Equities,International,07/12/2023,N
75125,Mercadolibre Inc Com,,MELI,58733R102,,Equities,Large Cap,03/01/2024,N
30797,Mercantile Bk Corp Com,,MBWM,587376104,,Equities,Small Cap,11/23/2024,N
87124,Mercer Intl Inc Com,,MERC,588056101,,Equities,Small Cap,09/17/2024,N
1382140,Merchants Bancorp Ind Com,,MBIN,58844R108,,Equities,Small Cap,09/17/2024,N
130,Merck & Co Inc Com,,MRK,58933Y105,,Equities,Large Cap,01/14/2022,N
972274,Mercurity Fintech Holding Inc Ordinary Shares,,WOWO,46647L204,,Equities,International,02/27/2026,N
1821,Mercury Genl Corp New Com,,MCY,589400100,,Equities,Small Cap,09/17/2024,N
47222,Mercury Sys Inc Com,,MRCY,589378108,,Equities,Small Cap,03/08/2025,N
9312,Meridian Corp Com,,MRBK,587405101,,Equities,Small Cap,07/12/2025,N
456779,Meridian Holdings Inc Com,,GMGI,381098300,,Equities,Small Cap,01/24/2025,N
8085033,Meridian Holdings Inc Com,,MRDN,381098409,,Equities,Small Cap,03/04/2026,N
3976514,Meridianlink Inc Common Stock,,MLNK,58985J105,,Equities,Small Cap,09/17/2024,N
21594,Merit Med Sys Inc Com,,MMSI,589889104,,Equities,Small Cap,09/17/2024,N
13246,Meritage Homes Corp Com,,MTH,59001A102,,Equities,Small Cap,09/17/2024,N
7888437,Mersana Therapeutics Inc,,,590CVR01,,Unclassified,Unclassified,01/08/2026,N
1625274,Mersana Therapeutics Inc Com,,MRSN,59045L106,,Equities,Small Cap,01/29/2025,N
7655060,Merus B V Eur0.09 - Contra Cusip - Tender From Cusip N5749R100,,,N5799001,,Unclassified,Unclassified,12/09/2025,N
7807075,Merus B V Eur0.09 - Contra Cusip - Tnd From Cusip N5749R100,,,N57SUB01,,Equities,International,12/30/2025,N
1187589,Merus N V Com,,MRUS,N5749R100,,Equities,International,01/24/2025,N
313561,Mesa Labs Inc Com,,MLAB,59064R109,,Equities,Small Cap,09/17/2024,N
435222,Meta Platforms Inc Cl A,,META,30303M102,,Equities,Large Cap,10/04/2021,N
488498,Metagenomi Inc Com,,MGX,59102M104,,Equities,Small Cap,01/24/2025,N
757419,Metallus Inc Com,,MTUS,887399103,,Equities,Small Cap,12/24/2024,N
70901,Methode Electrs Inc Com,,MEI,591520200,,Equities,Small Cap,09/17/2024,N
668079,Metlife Inc 5.7% 06/15/2035,,,59156RAM0,,Debt,Corporate Bonds,10/04/2025,N
4870,Metlife Inc Com,,MET,59156R108,,Equities,Large Cap,06/28/2022,N
3054864,Metrocity Bankshares Inc Com,,MCBS,59165J105,,Equities,Small Cap,11/23/2024,N
1785478,Metropolitan Bk Hldg Corp Com,,MCB,591774104,,Equities,Small Cap,11/23/2024,N
7686425,Metsera Inc,,,592CVR01,,Equities,Mid Cap,11/18/2025,N
6774793,Metsera Inc Com,,MTSR,59267L107,,Equities,Mid Cap,04/26/2025,N
6560,Mettler Toledo International Com,,MTD,592688105,,Equities,Mid Cap,03/01/2024,N
2159,Mfa Finl Inc Com,,MFA,55272X607,,Equities,Small Cap,01/24/2025,N
1420934,Mfs Corporate Bond R6,,MFBKX,55274K702,,Debt,Corporate Bonds,03/20/2025,N
997977,Mfs Global Real Estate I,,MGLIX,552982746,,Equities,International,09/03/2022,N
658349,Mfs Growth R6,,MFEKX,552985673,,Equities,Large Cap,03/20/2025,N
559724,Mfs Mid Cap Growth I,,OTCIX,552987877,,Equities,Mid Cap,09/03/2022,N
737761,Mfs Mid Cap Value R6,,MVCKX,55273W475,,Equities,Mid Cap,07/07/2022,N
800454,Mfs New Discovery R6,,MNDKX,55273H346,,Equities,Small Cap,03/26/2025,N
6955,Mge Energy Inc Com,,MGEE,55277P104,,Equities,Small Cap,09/17/2024,N
671,Mgic Invt Corp Wis Com,,MTG,552848103,,Equities,Small Cap,09/17/2024,N
575,Mgm Resorts International Com,,MGM,552953101,,Equities,Mid Cap,06/28/2022,N
458533,Mgp Ingredients Inc New Com,,MGPI,55303J106,,Equities,Small Cap,11/23/2024,N
7321541,Miami Intl Hldgs Inc Com,,MIAX,59356Q108,,Equities,Small Cap,01/23/2026,N
6688,Microchip Technology Inc. Com,,MCHP,595017104,,Equities,Large Cap,08/11/2022,N
3094,Micron Technology Inc Com,,MU,595112103,,Equities,Large Cap,06/28/2022,N
3757064,Microsoft Corp 2.921% 03/17/2052,,,594918CE2,,Debt,Corporate Bonds,10/04/2025,N
2,Microsoft Corp Com,,MSFT,594918104,,Equities,Large Cap,12/01/2021,N
3970599,Microvast Holdings Inc Com,,MVST,59516C106,,Equities,Small Cap,11/15/2025,N
35090,Microvision Inc Del Com New,,MVIS,594960304,,Equities,Small Cap,02/19/2026,N
207172,Mid Penn Bancorp Inc Com,,MPB,59540G107,,Equities,Small Cap,11/23/2024,N
7366474,Mid Value Fund,,,,F_01497495,Equities,Mid Cap,08/26/2025,N
4241,Mid-Amer Apt Cmntys Inc Com,,MAA,59522J103,,Equities,Mid Cap,06/28/2022,N
2149,Midcap Financial Invstmnt Corp Com New,,MFIC,03761U502,,To Be Classified,To Be Classified,04/02/2026,N
47307,Middleby Corp Com,,MIDD,596278101,,Equities,Small Cap,09/24/2024,N
667228,Middlefield Banc Corp Com New,,MBCN,596304204,,Equities,Small Cap,05/29/2025,N
34406,Middlesex Wtr Co Com,,MSEX,596680108,,Equities,Small Cap,11/23/2024,N
1191883,Midland States Bancorp Inc Com,,MSBI,597742105,,Equities,Small Cap,09/17/2024,N
420901,Midwestone Finl Group Inc New Com,,MOFG,598511103,,Equities,Small Cap,09/17/2024,N
8365,Miller Inds Inc Tenn Com New,,MLR,600551204,,Equities,Small Cap,11/23/2024,N
5034,Millerknoll Inc Com,,MLKN,600544100,,Equities,Small Cap,11/23/2024,N
318247,Millicom Intl Cellular S A Com Stk,,TIGO,L6388F110,,Equities,International,09/17/2025,N
6750430,Millrose Pptys Inc Com Cl A,,MRP,601137102,,Alternative Assets,REITs,02/08/2025,N
84514,Mimedx Group Inc Com,,MDXG,602496101,,Equities,Small Cap,11/23/2024,N
8366,Minerals Technologies Inc Com,,MTX,603158106,,Equities,Small Cap,09/17/2024,N
5085699,Mineralys Therapeutics Inc Com,,MLYS,603170101,,Equities,Small Cap,09/17/2024,N
3600483,Mirion Technologies Inc Com Cl A,,MIR,60471A101,,Equities,Small Cap,11/23/2024,N
2738300,Mirum Pharmaceuticals Inc Com,,MIRM,604749101,,Equities,Small Cap,11/23/2024,N
3415225,Mission Produce Inc Com,,AVO,60510V108,,Equities,Small Cap,01/03/2025,N
3919830,Mister Car Wash Inc Com,,MCW,60646V105,,Equities,Small Cap,11/23/2024,N
276821,Mistras Group Inc Com,,MG,60649T107,,Equities,Small Cap,11/23/2024,N
261295,Mitek Sys Inc Com New,,MITK,606710200,,Equities,Small Cap,09/17/2024,N
4912,Mitsubishi Ufj Financial Group Sponsored Ads,,MUFG,606822104,,Equities,International,08/15/2025,N
4243876,Mitsuboshi Belting Npv,,,,JP3904000001,Equities,International,12/21/2021,N
7188689,Mizrahi Tefahot Bk Ltd Los Ang 4.35% 2025,,,60685BUQ2,,Debt,Corporate Bonds,07/30/2025,N
51341,Mizuho Financial Group Inc Sponsored Adr,,MFG,60687Y109,,Equities,International,08/15/2025,N
8369,Mks Inc. Com,,MKSI,55306N104,,Equities,Small Cap,09/17/2024,N
5695909,Mobile Infrastructure Corp Com Shs,,BEEP,60739N101,,Equities,Small Cap,07/23/2025,N
4829594,Mobileye Global Inc Common Class A,,MBLY,60741F104,,Equities,Large Cap,03/01/2024,N
5639634,Moderate Fund,,,,P_00344882,Equities,All Cap,08/10/2023,N
8072940,Moderate Portfolio,,,,FUND 14014,Equities,All Cap,03/02/2026,N
1196991,Moderate Portfolio (Index),,,,FUND 19670,Equities,All Cap,07/10/2023,N
1388598,Moderately Aggressive Portfolio (Index),,,,FUND 19669,Equities,All Cap,07/10/2023,N
1121732,Moderately Conservative Portfolio (Index),,,,FUND 19671,Equities,All Cap,07/10/2023,N
2296322,Moderna Inc Com,,MRNA,60770K107,,Equities,Mid Cap,06/28/2022,N
12000,Modine Mfg Co Com,,MOD,607828100,,Equities,Small Cap,10/11/2024,N
4440398,Modiv Industrial Inc Com Stk Cl C,,MDV,60784B101,,Alternative Assets,REITs,07/23/2025,N
3633000,Modivcare Inc Com,,MODV,60783X104,,Equities,Small Cap,09/17/2024,N
823605,Moelis & Co Cl A,,MC,60786M105,,Equities,Small Cap,09/17/2024,N
4977,Mohawk Inds Inc Com,,MHK,608190104,,Equities,Mid Cap,06/28/2022,N
5770,Molina Healthcare Inc Com,,MOH,60855R100,,Equities,Mid Cap,12/27/2023,N
558273,Molson Coors Beverage Co 5% 05/01/2042,,,60871RAD2,,Debt,Corporate Bonds,10/04/2025,N
1526,Molson Coors Beverage Co Cl B,,TAP,60871R209,,Equities,Mid Cap,09/17/2024,N
24922,Monarch Casino & Resort Inc Com,,MCRI,609027107,,Equities,Small Cap,11/23/2024,N
3894754,Monday Com Ltd Shs,,MNDY,M7S64H106,,Equities,International,08/15/2025,N
471716,Mondelez Intl Inc Cl A,,MDLZ,609207105,,Equities,Large Cap,06/28/2022,N
1567183,Money Market Portfolio,,,,FUND 19693,Cash & Equivalents,Money Markets,07/10/2023,N
6728913,Money Market Portfolio,,,,FUND 19063,Cash & Equivalents,Money Markets,01/11/2025,N
440637,Moneylion Inc Cl A,,ML,60938K304,,Equities,Small Cap,09/17/2024,N
1756710,Mongodb Inc Cl A,,MDB,60937P106,,Equities,Large Cap,06/28/2022,N
68055,Monolithic Pwr Sys Inc Com,,MPWR,609839105,,Equities,Mid Cap,02/13/2024,N
2970076,Monopar Therapeutics Inc Com New,,MNPR,61023L207,,Equities,Large Cap,03/10/2026,N
13374,Monro Inc Com,,MNRO,610236101,,Equities,Small Cap,11/23/2024,N
2355578,Monroe Capital Income Plus Corporation,,,25499D445,,Debt,Diversified Debt Fund,08/01/2025,N
10668,Monster Beverage Corp New Com,,MNST,61174X109,,Equities,Large Cap,06/28/2022,N
3673414,Montauk Renewables Inc Com,,MNTK,61218C103,,Equities,Small Cap,11/23/2024,N
3919175,Monte Rosa Therapeutics Inc Com,,GLUE,61225M102,,Equities,Small Cap,11/23/2024,N
3301211,Montrose Environmental Group I Com,,MEG,615111101,,Equities,Small Cap,09/17/2024,N
4882,Moodys Corp Com,,MCO,615369105,,Equities,Large Cap,06/28/2022,N
2457,Moog Inc Cl A,,MOG A,615394202,,Equities,Small Cap,12/24/2024,N
3454869,Moonlake Immunotherapeutics Class A Ord,,MLTX,61559X104,,Equities,International,11/23/2024,N
6495508,Morgan Stanley 4.654% 10/18/2030,,,61747YFU4,,Debt,Corporate Bonds,10/04/2025,N
706,Morgan Stanley Com New,,MS,617446448,,Equities,Large Cap,09/21/2022,N
5967728,Morgan Stanley Direct Lending Com Shs,,MSDL,61774A103,,Equities,Small Cap,10/15/2025,N
159365,Morgan Stanley Inst Discovery R6,,MMCGX,617455308,,Equities,Mid Cap,10/02/2025,N
25663,Morningstar Inc Com,,MORN,617700109,,Equities,Mid Cap,09/24/2024,N
5063,Mosaic Co Com,,MOS,61945C103,,Equities,Mid Cap,06/28/2022,N
190342,Motorcar Pts Amer Inc Com,,MPAA,620071100,,Equities,Small Cap,07/12/2025,N
62006,Motorola Solutions Inc Com New,,MSI,620076307,,Equities,Large Cap,12/27/2023,N
65895,Movado Group Inc Com,,MOV,624580106,,Equities,Small Cap,11/23/2024,N
278175,Mp Materials Corp Com Cl A,,MP,553368101,,Equities,International,10/04/2021,N
416473,Mr Cooper Group Inc Com,,COOP,62482R107,,Equities,Small Cap,09/17/2024,N
420781,Mrc Global Inc Com,,MRC,55345K103,,Equities,Small Cap,11/23/2024,N
1204,Msa Safety Inc Com,,MSA,553498106,,Equities,Small Cap,09/17/2024,N
1837,Msc Indl Direct Inc Cl A,,MSM,553530106,,Equities,Small Cap,09/24/2024,N
224362,Msci Inc Com,,MSCI,55354G100,,Equities,Mid Cap,12/27/2023,N
11999,Mueller Inds Inc Com,,MLI,624756102,,Equities,Small Cap,09/17/2024,N
21668,Mueller Wtr Prods Inc Com Ser A,,MWA,624758108,,Equities,Small Cap,11/23/2024,N
2161,Murphy Oil Corp Com,,MUR,626717102,,Equities,Small Cap,09/24/2024,N
8360,Murphy Usa Inc Com,,MUSA,626755102,,Equities,Mid Cap,09/24/2024,N
353018,Mvb Finl Corp Com,,MVBF,553810102,,Equities,Small Cap,01/24/2025,N
8374,Myers Inds Inc Com,,MYE,628464109,,Equities,Small Cap,01/24/2025,N
1618288,Myomo Inc Com New,,MYO,62857J201,,Equities,Small Cap,08/08/2025,N
126049,Myr Group Inc Com,,MYRG,55405W104,,Equities,Small Cap,09/17/2024,N
9389,Myriad Genetics Inc Com,,MYGN,62855J104,,Equities,Small Cap,11/05/2024,N
3957518,N-Able Inc Common Stock,,NABL,62878D100,,Equities,Small Cap,11/23/2024,N
2220,Nabors Industries Ltd Shs,,NBR,G6359F137,,Equities,International,09/17/2024,N
8376,Nacco Inds Inc Cl A,,NC,629579103,,Equities,Small Cap,11/27/2024,N
1538024,Nano Dimension Ltd Sponsord Ads New,,NNDM,63008G203,,Equities,International,03/05/2025,N
6164319,Nano Nuclear Energy Inc Com,,NNE,63010H108,,Equities,Small Cap,03/08/2025,N
3336398,Nano X Imaging Ltd Ord Shs,,NNOX,M70700105,,Equities,International,12/24/2024,N
3976085,Napa Valley Calif Uni Sch Dist 3% 08/01/2033,,,6303617C1,,Debt,Municipal Bonds,12/17/2022,N
31618,Napco Sec Technologies Inc Com,,NSSC,630402105,,Equities,Small Cap,09/17/2024,N
9347,Nasdaq Inc Com,,NDAQ,631103108,,Equities,Mid Cap,06/28/2022,N
933265,Natera Inc Com,,NTRA,632307104,,Equities,Mid Cap,09/17/2024,N
69554,Nathans Famous Inc Com,,NATH,632347100,,Equities,Small Cap,12/24/2024,N
183841,National Bankshares Inc Va Com,,NKSH,634865109,,Equities,Small Cap,05/29/2025,N
53967,National Beverage Corp Com,,FIZZ,635017106,,Equities,Small Cap,09/17/2024,N
471893,National Bk Hldgs Corp Cl A,,NBHC,633707104,,Equities,Small Cap,11/23/2024,N
83969,National Cinemedia Inc Com New,,NCMI,635309206,,Equities,Small Cap,11/23/2024,N
2175316,National Energy Services Reuni Shs,,NESR,G6375R107,,Equities,International,07/12/2025,N
5270,National Fuel Gas Co Com,,NFG,636180101,,Equities,Small Cap,09/17/2024,N
5102,National Grid Plc Sponsored Adr Ne,,NGG,636274409,,Equities,International,10/30/2025,N
13599,National Health Invs Inc Com,,NHI,63633D104,,Equities,Small Cap,05/23/2025,N
102369,National Healthcare Corp Com,,NHC,635906100,,Equities,Small Cap,11/23/2024,N
6467313,National Healthcare Pptys Inc Com New,,,42226B402,,Equities,Large Cap,10/15/2024,N
75726,National Presto Inds Inc Com,,NPK,637215104,,Equities,Small Cap,11/27/2024,N
584705,National Resh Corp Com New,,NRC,637372202,,Equities,Small Cap,01/24/2025,N
6782894,National Rural Utils Coop Fin 4.95% 02/07/2030,,,63743HFX5,,Debt,Corporate Bonds,10/04/2025,N
899923,National Storage Affiliates Tr Com Shs Ben In,,NSA,637870106,,Alternative Assets,REITs,05/08/2025,N
1769714,National Vision Hldgs Inc Com,,EYE,63845R107,,Equities,Small Cap,09/17/2024,N
2221,Natural Gas Svcs Group Inc Com,,NGS,63886Q109,,Equities,Small Cap,11/23/2024,N
454058,Natural Grocers By Vitamin Com,,NGVC,63888U108,,Equities,Small Cap,12/24/2024,N
1019,Natures Sunshine Prods Inc Com,,NATR,639027101,,Equities,Small Cap,11/27/2024,N
70974,Natwest Group Plc Spons Adr,,NWG,639057207,,Equities,International,08/15/2025,N
3894739,Nautilus Biotechnology Inc Com,,NAUT,63909J108,,Equities,Small Cap,03/08/2025,N
7634611,Navan Inc Cl A,,NAVN,639193101,,Equities,Small Cap,01/16/2026,N
4238798,Navf Select - Japan,,,,2971_M1925,Equities,International,12/20/2021,N
7214896,Navf Select Llc,,,78199N06,,Equities,International,07/19/2025,N
729698,Navient Corporation Com,,NAVI,63938C108,,Equities,Small Cap,10/11/2024,N
528468,Navigator Hldgs Ltd Shs,,NVGS,Y62132108,,Equities,Emerging Markets,07/12/2025,N
4126757,Navitas Semiconductor Corp Com,,NVTS,63942X106,,Equities,Small Cap,12/24/2024,N
5926690,Nb Bancorp Inc Com,,NBBK,63945M107,,Equities,Small Cap,12/24/2024,N
34547,Nbt Bancorp Inc Com,,NBTB,628778102,,Equities,Small Cap,09/17/2024,N
3284039,Ncino Inc Com,,NCNO,63947X101,,Equities,Small Cap,09/17/2024,N
5789106,Ncr Atleos Corporation Com Shs,,NATL,63001N106,,Equities,Small Cap,11/05/2024,N
2284,Ncr Voyix Corporation Com,,VYX,62886E108,,Equities,Small Cap,09/17/2024,N
316667,Nebius Group N.V. Shs Class A,,NBIS,N97284108,,Equities,International,02/28/2026,N
10335,Nektar Therapeutics Com New,,NKTR,640268108,,Equities,Small Cap,02/27/2025,N
13742,Nelnet Inc Cl A,,NNI,64031N108,,Equities,Small Cap,09/17/2024,N
38874,Neogen Corp Com,,NEOG,640491106,,Equities,Small Cap,09/24/2024,N
499388,Neogenomics Inc Com New,,NEO,64049M209,,Equities,Small Cap,11/23/2024,N
215692,Neonode Inc Com Par,,NEON,64051M709,,Equities,Small Cap,01/10/2026,N
6503763,Neos Bitcoin High Income Etf,,BTCI,78433H642,,Alternative Assets,Alternative Assets,12/23/2025,N
6815885,Neos Nasdaq 100 Hedged Equity Income Etf,,QQQH,78433H576,,Equities,Large Cap,12/23/2025,N
6002133,Neos Nasdaq 100 High Income Etf,,QQQI,78433H675,,Alternative Assets,Alternative Assets,12/23/2025,N
6303337,Neos Russell 2000 High Income Etf,,IWMI,78433H634,,Equities,Small Cap,12/23/2025,N
4969538,Neos S&P 500 High Income Etf,,SPYI,78433H303,,Equities,Large Cap,12/23/2025,N
4152419,Nerdwallet Inc Com Cl A,,NRDS,64082B102,,Equities,Small Cap,06/28/2022,N
1800448,Nerdy Inc Cl A Com,,NRDY,64081V109,,Equities,Small Cap,01/24/2025,N
5827819,Net Lease Office Properties Com,,NLOP,64110Y108,,Alternative Assets,REITs,05/29/2025,N
4002774,Net Power Inc Com Cl A,,NPWR,64107A105,,Equities,Small Cap,09/17/2024,N
63,Netapp Inc Com,,NTAP,64110D104,,Equities,Mid Cap,12/27/2023,N
7511,Netease Com Inc Sponsored Ads,,NTES,64110W102,,Equities,International,07/25/2025,N
1214,Netflix Inc. Com,,NFLX,64110L106,,Equities,Large Cap,01/14/2022,N
8387,Netgear Inc Com,,NTGR,64111Q104,,Equities,Small Cap,11/05/2024,N
31323,Netlist Inc Com,,NLST,64118P109,,Equities,Small Cap,02/19/2025,N
71357,Netscout Sys Inc Com,,NTCT,64115T104,,Equities,Small Cap,09/17/2024,N
3210773,Netstreit Corp Com,,NTST,64119V303,,Alternative Assets,REITs,05/23/2025,N
59525,Neuberger Focus Investor,,NBSSX,641224506,,Equities,Large Cap,11/15/2023,N
255975,Neuberger Real Estate I,,NBRIX,641224795,,Alternative Assets,REITs,05/05/2022,N
5730407,Neumora Therapeutics Inc. Com,,NMRA,640979100,,Equities,Small Cap,11/23/2024,N
5548,Neurocrine Biosciences Inc Com,,NBIX,64125C109,,Equities,Mid Cap,09/17/2024,N
5914487,Neurogene Inc Com,,NGNE,64135M105,,Equities,Small Cap,12/27/2024,N
2096398,Neuronetics Inc Com,,STIM,64131A105,,Equities,Small Cap,07/09/2025,N
3820696,Neuropace Inc Com,,NPCE,641288105,,Equities,Small Cap,01/24/2025,N
814301,Nevro Corp Com,,NVRO,64157F103,,Equities,Small Cap,11/23/2024,N
2403159,New Fortress Energy Inc Com Cl A,,NFE,644393100,,Equities,Small Cap,10/17/2024,N
4964583,New Haven Calif Uni Sch Dist 3.375% 08/01/2034,,,645002H33,,Debt,Municipal Bonds,12/17/2022,N
34636,New Jersey Res Corp Com,,NJR,646025106,,Equities,Small Cap,09/24/2024,N
6856284,New York N Y 5% 08/01/2037,,,64966SKP0,,Debt,Municipal Bonds,10/21/2025,N
6001778,New York N Y City Transitional 5% 02/01/2044,,,64972JGP7,,Debt,Municipal Bonds,10/21/2025,N
2246365,New York N Y City Transitional 5.25% 07/15/2035,,,64972HJ86,,Debt,Municipal Bonds,10/21/2025,N
3143908,New York St Dorm Auth Sales Ta 5% 03/15/2038,,,64990AKC8,,Debt,Municipal Bonds,10/21/2025,N
9313,New York Times Co Mtn Be Cl A,,NYT,650111107,,Equities,Small Cap,09/17/2024,N
4903628,Newamsterdam Pharma Company Nv Ordinary Shares,,NAMS,N62509109,,Equities,Small Cap,04/02/2025,N
148,Newell Brands Inc Com,,NWL,651229106,,Equities,Small Cap,09/17/2024,N
1822686,Newmark Group Inc Cl A,,NMRK,65158N102,,Equities,Small Cap,11/23/2024,N
23607,Newmarket Corp Com,,NEU,651587107,,Equities,Small Cap,09/24/2024,N
1960,Newmont Corp Com,,NEM,651639106,,Equities,Large Cap,06/28/2022,N
598774,News Corp New Cl A,,NWSA,65249B109,,Equities,Mid Cap,09/17/2024,N
598643,News Corp New Cl B,,NWS,65249B208,,Equities,Mid Cap,06/28/2022,N
6900328,Newsmax Inc Com Shs Class B,,NMAX,65250K105,,Equities,Small Cap,11/05/2025,N
101911,Newtekone Inc Com New,,NEWT,652526203,,Equities,Small Cap,01/24/2025,N
468229,Nexpoint Diversified Rel Et Tr Com New,,NXDT,65340G205,,Alternative Assets,REITs,04/26/2025,N
3039906,Nexpoint Real Estate Fin Inc Com,,NREF,65342V101,,Alternative Assets,REITs,05/29/2025,N
886951,Nexpoint Residential Tr Inc Com,,NXRT,65341D102,,Alternative Assets,REITs,05/23/2025,N
75311,Nexstar Media Group Inc Common Stock,,NXST,65336K103,,Equities,Small Cap,09/17/2024,N
1102479,Nextdecade Corp Com,,NEXT,65342K105,,Equities,Small Cap,09/17/2024,N
4159260,Nextdoor Holdings Inc Com Cl A,,NXDR,65345M108,,Equities,Small Cap,09/17/2024,N
217997,Nextera Energy Inc Com,,NEE,65339F101,,Equities,Large Cap,06/28/2022,N
4142692,Nextnav Inc Common Stock,,NN,65345N106,,Equities,Small Cap,09/17/2024,N
6803717,Nextnrg Inc Com,,NXXT,652941105,,Equities,Small Cap,07/19/2025,N
5083620,Nextpower Inc Class A Com,,NXT,65290E101,,Equities,Small Cap,09/17/2024,N
6803391,Nexxen Intl Ltd Shs New,,NEXN,M8T80P204,,Equities,Small Cap,10/15/2025,N
1513877,Ni Hldgs Inc Com,,NODK,65342T106,,Equities,Small Cap,09/17/2024,N
285547,Niagen Bioscience Inc Com New,,NAGE,171077407,,Equities,Small Cap,11/29/2023,N
7455248,Nicholas Crypto Income Etf,,BLOX,88636V728,,Alternative Assets,Alternative Assets,12/23/2025,N
298903,Nicolet Bankshares Inc Com,,NIC,65406E102,,Equities,Small Cap,12/24/2024,N
2222,Nike Inc Cl B,,NKE,654106103,,Equities,Large Cap,06/28/2022,N
3222456,Nikola Corp Com New,,NKLAQ,654110303,,Equities,Small Cap,08/01/2025,N
7513,Nintendo Ltd Unspon Ads,,NTDOY,654445303,,Equities,International,02/19/2025,N
2191071,Nio Inc Spon Ads,,NIO,62914V106,,Equities,International,03/05/2025,N
578498,Niocorp Devs Ltd Com New,,NB,654484609,,Equities,International,11/18/2025,N
4247358,Nippon Fine Chem Npv,,,,JP3720000003,Equities,International,12/23/2021,N
7225204,Niq Global Intelligence Plc Ordinary Shares,,NIQ,G63755105,,Equities,Small Cap,10/09/2025,N
2105,Nisource Inc Com,,NI,65473P105,,Equities,Mid Cap,06/28/2022,N
3279392,Nkarta Inc Com,,NKTX,65487U108,,Equities,Small Cap,09/17/2024,N
53446,Nl Inds Inc Com New,,NL,629156407,,Equities,Small Cap,11/23/2024,N
2007290,Nlight Inc Com,,LASR,65487K100,,Equities,Small Cap,09/17/2024,N
645322,Nmi Hldgs Inc Com,,NMIH,629209305,,Equities,Small Cap,11/23/2024,N
1808,Nn Inc Com,,NNBR,629337106,,Equities,Small Cap,11/27/2024,N
8207,Nnn Reit Inc Com,,NNN,637417106,,Equities,Small Cap,09/24/2024,N
3696451,Noble Corp Plc Ord Shs A,,NE,G65431127,,Equities,International,12/24/2024,N
22211,Nomura Diversified Income A,,DPDFX,246248744,,Debt,Corporate Bonds,03/05/2025,N
4914,Nomura Hldgs Inc Sponsored Adr,,NMR,65535H208,,Equities,International,08/15/2025,N
287104,Nomura Mid Cap Growth I,,IYMIX,466001609,,Equities,Mid Cap,03/05/2025,N
231177,Nomura Small Cap Value Institutional,,DEVIX,246097208,,Equities,Small Cap,05/05/2022,N
106026,Nomura Value Institutional,,DDVIX,24610C857,,Equities,Large Cap,05/05/2022,N
597982,Noodles & Co Cl A New,,NDLS,65540B303,,Equities,Small Cap,10/12/2023,N
11641,Nordic American Tankers Limite Com,,NAT,G65773106,,Equities,International,09/17/2024,N
13375,Nordson Corp Com,,NDSN,655663102,,Equities,Mid Cap,09/17/2024,N
579,Nordstrom Inc Com,,JWN,655664100,,Equities,Mid Cap,08/11/2022,N
2324,Norfolk Southn Corp Com,,NSC,655844108,,Equities,Large Cap,06/28/2022,N
2631833,Northeast Bk Portland Me Com,,NBN,66405S100,,Equities,Small Cap,11/23/2024,N
504023,Northeast Cmnty Bancorp Inc Com,,NECB,664121100,,Equities,Small Cap,01/24/2025,N
83781,Northern Oil & Gas Inc Com,,NOG,665531307,,Equities,Small Cap,11/05/2024,N
334005,Northern Technologies Intl Cor Com,,NTIC,665809109,,Equities,Small Cap,04/26/2025,N
4979,Northern Tr Corp Com,,NTRS,665859104,,Equities,Large Cap,02/13/2024,N
528151,Northfield Bancorp Inc Del Com,,NFBK,66611T108,,Equities,Small Cap,09/17/2024,N
6818096,Northpointe Bancshares Inc. Com Shs,,NPB,66661N886,,Equities,Small Cap,07/12/2025,N
102517,Northrim Bancorp Inc Com,,NRIM,666762109,,Equities,Small Cap,01/24/2025,N
670,Northrop Grumman Corp Com,,NOC,666807102,,Equities,Large Cap,06/28/2022,N
13744,Northwest Bancshares Inc Com,,NWBI,667340103,,Equities,Small Cap,11/23/2024,N
5271,Northwest Nat Hldg Co Com,,NWN,66765N105,,Equities,Small Cap,09/17/2024,N
87666,Northwestern Energy Group Inc Com New,,NWE,668074305,,Equities,Small Cap,09/24/2024,N
525317,Norwegian Cruise Line Hldgs Lt Shs,,NCLH,G66721104,,Equities,International,09/17/2024,N
141223,Norwood Financial Corp Com,,NWFL,669549107,,Equities,Small Cap,04/26/2025,N
2843,Nov Inc Com,,NOV,62955J103,,Equities,Small Cap,09/17/2024,N
7224,Novagold Resources Inc Com New,,NG,66987E206,,Equities,International,11/27/2024,N
78755,Novanta Inc Com,,NOVT,67000B104,,Equities,International,09/17/2024,N
4918,Novartis Ag Sponsored Adr,,NVS,66987V109,,Equities,International,08/15/2025,N
3663,Novavax Inc Com New,,NVAX,670002401,,Equities,Small Cap,01/29/2022,N
9299,Novo-Nordisk A S Adr,,NVO,670100205,,Equities,International,08/15/2025,N
983273,Novocure Ltd Ord Shs,,NVCR,G6674U108,,Equities,International,10/11/2024,N
11352,Npk International Inc Com Shs,,NPKI,651718504,,Equities,Small Cap,09/17/2024,N
8396,Nrg Energy Inc Com New,,NRG,629377508,,Equities,Mid Cap,09/17/2024,N
4223845,Nu Hldgs Ltd Ord Shs Cl A,,NU,G6683N103,,Equities,International,09/17/2024,N
2765558,Nu Ride Inc Com Stk,,NRDE,54405Q209,,Equities,Large Cap,12/02/2023,N
34417,Nu Skin Enterprises Inc Cl A,,NUS,67018T105,,Equities,Small Cap,11/23/2024,N
8398,Nucor Corp Com,,NUE,670346105,,Equities,Mid Cap,06/28/2022,N
3301993,Nurix Therapeutics Inc Com,,NRIX,67080M103,,Equities,Small Cap,09/17/2024,N
711159,Nuscale Pwr Corp Cl A Com,,SMR,67079K100,,Equities,Small Cap,01/24/2025,N
1318610,Nutanix Inc Cl A,,NTNX,67059N108,,Equities,Mid Cap,09/17/2024,N
1837930,Nutrien Ltd Com,,NTR,67077M108,,Equities,International,08/15/2025,N
3980492,Nuvalent Inc Com,,NUVL,670703107,,Equities,Small Cap,09/17/2024,N
3198472,Nuvation Bio Inc Com Cl A,,NUVB,67080N101,,Equities,Small Cap,09/17/2024,N
4352422,Nuvectis Pharma Inc Com,,NVCT,67080T108,,Equities,Mid Cap,03/24/2026,N
236569,Nuveen All-American Municipal Bond I,,FAARX,67065Q855,,Debt,Municipal Bonds,11/11/2021,N
5976914,Nuveen Churchill Direct Lendin Com Shs,,NCDL,67090S108,,Equities,Small Cap,04/08/2025,N
628976,Nv5 Global Inc Com,,NVEE,62945V109,,Equities,Small Cap,09/17/2024,N
8401,Nve Corp Com New,,NVEC,629445206,,Equities,Small Cap,11/27/2024,N
2010188,Nvent Elec Plc Shs,,NVT,G6700G107,,Equities,International,09/17/2024,N
5037,Nvidia Corporation Com,,NVDA,67066G104,,Equities,Large Cap,06/28/2022,N
13650,Nvr Inc Com,,NVR,62944T105,,Equities,Mid Cap,11/05/2024,N
39279,Nwpx Infrastructure Inc Com,,NWPX,667746101,,Equities,Small Cap,01/24/2025,N
230844,Nxp Semiconductors N V Com,,NXPI,N6596X109,,Equities,International,09/17/2024,N
4638,O-I Glass Inc Com,,OI,67098H104,,Equities,Small Cap,11/05/2024,N
295272,Oak Vy Bancorp Oakdale Calif Com,,OVLY,671807105,,Equities,Small Cap,11/27/2024,N
24617,Oakmark International Small Cap Investor,,OAKEX,413838509,,Equities,International,12/02/2021,N
66645,Oberweis International Opps Inv,,OBIOX,674375506,,Equities,International,03/05/2025,N
1180,Occidental Pete Corp Com,,OXY,674599105,,Equities,Large Cap,02/01/2022,N
3272452,Occidental Pete Corp Wt Exp 080327,,OXY WS,674599162,,Equities,Large Cap,02/01/2022,N
140149,Ocean Pwr Technologies Inc Com New,,OPTT,674870506,,Equities,Small Cap,12/02/2023,N
5777,Oceaneering Intl Inc Com,,OII,675232102,,Equities,Small Cap,09/17/2024,N
120848,Oceanfirst Finl Corp Com,,OCFC,675234108,,Equities,Small Cap,09/17/2024,N
570399,Octave Specialty Group Inc Com New,,OSG,023139884,,Equities,Small Cap,01/03/2025,N
768132,Ocular Therapeutix Inc Com,,OCUL,67576A100,,Equities,Small Cap,09/17/2024,N
4041927,Offerpad Solutions Inc Com Cl A,,OPAD,67623L307,,Equities,Small Cap,01/24/2025,N
567451,Ofg Bancorp Com,,OFG,67103X102,,Equities,International,09/17/2024,N
2325,Oge Energy Corp Com,,OGE,670837103,,Equities,Small Cap,09/17/2024,N
426401,Ohio Vy Banc Corp Com,,OVBC,677719106,,Equities,Small Cap,08/09/2025,N
4094629,Oih   210618C00270000,,,,OIH   210618C00270000,Unclassified,Unclassified,10/04/2021,N
4094630,Oih   210716P00225000,,,,OIH   210716P00225000,Unclassified,Unclassified,10/04/2021,N
24763,Oil Dri Corp Amer Com,,ODC,677864100,,Equities,Small Cap,09/17/2024,N
11422,Oil Sts Intl Inc Com,,OIS,678026105,,Equities,Small Cap,09/17/2024,N
3939222,Oklo Inc Com Cl A,,OKLO,02156V109,,Equities,Small Cap,12/24/2024,N
1542160,Okta Inc Cl A,,OKTA,679295105,,Equities,Mid Cap,06/28/2022,N
4089902,Olaplex Hldgs Inc Com,,OLPX,679369108,,Equities,Small Cap,01/24/2025,N
11421,Old Dominion Freight Line Inc Com,,ODFL,679580100,,Equities,Mid Cap,06/28/2022,N
1781,Old Natl Bancorp Ind Com,,ONB,680033107,,Equities,Small Cap,09/24/2024,N
957556,Old Pt Financial Corporation Com,,OPOF,680194107,,Equities,Small Cap,07/23/2025,N
1028,Old Rep Intl Corp Com,,ORI,680223104,,Equities,Small Cap,09/24/2024,N
131911,Old Second Bancorp Inc Del Com,,OSBC,680277100,,Equities,Small Cap,11/23/2024,N
3521578,Olema Pharmaceuticals Inc Com,,OLMA,68062P106,,Equities,Small Cap,09/17/2024,N
10912,Olin Corp Com Par $1,,OLN,680665205,,Equities,Small Cap,09/17/2024,N
939124,Ollies Bargain Outlet Hldgs Com,,OLLI,681116109,,Equities,Small Cap,09/24/2024,N
3757211,Olo Inc Cl A,,OLO,68134L109,,Equities,Small Cap,09/17/2024,N
51485,Olympic Steel Inc Com,,ZEUS,68162K106,,Equities,Small Cap,09/17/2024,N
7108983,Omada Health Inc Com,,OMDA,68170A108,,Equities,Small Cap,01/10/2026,N
152625,Omega Flex Inc Com,,OFLX,682095104,,Equities,Small Cap,02/15/2025,N
1568,Omega Healthcare Invs Inc Com,,OHI,681936100,,Equities,Small Cap,09/17/2024,N
171094,Omeros Corp Com,,OMER,682143102,,Equities,Small Cap,01/24/2025,N
4837787,Omniab Inc Com,,OABI,68218J103,,Equities,Small Cap,09/17/2024,N
53155,Omnicell Com Com,,OMCL,68213N109,,Equities,Small Cap,11/23/2024,N
4980,Omnicom Group Inc Com,,OMC,681919106,,Equities,Mid Cap,06/28/2022,N
4060715,On Hldg Ag Namen Akt A,,ONON,H5919C104,,Equities,Small Cap,12/03/2021,N
889033,On Semiconductor Corp Com,,ON,682189105,,Equities,Mid Cap,06/28/2022,N
3690649,On24 Inc Com,,ONTF,68339B104,,Equities,Small Cap,11/27/2024,N
3509839,Ondas Inc Com New,,ONDS,68236H204,,Equities,Small Cap,02/24/2026,N
689354,One Gas Inc Com,,OGS,68235P108,,Equities,Small Cap,09/24/2024,N
67505,One Liberty Pptys Inc Com,,OLP,682406103,,Equities,Small Cap,05/23/2025,N
1037742,Onemain Hldgs Inc Com,,OMF,68268W103,,Equities,Small Cap,09/17/2024,N
6561,Oneok Inc New Com,,OKE,682680103,,Equities,Large Cap,06/28/2022,N
41899,Onespan Inc Com,,OSPN,68287N100,,Equities,Small Cap,09/17/2024,N
2475255,Onespaworld Holdings Limited Com,,OSW,P73684113,,Equities,International,11/23/2024,N
6329172,Onestream Inc Cl A,,OS,68278B107,,Equities,Small Cap,10/28/2025,N
269545,Onewater Marine Inc Cl A Com,,ONEW,68280L101,,Equities,Small Cap,09/17/2024,N
5776,Onity Group Inc Com New,,ONIT,675746606,,Equities,Small Cap,01/24/2025,N
8377,Onto Innovation Inc Com,,ONTO,683344105,,Equities,Mid Cap,09/17/2024,N
939750,Ooma Inc Com,,OOMA,683416101,,Equities,Small Cap,10/05/2023,N
1966057,Op Bancorp Com,,OPBK,67109R109,,Equities,Small Cap,08/09/2025,N
4657728,Opal Fuels Inc Class A Com,,OPAL,68347P103,,Equities,Small Cap,07/22/2025,N
3236616,Open Lending Corp Com,,LPRO,68373J104,,Equities,Small Cap,09/17/2024,N
3255847,Opendoor Technologies Inc Com,,OPEN,683712103,,Equities,Large Cap,12/02/2023,N
7690511,Opendoor Technologies Inc Wt Exp 112026 A,,OPENL,683712137,,Equities,Small Cap,11/22/2025,N
7690510,Opendoor Technologies Inc Wt Exp 112026 K,,OPENW,683712129,,Equities,Small Cap,11/22/2025,N
7690512,Opendoor Technologies Inc Wt Exp 112026 Z,,OPENZ,683712145,,Equities,Small Cap,11/22/2025,N
463451,Openlane Inc Com,,OPLN,48238T109,,Equities,Small Cap,09/17/2024,N
137176,Opko Health Inc Com,,OPK,68375N103,,Equities,Small Cap,11/23/2024,N
2827111,Oportun Finl Corp Com,,OPRT,68376D104,,Equities,Small Cap,07/08/2025,N
3959565,Oppfi Inc Com Cl A,,OPFI,68386H103,,Equities,Small Cap,11/05/2024,N
247904,Optimizerx Corp Com New,,OPRX,68401U204,,Equities,Small Cap,04/09/2025,N
1619363,Optimum Communications Inc Cl A,,OPTU,02156K103,,Equities,Small Cap,12/24/2024,N
52241,Option Care Health Inc Com New,,OPCH,68404L201,,Equities,Small Cap,09/17/2024,N
757366,Oracle Corp 4.5% 07/08/2044,,,68389XAW5,,Debt,Corporate Bonds,10/04/2025,N
70,Oracle Corp Com,,ORCL,68389X105,,Equities,Large Cap,12/27/2023,N
2154434,Orange Calif Uni Sch Dist Oran 3.125% 08/01/2037,,,684133KT7,,Debt,Municipal Bonds,01/21/2023,N
440369,Orange Cnty Bancorp Inc Com,,OBT,68417L107,,Equities,Small Cap,03/12/2025,N
34418,Orasure Technologies Inc Com,,OSUR,68554V108,,Equities,Small Cap,09/17/2024,N
5054653,Orchestra Biomed Hldgs Inc Com,,OBIO,68572M106,,Equities,Small Cap,01/24/2025,N
535277,Orchid Is Cap Inc Com New,,ORC,68571X301,,Alternative Assets,REITs,05/29/2025,N
1937,Oreilly Automotive Inc Com,,ORLY,67103H107,,Equities,Large Cap,06/28/2022,N
2394883,Organogenesis Hldgs Inc Com,,ORGO,68621F102,,Equities,Small Cap,09/17/2024,N
3882928,Organon & Co Common Stock,,OGN,68622V106,,Equities,Mid Cap,09/17/2024,N
3153505,Oric Pharmaceuticals Inc Com,,ORIC,68622P109,,Equities,Small Cap,09/17/2024,N
2023548,Origin Bancorp Inc Com,,OBK,68621T102,,Equities,Small Cap,01/24/2025,N
147571,Orion Group Hldgs Inc Com,,ORN,68628V308,,Equities,Small Cap,11/23/2024,N
4177632,Orion Properties Inc Com,,ONL,68629Y103,,Alternative Assets,REITs,06/01/2022,N
768164,Orion S.A. Com,,OEC,L72967109,,Equities,International,11/23/2024,N
7519,Orix Corp Sponsored Adr,,IX,686330101,,Equities,International,08/15/2025,N
53762,Ormat Technologies Inc Com,,ORA,686688102,,Equities,Small Cap,09/24/2024,N
49451,Orrstown Finl Svcs Inc Com,,ORRF,687380105,,Equities,Small Cap,09/17/2024,N
8407,Orthofix Med Inc Com,,OFIX,68752M108,,Equities,Small Cap,11/23/2024,N
1748899,Orthopediatrics Corp Com,,KIDS,68752L100,,Equities,Small Cap,09/17/2024,N
30967,Oruka Therapeutics Inc Com,,ABIO,00211Y506,,Equities,Small Cap,12/02/2023,N
3337959,Oruka Therapeutics Inc Com,,ORKA,687604108,,Equities,Small Cap,07/19/2025,N
3737038,Oscar Health Inc Cl A,,OSCR,687793109,,Equities,Small Cap,09/17/2024,N
1302,Oshkosh Corp Com,,OSK,688239201,,Equities,Small Cap,09/24/2024,N
34319,Osi Systems Inc Com,,OSIS,671044105,,Equities,Small Cap,11/23/2024,N
721040,Otis Worldwide Corp Com,,OTIS,68902V107,,Equities,Large Cap,12/27/2023,N
39014,Otter Tail Corp Com,,OTTR,689648103,,Equities,Small Cap,11/23/2024,N
3748020,Ouster Inc Com New,,OUST,68989M202,,Equities,Small Cap,10/04/2021,N
1466252,Outdoor Holding Co Com,,POWW,00175J107,,Equities,Small Cap,04/26/2025,N
716140,Outfront Media Inc Com New,,OUT,69007J304,,Alternative Assets,REITs,04/26/2025,N
1206212,Outlook Therapeutics Inc Com,,OTLK,69012T305,,Equities,Small Cap,03/08/2025,N
3382070,Outset Med Inc Com New,,OM,690145206,,Equities,Small Cap,07/12/2025,N
1571674,Ovid Therapeutics Inc Com,,OVID,690469101,,Equities,Small Cap,12/27/2024,N
2216,Ovintiv Inc Com,,OVV,69047Q102,,Equities,Mid Cap,09/17/2024,N
50713,Owens Corning New Com,,OC,690742101,,Equities,Mid Cap,09/17/2024,N
12001,Oxford Inds Inc Com,,OXM,691497309,,Equities,Small Cap,02/10/2022,N
418676,Oxford Lane Cap Corp Com,,OXLC,691543847,,Debt,Corporate Bonds,04/07/2023,N
2164,Oxford Square Cap Corp Com,,OXSQ,69181V107,,Equities,Small Cap,12/23/2025,N
1236,Paccar Inc Com,,PCAR,693718108,,Equities,Large Cap,06/28/2022,N
8519,Pacer American Energy Infrastructure Etf,,USAI,69374H634,,Equities,Large Cap,12/23/2025,N
1501838,Pacer Aristotle Pacific Floating Rate High Income Etf,,FLRT,69374H428,,Debt,Corporate Bonds,12/23/2025,N
2124857,Pacer Data & Infrastructure Real Estate Etf,,SRVR,69374H741,,Alternative Assets,REITs,11/11/2021,N
3260923,Pacer Lunt Large Cap Alternator Etf,,ALTL,69374H717,,Equities,Large Cap,11/11/2021,N
936455,Pacer Trendpilot 100 Etf,,PTNQ,69374H303,,Equities,Large Cap,11/11/2021,N
935884,Pacer Trendpilot Us Large Cap Etf,,PTLC,69374H105,,Equities,Large Cap,11/11/2021,N
931296,Pacer Trendpilot Us Mid Cap Etf,,PTMC,69374H204,,Equities,Mid Cap,11/11/2021,N
255933,Pacific Biosciences Calif Inc Com,,PACB,69404D108,,Equities,Small Cap,02/14/2026,N
340645,Pacific Premier Bancorp Com,,PPBI,69478X105,,Equities,Small Cap,11/23/2024,N
5264176,Pacific Stock Index Fund,,,,P_00344897,Equities,Emerging Markets,08/10/2023,N
362117,Pacira Biosciences Inc Com,,PCRX,695127100,,Equities,Small Cap,09/17/2024,N
4496,Packaging Corp Amer Com,,PKG,695156109,,Equities,Mid Cap,06/28/2022,N
6112070,Pacs Group Inc Com Shs,,PACS,69380Q107,,Equities,Small Cap,11/23/2024,N
3386125,Pactiv Evergreen Inc Com,,PTVE,69526K105,,Equities,Small Cap,09/17/2024,N
3821200,Pagaya Technologies Ltd Cl A New,,PGY,M7S64L123,,Equities,International,12/24/2024,N
2513624,Pagerduty Inc Com,,PD,69553P100,,Equities,Small Cap,09/17/2024,N
1881617,Pagseguro Digital Ltd Com Cl A,,PAGS,G68707101,KYG687071012,Equities,International,09/17/2024,N
3405518,Palantir Technologies Inc Cl A,,PLTR,69608A108,,Equities,Large Cap,06/28/2022,N
3746264,Palladyne Ai Corp Com New,,PDYN,80359A205,,Equities,Small Cap,02/05/2026,N
452747,Palo Alto Networks Inc Com,,PANW,697435105,,Equities,Large Cap,06/28/2022,N
2518829,Palomar Hldgs Inc Com,,PLMR,69753M105,,Equities,Small Cap,12/24/2024,N
931603,Palvella Therapeutics Inc New Com,,PVLA,697947109,,Equities,Small Cap,01/14/2026,N
627734,Pamt Corp Com,,PAMT,693149106,,Equities,Small Cap,01/24/2025,N
788082,Pangaea Logistics Solution Ltd Shs,,PANL,G6891L105,,Equities,International,09/17/2024,N
8416,Papa Johns Intl Inc Com,,PZZA,698813102,,Equities,Small Cap,09/17/2024,N
465852,Par Pac Holdings Inc Com New,,PARR,69888T207,,Equities,Small Cap,11/23/2024,N
157245,Par Technology Corp Com,,PAR,698884103,,Equities,Small Cap,09/17/2024,N
4117105,Paragon 28 Inc Com,,FNA,69913P105,,Equities,Small Cap,11/05/2024,N
6864450,Paramound Contra,,,925CSH03,,Equities,Small Cap,04/02/2025,N
2946459,Paramount Global Class A Com,,PARAA,92556H107,,Equities,Small Cap,12/24/2024,N
6876435,Paramount Global Class A Com - Tendered From Cusip 92556H107,,,925CSH28,,Equities,Small Cap,04/09/2025,N
10041,Paramount Global Class B Com,,PARA,92556H206,,Equities,Small Cap,09/21/2022,N
7299721,Paramount Global Class B Com - Tendered From Cusip 92556H206,,,925PRO03,,Equities,Small Cap,08/08/2025,N
820314,Paramount Group Inc Com,,PGRE,69924R108,,Alternative Assets,REITs,05/23/2025,N
1800513,Paramount Skydance Corp Com Cl B,,PSKY,69932A204,,Equities,Small Cap,08/08/2025,N
817,Park Aerospace Corp Com,,PKE,70014A104,,Equities,Small Cap,11/27/2024,N
1404236,Park Hotels & Resorts Inc Com,,PK,700517105,,Alternative Assets,REITs,09/17/2024,N
53671,Park Natl Corp Com,,PRK,700658107,,Equities,Small Cap,10/11/2024,N
63788,Park-Ohio Hldgs Corp Com,,PKOH,700666100,,Equities,Small Cap,12/24/2024,N
102265,Parke Bancorp Inc Com,,PKBK,700885106,,Equities,Small Cap,09/17/2024,N
8417,Parker-Hannifin Corp Com,,PH,701094104,,Equities,Large Cap,01/20/2023,N
14078,Parsons Corp Del Com,,PSN,70202L102,,Equities,Small Cap,09/17/2024,N
377970,Pathward Financial Inc Com,,$CASH,59100U108,,Equities,Small Cap,11/23/2024,N
3670016,Patria Investments Limited Com Cl A,,PAX,G69451105,,Equities,International,09/17/2024,N
218807,Patrick Inds Inc Com,,PATK,703343103,,Equities,Small Cap,09/17/2024,N
224786,Patriot Natl Bancorp Inc Com New,,PNBK,70336F203,,Equities,Small Cap,11/18/2025,N
900,Patterson Cos Inc Com,,PDCO,703395103,,Equities,Small Cap,09/17/2024,N
1857,Patterson-Uti Energy Inc Com,,PTEN,703481101,,Equities,Small Cap,09/17/2024,N
1220,Paychex Inc Com,,PAYX,704326107,,Equities,Large Cap,06/28/2022,N
722811,Paycom Software Inc Com,,PAYC,70432V102,,Equities,Mid Cap,02/13/2024,N
3959864,Paycor Hcm Inc Com,,PYCR,70435P102,,Equities,Small Cap,09/17/2024,N
5779,Paylocity Hldg Corp Com,,PCTY,70438V106,,Equities,Small Cap,09/17/2024,N
3872462,Paymentus Holdings Inc Com Cl A,,PAY,70439P108,,Equities,Small Cap,09/17/2024,N
3459978,Payoneer Global Inc Com,,PAYO,70451X104,,Equities,Small Cap,11/23/2024,N
934011,Paypal Hldgs Inc Com,,PYPL,70450Y103,,Equities,Large Cap,06/28/2022,N
3524263,Paysafe Limited Shs,,PSFE,G6964L206,,Equities,International,11/23/2024,N
336781,Paysign Inc Com,,PAYS,70451A104,,Equities,Small Cap,11/05/2024,N
538493,Pbf Energy Inc Cl A,,PBF,69318G106,,Equities,Small Cap,09/24/2024,N
32900,Pc Connection Inc Com,,CNXN,69318J100,,Equities,Small Cap,09/17/2024,N
219880,Pcb Bancorp Com,,PCB,740163100,,Equities,Small Cap,09/17/2024,N
216111,Pdd Holdings Inc Sponsored Ads,,PDD,722304102,,Equities,International,07/25/2025,N
34419,Pdf Solutions Inc Com,,PDFS,693282105,,Equities,Small Cap,09/17/2024,N
1572,Peabody Energy Corp Com,,BTU,704551100,,Equities,Small Cap,09/17/2024,N
5164037,Peakstone Realty Trust Common Shares,,PKST,39818P799,,Alternative Assets,REITs,01/24/2025,N
8420,Peapack-Gladstone Finl Corp Com,,PGC,704699107,,Equities,Small Cap,01/24/2025,N
11325,Pearson Plc Sponsored Adr,,PSO,705015105,,Equities,International,08/15/2025,N
181577,Pebblebrook Hotel Tr Com,,PEB,70509V100,,Equities,Small Cap,12/24/2024,N
128918,Pediatrix Medical Group Inc Com,,MD,58502B106,,Equities,Small Cap,09/17/2024,N
82297,Pegasystems Inc Com,,PEGA,705573103,,Equities,Small Cap,09/17/2024,N
2826511,Peloton Interactive Inc Cl A Com,,PTON,70614W100,,Equities,Small Cap,06/28/2022,N
417894,Pembina Pipeline Corp Com,,PBA,706327103,,Equities,International,08/15/2025,N
1589730,Penguin Solutions Inc Com,,PENG,706915105,,Equities,International,11/05/2024,N
1450,Penn Entertainment Inc Com,,PENN,707569109,,Equities,Small Cap,09/17/2024,N
2832869,Pennant Group Inc Com,,PNTG,70805E109,,Equities,Small Cap,11/05/2024,N
494335,Pennantpark Floating Rate Cap Com,,PFLT,70806A106,,Equities,Small Cap,12/23/2025,N
65896,Pennantpark Invt Corp Com,,PNNT,708062104,,Equities,Small Cap,12/23/2025,N
102111,Penns Woods Bancorp Inc Com,,PWOD,708430103,,Equities,Small Cap,07/23/2025,N
572393,Pennymac Finl Svcs Inc New Com,,PFSI,70932M107,,Equities,Small Cap,11/05/2024,N
11548,Pennymac Mtg Invt Tr Com,,PMT,70931T103,,Equities,Small Cap,05/17/2025,N
61890,Penske Automotive Grp Inc Com,,PAG,70959W103,,Equities,Mid Cap,09/17/2024,N
474753,Pentair Plc Shs,,PNR,G7S00T104,,Equities,International,09/17/2024,N
970506,Penumbra Inc Com,,PEN,70975L107,,Equities,Small Cap,09/17/2024,N
131912,Peoples Bancorp Inc Com,,PEBO,709789101,,Equities,Small Cap,09/17/2024,N
227930,Peoples Bancorp N C Inc Com,,PEBK,710577107,,Equities,Small Cap,09/17/2024,N
375962,Peoples Finl Svcs Corp Com,,PFIS,711040105,,Equities,Small Cap,01/24/2025,N
4895439,Pepgen Inc Com,,PEPG,713317105,,Equities,Small Cap,11/23/2024,N
1462,Pepsico Inc Com,,PEP,713448108,,Equities,Large Cap,06/28/2022,N
4973,Perdoceo Ed Corp Com,,PRDO,71363P106,,Equities,Small Cap,09/17/2024,N
3920382,Perella Weinberg Partners Class A Com,,PWP,71367G102,,Equities,Small Cap,11/23/2024,N
34104,Perficient Inc Com,,PRFT,71375U101,,Equities,Small Cap,09/17/2024,N
8422,Performance Food Group Co Com,,PFGC,71377A103,,Equities,Mid Cap,09/24/2024,N
547856,Performant Healthcare Inc Com,,PHLT,71377E105,,Equities,Small Cap,04/02/2025,N
4175624,Perimeter Solutions Inc Common Stock,,PRM,71385M107,,Equities,International,09/17/2024,N
201771,Perma-Fix Environmental Svcs Com New,,PESI,714157203,,Equities,Small Cap,01/24/2025,N
1330685,Permian Resources Corp Class A Com,,PR,71424F105,,Equities,Small Cap,09/09/2021,N
3712894,Perpetua Resources Corp Com,,PPTA,714266103,,Equities,International,11/05/2024,N
12004,Perrigo Co Plc Shs,,PRGO,G97822103,,Equities,International,09/17/2024,N
2696693,Personalis Inc Com,,PSNL,71535D106,,Equities,Small Cap,07/24/2025,N
173672,Perspective Therapeutics Inc Com New,,CATX,46489V302,,Equities,Small Cap,11/05/2024,N
6716373,Pestco,,,,2971_PESTCO,Alternative Assets,Alternative Assets,01/06/2025,N
3650989,Petco Health & Wellness Co Inc Com,,WOOF,71601V105,,Equities,Small Cap,09/17/2024,N
247900,Petrosun Inc Com,,PSUD,71676G108,,Equities,Small Cap,07/31/2024,N
71968,Peyto Expl & Dev Corp New Com,,PEYUF,717046106,,Equities,International,03/05/2025,N
705,Pfizer Inc Com,,PFE,717081103,,Equities,Large Cap,06/28/2022,N
1932,Pg&E Corp Com,,PCG,69331C108,,Equities,Mid Cap,06/28/2022,N
33059,Pgim Global Real Estate A,,PURAX,744336108,,Equities,International,03/05/2025,N
2459924,Pgim Jennison International Opps R6,,PWJQX,743969586,,Equities,International,03/20/2025,N
793928,Pgim Total Return Bond R6,,PTRQX,74440B884,,Debt,Corporate Bonds,03/14/2023,N
426467,Phaeacian Accent International Value Ins,,PPIVX,238210306,,Equities,International,12/02/2021,N
2871846,Phathom Pharmaceuticals Inc Com,,PHAT,71722W107,,Equities,Small Cap,12/24/2024,N
1203130,Phibro Animal Health Corp Cl A Com,,PAHC,71742Q106,,Equities,Small Cap,09/17/2024,N
83947,Philip Morris Intl Inc Com,,PM,718172109,,Equities,Large Cap,02/01/2022,N
425837,Phillips 66 Com,,PSX,718546104,,Equities,Large Cap,06/28/2022,N
3948298,Phillips Edison & Co Inc Common Stock,,PECO,71844V201,,Alternative Assets,REITs,11/23/2024,N
5550641,Phinia Inc Common Stock,,PHIN,71880K101,,Equities,Small Cap,09/17/2024,N
5813810,Phoenix Ariz Civic Impt Corp W 5% 07/01/2043,,,71883PMM6,,Debt,Municipal Bonds,10/21/2025,N
7562167,Phoenix Ed Partners Inc Com,,PXED,718968100,,Equities,Small Cap,01/10/2026,N
9393,Photronics Inc Com,,PLAB,719405102,,Equities,Small Cap,09/17/2024,N
2738813,Phreesia Inc Com,,PHR,71944F106,,Equities,Small Cap,09/17/2024,N
7407276,Picard Medical Inc Com Shs,,PMI,71953R108,,Equities,Large Cap,01/24/2026,N
1810371,Piedmont Lithium Inc Com,,PLL,72016P105,,Equities,Small Cap,12/24/2024,N
190864,Piedmont Realty Trust Inc Com Cl A,,PDM,720190206,,Equities,Small Cap,05/17/2025,N
27938,Pilgrims Pride Corp Com,,PPC,72147K108,,Equities,Mid Cap,09/17/2024,N
251123,Pimco 25+ Year Zero Coupon Us Treasury Index Exchange-Traded Fund,,ZROZ,72201R882,,Government Debt,Govt/Inflation,12/02/2021,N
263341,Pimco Broad U.S. Tips Index Etf,,TIPZ,72201R403,,Government Debt,Govt/Inflation,12/02/2021,N
469152,Pimco Commoditiesplus® Strategy I2,,PCLPX,72201P167,,Alternative Assets,Alternative Assets,12/02/2021,N
9748,Pimco Commodity Real Ret Strat Instl,,PCRIX,722005667,,Alternative Assets,Commodities,09/13/2023,N
437108,Pimco Dynamic Income Fd Shs,,PDI,72201Y101,,Debt,Corporate Bonds,12/23/2025,N
685883,Pimco Enhanced Low Duration Active Etf,,LDUR,72201R718,,Debt,Corporate Bonds,10/22/2022,N
183217,Pimco Enhanced Short Maturity Active Exchange-Traded Fund,,MINT,72201R833,,Cash & Equivalents,Money Markets,12/04/2021,N
23936,Pimco High Income Fd Com Shs,,PHK,722014107,,Debt,Corporate Bonds,12/23/2025,N
22811,Pimco High Yield Instl,,PHIYX,693390841,,Debt,Corporate Bonds,09/13/2023,N
608713,Pimco Income Instl,,PIMIX,72201F490,,Debt,Corporate Bonds,10/04/2021,N
561934,Pimco Mortgage Opportunities And Bdinstl,,PMZIX,72201U638,,Debt,Corporate Bonds,03/12/2026,N
206367,Pimco Stocksplus® Small A,,PCKAX,72201F698,,Equities,Small Cap,04/26/2022,N
3915319,Pimco Vit Real Return,,,,814121281152673,Government Debt,Govt/Inflation,03/16/2022,N
3929884,Pimco Vit Total Return,,,,814121281153553,Government Debt,Govt/Inflation,03/16/2022,N
33950,Pinnacle Finl Partners Inc Com,,PNFP,72348N109,,Equities,Small Cap,09/17/2024,N
1818,Pinnacle West Cap Corp Com,,PNW,723484101,,Equities,Small Cap,09/17/2024,N
2520545,Pinterest Inc Cl A,,PINS,72352L106,,Equities,Mid Cap,12/24/2021,N
2738552,Pioneer Bancorp Inc Md Com,,PBFS,723561106,,Equities,Small Cap,09/17/2024,N
4887,Pioneer Nat Res Co Com,,PXD,723787107,,Equities,Large Cap,06/28/2022,N
1783,Piper Sandler Companies Com New,,PIPR,724078209,,Equities,Small Cap,09/17/2024,N
669,Pitney Bowes Inc Com,,PBI,724479100,,Equities,Small Cap,09/17/2024,N
973721,Pjt Partners Inc Com Cl A,,PJT,69343T107,,Equities,Small Cap,09/17/2024,N
5037771,Placer Calif Un High Sch Dist 3% 08/01/2037,,,72600PAS6,,Debt,Municipal Bonds,01/21/2023,N
81074,Planet Fitness Master Issuer L Cl A,,PLNT,72703H101,,Equities,Small Cap,09/17/2024,N
4222049,Planet Labs Pbc Com Cl A,,PL,72703X106,,Equities,Small Cap,11/23/2024,N
7142968,Playa Hotels & Res  Oxxx Escrow Pending Possible Exp:,,,N70ESC01,,Equities,Small Cap,06/21/2025,N
1490817,Playa Hotels & Resorts Nv Shs,,PLYA,N70544106,,Equities,International,09/17/2024,N
3914110,Playstudios Inc Class A Com,,MYPS,72815G108,,Equities,Small Cap,01/24/2025,N
3652349,Playtika Hldg Corp Com,,PLTK,72815L107,,Equities,Small Cap,09/17/2024,N
13358,Plexus Corp Com,,PLXS,729132100,,Equities,Small Cap,09/17/2024,N
3200020,Pliant Therapeutics Inc Com,,PLRX,729139105,,Equities,Small Cap,09/17/2024,N
816,Plug Pwr Inc Com New,,PLUG,72919P202,,Equities,Small Cap,10/04/2021,N
309049,Plumas Bancorp Com,,PLBC,729273102,,Equities,Small Cap,11/27/2024,N
1607256,Plymouth Indl Reit Inc Com,,PLYM,729640102,,Alternative Assets,REITs,04/26/2025,N
852,Pnc Finl Svcs Group Inc Com,,PNC,693475105,,Equities,Large Cap,06/28/2022,N
4243881,Pola Orbis Hldg In Npv,,,,JP3855900001,Equities,International,12/21/2021,N
5523,Polaris Inc Com,,PII,731068102,,Equities,Mid Cap,08/11/2022,N
4335934,Ponce Financial Group Inc Common Stock,,PDLB,732344106,,Equities,Small Cap,12/24/2024,N
12726,Pool Corp Com,,POOL,73278L105,,Equities,Small Cap,06/28/2022,N
1174,Popular Inc Com New,,BPOP,733174700,,Equities,International,09/17/2024,N
1331968,Porch Group Inc Com,,PRCH,733245104,,Equities,Small Cap,12/24/2024,N
4128953,Portillos Inc Com Cl A,,PTLO,73642K106,,Equities,Large Cap,05/23/2022,N
31644,Portland Gen Elec Co Com New,,POR,736508847,,Equities,Small Cap,09/24/2024,N
6727441,Poseida Therape Contra,,,737CVR01,,Equities,Small Cap,01/14/2025,N
3279742,Poseida Therapeutics Inc Com,,PSTX,73730P108,,Equities,Small Cap,12/24/2024,N
401234,Post Hldgs Inc Com,,POST,737446104,,Equities,Mid Cap,11/15/2023,N
2632053,Postal Realty Trust Inc Cl A,,PSTL,73757R102,,Alternative Assets,REITs,05/17/2025,N
7505362,Potbelly Corp        Xxx Submitted For Cash Exp: 10/22/2025,,,737991398,,Equities,Small Cap,10/21/2025,N
631362,Potbelly Corp Com,,PBPB,73754Y100,,Equities,Small Cap,09/17/2024,N
5273,Potlatchdeltic Corporation Com,,PCH,737630103,,Equities,Small Cap,11/14/2024,N
21598,Powell Inds Inc Com,,POWL,739128106,,Equities,Small Cap,09/17/2024,N
6761,Power Integrations Inc Com,,POWI,739276103,,Equities,Small Cap,09/24/2024,N
453689,Power Solutions Intl Inc Com New,,PSIX,73933G202,,Equities,Small Cap,08/14/2025,N
87744,Powerfleet Inc Com,,AIOT,73931J109,,Equities,Small Cap,09/17/2024,N
3975838,Powerschool Holdings Inc Com Cl A,,PWSC,73939C106,,Equities,Small Cap,09/17/2024,N
1179,Ppg Inds Inc Com,,PPG,693506107,,Equities,Large Cap,06/28/2022,N
2888,Ppl Corp Com,,PPL,69351T106,,Equities,Large Cap,06/28/2022,N
1869,Pra Group Inc Com,,PRAA,69354N106,,Equities,Small Cap,11/05/2024,N
5782960,Prairie Oper Co Com,,PROP,739650109,,Equities,Small Cap,04/26/2025,N
3442074,Praxis Precision Medicines Inc Com New,,PRAX,74006W207,,Equities,Small Cap,09/17/2024,N
611512,Precigen Inc Com,,PGEN,74017N105,,Equities,Small Cap,04/26/2025,N
21681,Preferred Bk Los Angeles Ca Com New,,PFBC,740367404,,Equities,Small Cap,09/17/2024,N
32740,Preformed Line Prods Co Com,,PLPC,740444104,,Equities,Small Cap,04/02/2025,N
3405931,Prelude Therapeutics Inc Com,,PRLD,74065P101,,Equities,Small Cap,03/13/2025,N
67391,Premier Financial Corp Com,,PFC,74052F108,,Equities,Small Cap,12/24/2024,N
631095,Premier Inc Cl A,,PINC,74051N102,,Equities,Small Cap,09/17/2024,N
12002,Prestige Consmr Healthcare Inc Com,,PBH,74112D101,,Equities,Small Cap,01/03/2025,N
879,Price T Rowe Group Inc Com,,TROW,74144T108,,Equities,Large Cap,06/28/2022,N
53382,Pricesmart Inc Com,,PSMT,741511109,,Equities,Small Cap,11/23/2024,N
4819348,Prime Medicine Inc Com,,PRME,74168J101,,Equities,Small Cap,01/24/2025,N
86591,Primecap Odyssey Growth,,POGRX,74160Q103,,Equities,Large Cap,09/09/2021,N
50654,Primeenergy Resources Corp Com,,PNRG,74158E104,,Equities,Small Cap,11/27/2024,N
200633,Primerica Inc Com,,PRI,74164M108,,Equities,Small Cap,09/24/2024,N
3785166,Primis Financial Corp Com,,FRST,74167B109,,Equities,Small Cap,09/17/2024,N
50257,Primo Brands Corporation Class A Com Shs,,PRMB,741623102,,Equities,Small Cap,12/24/2024,N
121702,Primoris Svcs Corp Com,,PRIM,74164F103,,Equities,Small Cap,11/05/2024,N
421291,Princeton Bancorp Inc Com,,BPRN,74179A107,,Equities,Small Cap,11/27/2024,N
1622268,Principal California Municipal Instl,,PCMFX,742537459,,Debt,Municipal Bonds,05/05/2022,N
347893,Principal Equity Income Inst,,PEIIX,74254U499,,Equities,Large Cap,08/10/2022,N
1953,Principal Financial Group Inc Com,,PFG,74251V102,,Equities,Mid Cap,06/28/2022,N
182068,Principal Midcap Institutional,,PCBIX,74253Q747,,Equities,Mid Cap,05/05/2022,N
202185,Principal Midcap Value I Inst,,PVMIX,74253Q192,,Equities,Mid Cap,09/03/2022,N
8072937,Principal Plus Interest Portfolio,,,,FUND 14011,Government Debt,Govt/Inflation,03/02/2026,N
1372712,Priority Technology Hldgs Inc Com,,PRTH,74275G107,,Equities,Small Cap,11/05/2024,N
3829605,Privia Health Group Inc Com,,PRVA,74276R102,,Equities,Small Cap,11/23/2024,N
47342,Pro-Dex Inc Colo Com New,,PDEX,74265M205,,Equities,Small Cap,07/15/2025,N
13652,Proassurance Corp Com,,PRA,74267C106,,Equities,Small Cap,09/17/2024,N
4061176,Procept Biorobotics Corp Com,,PRCT,74276L105,,Equities,Small Cap,09/17/2024,N
3862662,Procore Technologies Inc Com,,PCOR,74275K108,,Equities,Mid Cap,09/17/2024,N
3105605,Procter & Gamble Co 3% 03/25/2030,,,742718FH7,,Debt,Corporate Bonds,10/04/2025,N
1163,Procter & Gamble Co Com,,PG,742718109,,Equities,Large Cap,06/28/2022,N
6166566,Proficient Auto Logistics Inc Com,,PAL,74317M104,,Equities,Small Cap,01/24/2025,N
4517414,Profrac Hldg Corp Class A Com,,ACDC,74319N100,,Equities,Small Cap,03/13/2025,N
52633,Prog Holdings Inc Com Npv,,PRG,74319R101,,Equities,Small Cap,09/17/2024,N
8434,Progress Software Corp Com,,PRGS,743312100,,Equities,Small Cap,09/17/2024,N
1910,Progressive Corp Com,,PGR,743315103,,Equities,Large Cap,06/28/2022,N
2871224,Progyny Inc Com,,PGNY,74340E103,,Equities,Small Cap,10/17/2024,N
4631753,Prokidney Corp Shs Cl A,,PROK,74291D104,,Equities,International,12/24/2024,N
1295,Prologis Inc. Com,,PLD,74340W103,,Equities,Large Cap,06/28/2022,N
1512764,Propetro Hldg Corp Com,,PUMP,74347M108,,Equities,Small Cap,01/24/2025,N
68075,Pros Holdings Inc Com,,PRO,74346Y103,,Equities,Small Cap,09/17/2024,N
4124374,Proshares Bitcoin Etf,,BITO,74347G440,US74347G4405,Equities,Large Cap,10/21/2021,N
2155009,Proshares Online Retail Etf,,ONLN,74347B169,,Equities,Large Cap,11/11/2021,N
388522,Prosperity Bancshares Inc Com,,PB,743606105,,Equities,Small Cap,09/24/2024,N
1261571,Protagonist Therapeutics Inc Com,,PTGX,74366E102,,Equities,Small Cap,09/17/2024,N
180001,Protalix Biotherapeutics Inc Com,,PLX,74365A309,,Equities,Small Cap,01/16/2026,N
924487,Protara Therapeutics Inc Com Stk,,TARA,74365U107,,Equities,Small Cap,07/22/2025,N
503257,Prothena Corp Plc Shs,,PRTA,G72800108,,Equities,International,09/17/2024,N
407203,Proto Labs Inc Com,,PRLB,743713109,,Equities,Small Cap,09/17/2024,N
7687571,Provident Banco Contra,,,743PRO01,,Equities,Small Cap,11/18/2025,N
1325842,Provident Bancorp Inc Com New,,PVBC,74383L105,,Equities,Small Cap,01/28/2025,N
7617194,Provident Bancorp Inc Com New - Contra Cusip - Cash Tnd From Cusip 74383L10,,,743CSH082,,Equities,Small Cap,11/05/2025,N
4886,Provident Finl Svcs Inc Com,,PFS,74386T105,,Equities,Small Cap,12/24/2024,N
594665,Prudential Finl Inc 5.7% 12/14/2036,,,74432QAQ8,,Debt,Corporate Bonds,10/04/2025,N
1009,Prudential Finl Inc Com,,PRU,744320102,,Equities,Large Cap,06/28/2022,N
6925,Prudential Plc Adr,,PUK,74435K204,,Equities,International,08/15/2025,N
528191,Ptc Inc Com,,PTC,69370C100,,Equities,Mid Cap,12/27/2023,N
605873,Ptc Therapeutics Inc Com,,PTCT,69366J200,,Equities,Small Cap,09/17/2024,N
7953141,Public Pol Hldg Co Inc Ord Shs,,PPHC,744430208,,To Be Classified,To Be Classified,04/03/2026,N
2346,Public Storage Oper Co Com,,PSA,74460D109,,Equities,Large Cap,06/28/2022,N
1025,Public Svc Enterprise Group Com,,PEG,744573106,,Equities,Large Cap,06/28/2022,N
3573631,Pubmatic Inc Com Cl A,,PUBM,74467Q103,,Equities,Small Cap,09/17/2024,N
3414887,Pulmonx Corp Com,,LUNG,745848101,,Equities,Small Cap,09/17/2024,N
1460,Pulte Group Inc Com,,PHM,745867101,,Equities,Mid Cap,06/28/2022,N
422885,Puma Biotechnology Inc Com,,PBYI,74587V107,,Equities,Small Cap,01/24/2025,N
78954,Pure Cycle Corp Com New,,PCYO,746228303,,Equities,Small Cap,11/23/2024,N
3757812,Purecycle Technologies Inc Com,,PCT,74623V103,,Equities,Small Cap,10/04/2021,N
1904539,Purple Innovation Inc Com,,PRPL,74640Y106,,Equities,Small Cap,03/13/2025,N
3624,Pursuit Attractions And Hospit Com,,PRSU,92552R406,,Equities,Small Cap,09/17/2024,N
47217,Pvh Corporation Com,,PVH,693656100,,Equities,Small Cap,09/17/2024,N
3029758,Pyxis Oncology Inc Common Stock,,PYXS,747324101,,Equities,Small Cap,11/23/2024,N
711228,Q2 Hldgs Inc Com,,QTWO,74736L109,,Equities,Small Cap,09/17/2024,N
6081330,Q32 Bio Inc Com,,QTTB,746964105,,Equities,Small Cap,03/22/2025,N
395489,Qcr Hldgs Inc Com,,QCRH,74727A104,,Equities,Small Cap,11/23/2024,N
7344,Qiagen Nv Ord Shares,,QGEN,N72482156,,Equities,International,09/17/2024,N
7638051,Qnity Electronics Inc Common Stock,,Q,74743L100,,Equities,Small Cap,11/04/2025,N
839398,Qorvo Inc Com,,QRVO,74736K101,,Equities,Mid Cap,06/28/2022,N
224725,Quad / Graphics Inc Com Cl A,,QUAD,747301109,,Equities,Small Cap,01/24/2025,N
4175487,Quadratic Deflation Etf,,BNDD,500767181,,Debt,Corporate Bonds,04/14/2023,N
8438,Quaker Houghton Com,,KWR,747316107,,Equities,Small Cap,11/23/2024,N
569,Qualcomm Inc Com,,QCOM,747525103,,Equities,Large Cap,09/21/2022,N
475306,Qualys Inc Com,,QLYS,74758T303,,Equities,Small Cap,09/24/2024,N
7337,Quanex Bldg Prods Corp Com,,NX,747619104,,Equities,Small Cap,09/17/2024,N
32932,Quanta Svcs Inc Com,,PWR,74762E102,,Equities,Mid Cap,12/27/2023,N
1812962,Quanterix Corp Com,,QTRX,74766Q101,,Equities,Small Cap,11/23/2024,N
7640098,Quantinno Funadmental Arbitrage Fund,,,,2971_QFAF,Unclassified,Unclassified,11/02/2025,N
7407565,Quantinno Fundamental Ar Bitrage Fund Lp,,,,SCHWAB-3068493,Alternatives with Tax Benefits,Tax-Aware Hedge Fund,09/03/2025,N
376046,Quantum Computing Inc Com,,QUBT,74766W108,,Equities,Small Cap,11/13/2025,N
3896598,Quantum Si Inc Com Cl A,,QSI,74765K105,,Equities,Small Cap,01/22/2026,N
3334769,Quantumscape Corp Com Cl A,,QS,74767V109,,Equities,Small Cap,12/02/2023,N
585,Quest Diagnostics Inc Com,,DGX,74834L100,,Equities,Mid Cap,06/28/2022,N
770394,Quest Resource Hldg Corp Com New,,QRHC,74836W203,,Equities,Small Cap,01/24/2025,N
103876,Quicklogic Corp Com New,,QUIK,74837P405,,Equities,Small Cap,01/24/2025,N
72978,Quidelortho Corp Com,,QDEL,219798105,,Equities,Small Cap,09/17/2024,N
192463,Quinstreet Inc Com,,QNST,74874Q100,,Equities,Small Cap,09/17/2024,N
2027791,Quipt Home Medical Corp Com,,QIPT,74880P104,,Equities,International,11/27/2024,N
998628,Quotient Technology Inc Com,,QUOT,749119103,,Equities,Small Cap,11/30/2021,N
12588,Qvc Group Inc Com Ser A New,,QVCGA,74915M605,,Equities,Mid Cap,06/17/2023,N
6215122,Qxo Inc Com New,,QXO,82846H405,,Equities,Small Cap,02/06/2025,N
1461504,R1 Rcm Inc Com,,RCM,77634L105,,Equities,Small Cap,09/17/2024,N
3316863,Rackspace Technology Inc Com,,RXT,750102105,,Equities,Small Cap,12/24/2024,N
668,Radian Group Inc Com,,RDN,750236101,,Equities,Small Cap,12/24/2024,N
657074,Radiant Logistics Inc Com,,RLGT,75025X100,,Equities,Small Cap,01/24/2025,N
2226,Radius Recycling Inc Cl A,,RDUS,806882106,,Equities,Small Cap,09/17/2024,N
101913,Radnet Inc Com,,RDNT,750491102,,Equities,Small Cap,09/17/2024,N
7162217,Ralliant Corp Com,,RAL,750940108,,Equities,Small Cap,07/01/2025,N
437385,Ralph Lauren Corp Cl A,,RL,751212101,,Equities,Mid Cap,09/17/2024,N
1464855,Ramaco Res Inc Com Cl A,,METC,75134P600,,Equities,Small Cap,12/24/2024,N
5512210,Ramaco Res Inc Com Cl B,,METCB,75134P501,,Equities,Small Cap,12/24/2024,N
22922,Rambus Inc Del Com,,RMBS,750917106,,Equities,Small Cap,09/17/2024,N
5277,Range Res Corp Com,,RRC,75281A109,,Equities,Small Cap,09/24/2024,N
32713,Ranger Energy Svcs Inc Com Cl A,,RNGR,75282U104,,Equities,Small Cap,09/17/2024,N
2627283,Ranpak Holdings Corp Com Cl A,,PACK,75321W103,,Equities,Small Cap,09/17/2024,N
939754,Rapid7 Inc Com,,RPD,753422104,,Equities,Small Cap,09/17/2024,N
6218586,Rapport Therapeutics Inc Com,,RAPP,75383L102,,Equities,Small Cap,03/12/2025,N
3113493,Rapt Therapeutics Inc Com New,,RAPT,75382E208,,Equities,Small Cap,03/08/2025,N
9836,Raymond James Finl Inc Com,,RJF,754730109,,Equities,Mid Cap,06/28/2022,N
750468,Rayonier Advanced Matls Inc Com,,RYAM,75508B104,,Equities,Small Cap,09/17/2024,N
9254,Rayonier Inc Com,,RYN,754907103,,Equities,Small Cap,12/14/2024,N
12697,Rb Global Inc Com,,RBA,74935Q107,,Equities,International,09/24/2024,N
1659709,Rbb Bancorp Com,,RBB,74930B105,,Equities,Small Cap,09/17/2024,N
49468,Rbc Bearings Inc Com,,RBC,75524B104,,Equities,Small Cap,09/17/2024,N
102900,Rci Hospitality Hldgs Inc Com,,RICK,74934Q108,,Equities,Small Cap,11/23/2024,N
47867,Rcm Technologies Inc Com New,,RCMT,749360400,,Equities,Small Cap,07/22/2025,N
630101,Re/Max Hldgs Inc Cl A,,RMAX,75524W108,,Equities,Small Cap,01/03/2025,N
2209625,Ready Capital Corp Com,,RC,75574U101,,Alternative Assets,REITs,01/24/2025,N
5172821,Real Estate Investment Trust Index Fund,,,,P_00344899,Alternative Assets,REITs,08/10/2023,N
862,Realty Income Corp Com,,O,756109104,,Equities,Mid Cap,06/01/2022,N
6915,Reaves Util Income Fd Com Sh Ben Int,,UTG,756158101,,Equities,International,12/23/2025,N
2800528,Reconnaissance Enry Africa Ltd Com,,RECAF,75624R108,,Equities,International,12/05/2025,N
3810386,Recursion Pharmaceuticals Inc Cl A,,RXRX,75629V104,,Equities,Small Cap,01/03/2025,N
103480,Red Cat Hldgs Inc Com,,RCAT,75644T100,,Equities,Small Cap,10/28/2025,N
914786,Red River Bancshares Inc Com,,RRBI,75686R202,,Equities,Small Cap,09/17/2024,N
76274,Red Rock Resorts Inc Cl A,,RRR,75700L108,,Equities,Small Cap,10/11/2024,N
1963801,Red Violet Inc Com,,RDVT,75704L104,,Equities,Small Cap,01/24/2025,N
6075311,Reddit Inc Cl A,,RDDT,75734B100,,Equities,Small Cap,02/06/2025,N
1656910,Redfin Corp Com,,RDFN,75737F108,,Equities,Small Cap,06/18/2024,N
4043597,Redwire Corporation Com,,RDW,75776W103,,Equities,Small Cap,12/24/2024,N
5714343,Redwood Private Real Estate Debt,,CREMX,758067102,,Alternative Assets,REITs,03/25/2025,N
7346,Redwood Trust Inc Com,,RWT,758075402,,Equities,Small Cap,05/29/2025,N
3300,Regal Rexnord Corporation Com,,RRX,758750103,,Equities,Mid Cap,10/11/2024,N
2348,Regency Ctrs Corp Com,,REG,758849103,,Equities,Mid Cap,06/28/2022,N
34551,Regeneron Pharmaceuticals Com,,REGN,75886F107,,Equities,Large Cap,06/28/2022,N
969223,Regenxbio Inc Com,,RGNX,75901B107,,Equities,Small Cap,11/05/2024,N
416768,Regional Mgmt Corp Com,,RM,75902K106,,Equities,Small Cap,11/23/2024,N
1759,Regions Financial Corp New Com,,RF,7591EP100,,Equities,Mid Cap,06/28/2022,N
7162186,Regulus Therape Contra,,,759CVR01,,Equities,Small Cap,06/28/2025,N
517603,Regulus Therapeutics Inc Com,,RGLS,75915K309,,Equities,Small Cap,02/19/2025,N
2464,Reinsurance Group Amer Inc Com New,,RGA,759351604,,Equities,Mid Cap,09/17/2024,N
8173768,"Related Opportunity Zone Fund Iii, Lp",,,,2971_ROZFUND,Unclassified,Unclassified,03/25/2026,N
3288360,Relay Therapeutics Inc Com,,RLAY,75943R102,,Equities,Small Cap,11/23/2024,N
12007,Reliance Inc Com,,RS,759509102,,Equities,Mid Cap,07/30/2024,N
933145,Relx Plc Sponsored Adr,,RELX,759530108,,Equities,International,08/15/2025,N
4078898,Remitly Global Inc Com,,RELY,75960P104,,Equities,Small Cap,09/17/2024,N
6611,Renaissancere Hldgs Ltd Com,,RNR,G7496G103,,Equities,International,09/17/2024,N
71960,Renasant Corp Com,,RNST,75970E107,,Equities,Small Cap,11/23/2024,N
7200622,Renatus Tactical Acquis Shs Cl A,,RTAC,G7490F101,,Equities,Small Cap,08/19/2025,N
12396,Rentokil Initial Plc Sponsored Adr,,RTO,760125104,,Equities,International,09/12/2024,N
2151891,Repay Hldgs Corp Com Cl A,,RPAY,76029L100,,Equities,Small Cap,11/23/2024,N
3037,Repligen Corp Com,,RGEN,759916109,,Equities,Small Cap,06/18/2024,N
2129986,Replimune Group Inc Com,,REPL,76029N106,,Equities,Small Cap,09/17/2024,N
359375,Repositrak Inc Com New,,TRAK,700215304,,Equities,Small Cap,03/08/2025,N
34550,Republic Bancorp Inc Ky Cl A,,RBCAA,760281204,,Equities,Small Cap,12/24/2024,N
6706,Republic Svcs Inc Com,,RSG,760759100,,Equities,Large Cap,06/28/2022,N
3694392,Reservoir Media Inc Com,,RSVR,76119X105,,Equities,Small Cap,01/24/2025,N
2246115,Resideo Technologies Inc Com,,REZI,76118Y104,,Equities,Small Cap,11/23/2024,N
5733,Resmed Inc Com,,RMD,761152107,,Equities,Mid Cap,12/27/2023,N
6831941,Resolute Hldgs Mgmt Inc Com,,RHLD,76134H101,,Equities,Small Cap,03/01/2025,N
6562,Resources Connection Inc Com,,RGP,76122Q105,,Equities,Small Cap,09/17/2024,N
831890,Restaurant Brands Intl Inc Com,,QSR,76131D103,,Equities,International,08/15/2025,N
5085736,Return Stacked Bonds & Managed Futures Etf,,RSBT,88636J105,,Alternative Assets,Alternative Assets,01/15/2025,N
5713910,Return Stacked U.S. Stocks & Managed Futures Etf,,RSST,88636J816,,Alternative Assets,Alternative Assets,01/14/2025,N
1449053,Rev Group Inc Com,,REVG,749527107,,Equities,Small Cap,09/17/2024,N
692639,Revance Therapeutics Inc Com,,RVNC,761330109,,Equities,Small Cap,09/17/2024,N
6575968,Revelyst Inc Com Shs,,GEAR,690045109,,Equities,Small Cap,11/30/2024,N
3051687,Revolution Medicines Inc Com,,RVMD,76155X100,,Equities,Small Cap,09/17/2024,N
2674455,Revolve Group Inc Cl A,,RVLV,76156B107,,Equities,Small Cap,09/17/2024,N
6864,Revvity Inc Com,,RVTY,714046109,,Equities,Mid Cap,07/02/2022,N
6234508,Rex Ai Equity Premium Income Etf,,AIPI,26923N538,,Equities,Large Cap,12/23/2025,N
266486,Rex American Res Corp Com,,REX,761624105,,Equities,Small Cap,09/17/2024,N
7208270,Rex Coin Growth & Income Etf,,COII,761562107,,Equities,Large Cap,12/23/2025,N
5851599,Rex Fang & Innovation Equity Premium Income Etf,,FEPI,26923N744,,Alternative Assets,Alternative Assets,12/23/2025,N
605939,Rexford Indl Rlty Inc Com,,REXR,76169C100,,Alternative Assets,REITs,12/14/2024,N
3030034,Reynolds Consumer Prods Inc Com,,REYN,76171L106,,Equities,Small Cap,09/17/2024,N
1145398,Rezolute Inc Com New,,RZLT,76200L309,,Equities,Small Cap,07/19/2025,N
4176820,Rezolve Ai Plc Ord Shs,,RZLV,G75398100,,Equities,International,11/26/2025,N
33404,Rgc Res Inc Com,,RGCO,74955L103,,Equities,Small Cap,09/17/2024,N
488113,Rh Com,,RH,74967X103,,Equities,Small Cap,09/17/2024,N
257613,Rheinmetall Ag Ord,,RNMBF,D65111102,,Equities,International,06/17/2023,N
2420722,Rhinebeck Bancorp Inc Com,,RBKB,762093102,,Equities,Small Cap,07/30/2025,N
1741364,Rhythm Pharmaceuticals Inc Com,,RYTM,76243J105,,Equities,Small Cap,09/17/2024,N
2714,Ribbon Communications Inc Com,,RBBN,762544104,,Equities,Small Cap,12/27/2024,N
8449,Richardson Electrs Ltd Com,,RELL,763165107,,Equities,Small Cap,12/27/2024,N
2675833,Richemont(Cie Fin) Chf1 (Regd),,CFR,,CH0210483332,Equities,International,12/21/2021,N
2720439,Richmond Mut Bancorporation Com,,RMBI,76525P100,,Equities,Small Cap,07/24/2025,N
5965229,Richtech Robotics Inc Cl B,,RR,765504105,,Equities,Small Cap,11/22/2025,N
1756783,Ridenow Group Inc Com Cl B,,RDNW,781386305,,Equities,Small Cap,03/08/2025,N
4129910,Ridgepost Cap Inc Cl A Com,,RPC,69376K106,,Equities,Small Cap,09/17/2024,N
33907,Rigel Pharmaceuticals Inc Com,,RIGL,766559603,,Equities,Small Cap,01/24/2025,N
4380733,Rigetti Computing Inc Common Stock,,RGTI,76655K103,,Equities,Small Cap,01/29/2025,N
2114,Riley Exploration Permian Inc Com,,REPX,76665T102,,Equities,Small Cap,09/17/2024,N
1777368,Rimini Str Inc Del Com,,RMNI,76674Q107,,Equities,Small Cap,11/27/2024,N
2732361,Rincon Vy Calif Un Sch Dist 3.5% 08/01/2039,,,76678RAX9,,Debt,Municipal Bonds,12/17/2022,N
421220,Ring Energy Inc Com,,REI,76680V108,,Equities,Small Cap,11/23/2024,N
637914,Ringcentral Inc Cl A,,RNG,76680R206,,Equities,Small Cap,09/24/2024,N
666,Rio Tinto Plc Sponsored Adr,,RIO,767204100,,Equities,International,08/15/2025,N
502780,Riot Platforms Inc Com,,RIOT,767292105,,Equities,Small Cap,11/05/2024,N
581931,Rithm Capital Corp Com New,,RITM,64828T201,,Alternative Assets,REITs,09/17/2024,N
864897,Rithm Ppty Tr Inc Com New Shs,,RPT,38983D854,,Alternative Assets,REITs,07/12/2025,N
270657,Riverview Bancorp Inc Com,,RVSB,769397100,,Equities,Small Cap,07/12/2025,N
4172323,Rivian Automotive Inc Com Cl A,,RIVN,76954A103,,Equities,Large Cap,12/24/2021,N
5525,Rli Corp Com,,RLI,749607107,,Equities,Small Cap,09/24/2024,N
313553,Rlj Lodging Tr Com,,RLJ,74965L101,,Alternative Assets,REITs,01/24/2025,N
1051308,Rmr Group Inc Cl A,,RMR,74967R106,,Equities,Small Cap,11/23/2024,N
4564405,Roadzen Inc Ord Shs,,RDZN,G7606H108,,Equities,Small Cap,03/13/2025,N
8451,Robert Half Inc. Com,,RHI,770323103,,Equities,Small Cap,09/17/2024,N
3977346,Robinhood Mkts Inc Com Cl A,,HOOD,770700102,,Equities,Mid Cap,09/17/2024,N
3747280,Roblox Corp Cl A,,RBLX,771049103,,Equities,Large Cap,06/28/2022,N
3318163,Rocket Cos Inc Com Cl A,,RKT,77311W101,,Equities,Mid Cap,03/01/2024,N
4026540,Rocket Lab Corp Com,,RKLB,773121108,,Equities,Small Cap,09/17/2024,N
866262,Rocket Pharmaceuticals Inc Com,,RCKT,77313F106,,Equities,Small Cap,09/17/2024,N
56,Rockwell Automation Inc Com,,ROK,773903109,,Equities,Mid Cap,06/28/2022,N
8452,Rocky Brands Inc Com,,RCKY,774515100,,Equities,Small Cap,01/24/2025,N
8453,Rogers Corp Com,,ROG,775133101,,Equities,Small Cap,09/17/2024,N
4092046,Roivant Sciences Ltd Shs,,ROIV,G76279101,,Equities,International,09/17/2024,N
1733097,Roku Inc Com Cl A,,ROKU,77543R102,,Equities,Mid Cap,06/28/2022,N
10073,Rollins Inc Com,,ROL,775711104,,Equities,Mid Cap,02/22/2022,N
7188124,Rollstone Bk & Tr Fitchburg Ma 4.35% 2025,,,77579AHD1,,Debt,Corporate Bonds,07/30/2025,N
3478366,Root Inc Cl A New,,ROOT,77664L207,,Equities,Small Cap,09/17/2024,N
8454,Roper Technologies Inc Com,,ROP,776696106,,Equities,Large Cap,06/28/2022,N
6563,Ross Stores Inc Com,,ROST,778296103,,Equities,Large Cap,12/27/2023,N
5984192,Roundhill Bitcoin Covered Call Strategy Etf,,YBTC,77926X502,,Alternative Assets,Alternative Assets,12/23/2025,N
6415451,Roundhill Ether Covered Call Strategy Etf,,YETH,77926X841,,Equities,Large Cap,12/23/2025,N
6203299,Roundhill Innovation-100 0Dte Covered Call Strategy Etf,,QDTE,77926X304,,Equities,Large Cap,08/27/2024,N
7007068,Roundhill Magnificent Seven Covered Call Etf,,MAGY,77926X668,,Equities,Large Cap,12/23/2025,N
6891507,Roundhill Pltr Weeklypay Etf,,PLTW,77926X726,,Equities,Large Cap,12/23/2025,N
7417407,Roundhill Top Weeklypay Etf,,WPAY,77926X585,,Equities,Large Cap,12/23/2025,N
3652055,Royal Bk Cda 0.875% 01/20/2026,,,78016EZM2,,Debt,International Bonds,10/04/2025,N
4920,Royal Bk Cda Com,,RY,780087102,,Equities,International,08/15/2025,N
2462,Royal Caribbean Group Com,,RCL,V7780T103,,Equities,Emerging Markets,12/27/2023,N
8455,Royal Gold Inc Com,,RGLD,780287108,,Equities,Small Cap,09/17/2024,N
3243178,Royalty Pharma Plc Shs Class A,,RPRX,G7709Q104,,Equities,International,09/17/2024,N
24664,Royce Micro-Cap Invmt,,RYOTX,780905709,,Equities,Small Cap,03/05/2025,N
31211,Rpc Inc Com,,RES,749660106,,Equities,Small Cap,09/17/2024,N
2108,Rpm Intl Inc Com,,RPM,749685103,,Equities,Mid Cap,09/17/2024,N
4148501,Rtx Corporation 2.375% 03/15/2032,,,75513ECN9,,Debt,Corporate Bonds,10/04/2025,N
701,Rtx Corporation Com,,RTX,75513E101,,Equities,Large Cap,06/01/2022,N
6139784,Rubrik Inc. Cl A,,RBRK,781154109,,Equities,Small Cap,07/08/2025,N
3806809,Rumble Inc Com Cl A,,RUM,78137L105,,Equities,Small Cap,03/08/2025,N
47211,Rush Enterprises Inc Cl A,,RUSHA,781846209,,Equities,Small Cap,11/05/2024,N
21601,Rush Enterprises Inc Cl B,,RUSHB,781846308,,Equities,Small Cap,12/24/2024,N
3620762,Rush Street Interactive Inc Com,,RSI,782011100,,Equities,Small Cap,11/05/2024,N
1885813,Russell Inv Emerging Markets M,,RMMTX,78250G388,,Equities,Emerging Markets,02/15/2025,N
1920685,Russell Inv Global Equity M,,RGDTX,78250G446,,Equities,International,02/15/2025,N
1752135,Russell Inv Global Infrastructure M,,RGFTX,78250H550,,Equities,International,02/15/2025,N
1752134,Russell Inv Global Real Estate Secs M,,RETTX,78250H493,,Equities,International,02/15/2025,N
1920688,Russell Inv International Devd Mkts M,,RNTTX,78250G495,,Equities,International,02/15/2025,N
1885812,Russell Inv Opportunistic Credit M,,RGOTX,78250G123,,Debt,Corporate Bonds,02/15/2025,N
1885816,Russell Inv Us Small Cap Equity M,,RUNTX,78250G594,,Equities,Small Cap,02/15/2025,N
1920691,Russell Inv Us Strategic Equity M,,RUSTX,78250G768,,Equities,Large Cap,02/15/2025,N
4836911,Rxo Inc Common Stock,,RXO,74982T103,,Equities,Small Cap,09/17/2024,N
3979852,Rxsight Inc Com,,RXST,78349D107,,Equities,Small Cap,09/17/2024,N
3962305,Ryan Specialty Holdings Inc Cl A,,RYAN,78351F107,,Equities,Small Cap,09/17/2024,N
6704,Ryder Sys Inc Com,,R,783549108,,Equities,Small Cap,09/17/2024,N
95454,Rydex S&P 500 H,,RYSPX,78356A632,,Equities,Large Cap,10/14/2022,N
3929883,Rydex Vif U.S. Government Money Market,,,,81412128113805,Government Debt,Govt/Inflation,02/18/2022,N
13602,Ryerson Hldg Corp Com,,RYZ,783754104,,Equities,Small Cap,11/23/2024,N
8281,Ryman Hospitality Pptys Inc Com,,RHP,78377T107,,Equities,Small Cap,02/15/2025,N
34426,S & T Bancorp Inc Com,,STBA,783859101,,Equities,Small Cap,11/27/2024,N
5107,S&P Global Inc Com,,SPGI,78409V104,,Equities,Large Cap,06/28/2022,N
8173805,S2 Fund I Preferred Equity,,,,2971_S2FUND,Unclassified,Unclassified,03/25/2026,N
1516775,Saba Closed End Funds Etf,,CEFS,30151E806,,Alternative Assets,Long-Short,05/18/2023,N
11550,Sabine Rty Tr Unit Ben Int,,SBR,785688102,,Equities,Small Cap,12/23/2025,N
6015593,Sable Offshore Corp Com Shs,,SOC,78574H104,,Equities,Small Cap,12/24/2024,N
263924,Sabra Health Care Reit Inc Com,,SBRA,78573L106,,Equities,Small Cap,09/17/2024,N
723838,Sabre Corp Com,,SABR,78573M104,,Equities,Small Cap,09/17/2024,N
128820,Safe Bulkers Inc Com,,SB,Y7388L103,,Equities,Emerging Markets,09/17/2024,N
2349,Safehold Inc Com,,SAFE,78646V107,,Equities,Small Cap,01/24/2025,N
13657,Safety Ins Group Inc Com,,SAFT,78648T100,,Equities,Small Cap,01/24/2025,N
765165,Sage Therapeutics Inc Com,,SAGE,78667J108,,Equities,Small Cap,09/17/2024,N
1802,Saia Inc Com,,SAIA,78709Y105,,Equities,Mid Cap,10/11/2024,N
6800959,Sailpoint Inc Com,,SAIL,78781J109,,Equities,Small Cap,08/08/2025,N
6683,Salesforce Inc Com,,CRM,79466L302,,Equities,Large Cap,12/24/2021,N
1297,Sally Beauty Hldgs Inc Com,,SBH,79546E104,,Equities,Small Cap,11/23/2024,N
4232230,Samsara Inc Com Cl A,,IOT,79589L106,,Equities,Mid Cap,03/01/2024,N
1581996,San Francisco Calif City & Cnt 5% 05/01/2046,,,79766DGG8,,Debt,Municipal Bonds,12/17/2022,N
3692541,Sana Biotechnology Inc Com,,SANA,799566104,,Equities,Small Cap,11/23/2024,N
2621703,Sanara Medtech Inc Com,,SMTI,79957L100,,Equities,Small Cap,03/12/2025,N
6818338,Sandisk Corp Com,,SNDK,80004C200,,Equities,Small Cap,02/25/2025,N
1323722,Sandridge Energy Inc Com New,,SD,80007P869,,Equities,Small Cap,01/24/2025,N
50540,Sandy Spring Bancorp Inc Com,,SASR,800363103,,Equities,Small Cap,11/23/2024,N
110978,Sanfilippo John B & Son Inc Com,,JBSS,800422107,,Equities,Small Cap,11/23/2024,N
491314,Sanmina Corp Com,,SANM,801056102,,Equities,Small Cap,09/17/2024,N
1299,Sanofi Sa Sponsored Adr,,SNY,80105N105,,Equities,International,08/15/2025,N
5037772,Santa Monica-Malibu Uni Sch Di 3% 08/01/2038,,,802498YE9,,Debt,Municipal Bonds,01/21/2023,N
584442,Sanuwave Health Inc Com,,SNWV,80303D305,,Equities,Small Cap,01/16/2026,N
9300,Sap Se Spon Adr,,SAP,803054204,,Equities,International,08/15/2025,N
103459,Sapiens Intl Corp N V Shs,,SPNS,G7T16G103,,Equities,International,11/23/2024,N
5840,Sarepta Therapeutics Inc Com,,SRPT,803607100,,Equities,Mid Cap,09/17/2024,N
4323710,Satellogic Inc Com Cl A,,SATL,80401C100,,Equities,Small Cap,11/18/2025,N
83086,Saul Ctrs Inc Com,,BFS,804395101,,Equities,Small Cap,04/26/2025,N
1563913,Savara Inc Com,,SVRA,805111101,,Equities,Small Cap,11/05/2024,N
5545951,Savers Value Vlg Inc Com,,SVV,80517M109,,Equities,Small Cap,01/24/2025,N
585037,Sb Finl Group Inc Com,,SBFG,78408D105,,Equities,Small Cap,07/12/2025,N
13342,Sba Communications Corp Cl A,,SBAC,78410G104,,Equities,Mid Cap,12/17/2022,N
4827002,Sbc Med Group Hldgs Inc Com,,SBC,73245B107,,Equities,Small Cap,07/12/2025,N
6763,Scansource Inc Com,,SCSC,806037107,,Equities,Small Cap,09/17/2024,N
614,Schein Henry Inc Com,,HSIC,806407102,,Equities,Mid Cap,06/28/2022,N
1539046,Schneider National Inc Cl B,,SNDR,80689H102,,Equities,Small Cap,09/17/2024,N
2040312,Scholar Rock Hldg Corp Com,,SRRK,80706P103,,Equities,Small Cap,09/17/2024,N
5040,Scholastic Corp Com,,SCHL,807066105,,Equities,Small Cap,09/17/2024,N
3038309,Schrodinger Inc Com,,SDGR,80810D103,,Equities,Small Cap,09/17/2024,N
10771,Schwab 1000 Index Etf,,SCHK,808524722,,Equities,Large Cap,12/02/2021,N
3566928,Schwab Charles Corp 0.9% 03/11/2026,,,808513BF1,,Debt,Corporate Bonds,10/04/2025,N
9357,Schwab Charles Corp Com,,SCHW,808513105,,Equities,Large Cap,06/28/2022,N
9496,Schwab Charles Family Fund Prime Adv Fd Inv,,SWVXX,808515605,,Cash & Equivalents,Money Markets,11/15/2023,N
95887,Schwab Charles Family Fund Prime Adv Ultra,,SNAXX,808515696,,Cash & Equivalents,Money Markets,06/24/2023,N
1886232,Schwab Charles Family Fund Schwab Us Invs,,SNSXX,808515548,,Cash & Equivalents,Money Markets,08/15/2025,N
468782,Schwab Charles Family Fund Treas Ob Mny Inv,,SNOXX,808515621,,Cash & Equivalents,Money Markets,06/24/2023,N
628548,Schwab Fundamental International Small Equity Etf,,FNDC,808524748,,Equities,International,05/10/2025,N
197068,Schwab International Small-Cap Equity Etf,,SCHC,808524888,,Equities,International,12/02/2021,N
3099822,Schwab Long-Term U.S. Treasury Etf,,SCHQ,808524680,,Government Debt,Govt/Inflation,12/02/2021,N
6493,Schwab Money Market,,SCHWABMM,SCHWABMM,,Cash & Equivalents,Money Markets,01/04/2025,N
27837,Schwab Tax-Free Bond,,SWNTX,808517403,,Debt,Municipal Bonds,11/15/2023,N
176684,Schwab U.S. Large-Cap Etf,,SCHX,808524201,,Equities,Large Cap,12/01/2021,N
281760,Schwab U.S. Reit Etf,,SCHH,808524847,,Alternative Assets,REITs,01/09/2022,N
364471,Schwab Us Dividend Equity Etf,,SCHD,808524797,,Equities,Large Cap,06/28/2022,N
5913300,Schwab-1190255,,,,Schwab-1190255,Equities,Small Cap,07/25/2024,N
5308872,Schwab-2826886,,,,Schwab-2826886,Unclassified,Unclassified,07/23/2024,N
11907,Schwab® S&P 500 Index,,SWPPX,808509855,,Equities,Large Cap,06/21/2023,N
625941,Science Applications Intl Corp Com,,SAIC,808625107,,Equities,Small Cap,09/24/2024,N
298241,Scorpio Tankers Inc Shs,,STNG,Y7542C130,,Equities,Emerging Markets,09/17/2024,N
11287,Scotts Miracle-Gro Co Cl A,,SMG,810186106,,Equities,Small Cap,09/17/2024,N
7554917,Scpharmaceutica Contra,,,810CVR019,,Equities,Small Cap,10/09/2025,N
1794286,Scpharmaceuticals Inc Com,,SCPH,810648105,,Equities,Small Cap,01/24/2025,N
6694,Scripps E W Co Ohio Cl A New,,SSP,811054402,,Equities,Small Cap,09/17/2024,N
1761998,Sea Ltd Sponsord Ads,,SE,81141R100,,Equities,International,08/15/2025,N
13659,Seaboard Corp Del Com,,SEB,811543107,,Equities,Small Cap,04/09/2025,N
5527,Seacoast Bkg Corp Fla Com New,,SBCF,811707801,,Equities,Small Cap,11/23/2024,N
1588758,Seacor Marine Hldgs Inc Com,,SMHI,78413P101,,Equities,Small Cap,09/17/2024,N
4369698,Seadrill Ltd Com,,SDRL,G7997W102,,Equities,International,11/23/2024,N
564227,Seafarer Overseas Gr And Income Instl,,SIGIX,317609295,,Equities,Emerging Markets,12/22/2021,N
625894,Seafarer Overseas Gr And Income Investor,,SFGIX,317609311,,Equities,Emerging Markets,12/02/2021,N
10795,Seagate Technology Hldngs Plc Ord Shs,,STX,G7997R103,,Equities,International,06/28/2022,N
67162,Seagen Inc Com,,SGEN,81181C104,,Equities,Mid Cap,06/28/2022,N
10131,Sealed Air Corp New Com,,SEE,81211K100,,Equities,Small Cap,09/17/2024,N
6345364,Seaport Entmt Group Inc Common Stock,,SEG,812215200,,Equities,Small Cap,09/24/2024,N
103209,Security Natl Finl Corp Cl A New,,SNFCA,814785309,,Equities,Small Cap,08/09/2025,N
1250,Sei Invts Co Com,,SEIC,784117103,,Equities,Small Cap,09/24/2024,N
8465,Select Med Hldgs Corp Com,,SEM,81619Q105,,Equities,Small Cap,11/23/2024,N
1551689,Select Water Solutions Inc Cl A Com,,WTTR,81617J301,,Equities,Small Cap,09/17/2024,N
12012,Selective Ins Group Inc Com,,SIGI,816300107,,Equities,Small Cap,09/24/2024,N
3190719,Selectquote Inc Com,,SLQT,816307300,,Equities,Small Cap,09/17/2024,N
592428,Semler Scientific Inc Com,,SMLR,81684M104,,Equities,Small Cap,11/05/2024,N
1023,Sempra Com,,SRE,816851109,,Equities,Large Cap,12/27/2023,N
592708,Semrush Hldgs Inc Cl A Com,,SEMR,81686C104,,Equities,Small Cap,11/23/2024,N
1861,Semtech Corp Com,,SMTC,816850101,,Equities,Small Cap,09/17/2024,N
183889,Seneca Foods Corp New Cl A,,SENEA,817070501,,Equities,Small Cap,09/17/2024,N
198009,Sensata Technologies Hldg Plc Shs,,ST,G8060N102,,Equities,International,09/17/2024,N
1775,Sensient Technologies Corp Com,,SXT,81725T100,,Equities,Small Cap,09/17/2024,N
3927341,Sentinelone Inc Cl A,,S,81730H109,,Equities,Small Cap,09/17/2024,N
6512739,Septerna Inc Com,,SEPN,81734D104,,Equities,Small Cap,03/08/2025,N
2565117,Sequoia Calif Un High Sch Dist 3.25% 07/01/2039,,,817409C45,,Debt,Municipal Bonds,12/17/2022,N
1248517,Sera Prognostics Inc Class A Com,,SERA,81749D107,,Equities,Small Cap,01/24/2025,N
6201945,Serve Robotics Inc Com,,SERV,81758H106,,Equities,Small Cap,11/18/2025,N
8466,Service Corp Intl Com,,SCI,817565104,,Equities,Mid Cap,09/17/2024,N
2876,Service Pptys Tr Com Sh Ben Int,,SVC,81761L102,,Equities,Small Cap,03/13/2025,N
447689,Servicenow Inc Com,,NOW,81762P102,,Equities,Large Cap,12/17/2022,N
6608971,Servicetitan Inc Shs Cl A,,TTAN,81764X103,,Equities,Small Cap,02/24/2026,N
277878,Servisfirst Bancshares Inc Com,,SFBS,81768T108,,Equities,Small Cap,10/11/2024,N
3735646,Ses Ai Corporation Cl A Com,,SES,78397Q109,,Equities,Small Cap,03/12/2025,N
4092045,Seven Hills Realty Trust Com,,SEVN,81784E101,,Alternative Assets,REITs,12/24/2024,N
7669999,Seven Hills Realty Trust Rt Exp 120425,,SEVNR,81784E119,,Alternative Assets,REITs,11/12/2025,N
5684873,Sezzle Inc Com,,SEZL,78435P105,,Equities,Small Cap,12/27/2024,N
11195,Sfl Corporation Ltd Shs,,SFL,G7738W106,BJXT857,Equities,International,11/23/2024,N
857759,Shake Shack Inc Cl A,,SHAK,819047101,,Equities,Small Cap,11/23/2024,N
5566159,Sharkninja Inc Com Shs,,SN,G8068L108,,Equities,Small Cap,09/24/2024,N
3975448,Sharplink Gaming Inc Com New,,SBET,820014405,,Equities,Small Cap,10/18/2025,N
3432302,Shattuck Labs Inc Com,,STTK,82024L103,,Equities,Small Cap,03/13/2025,N
131091,Shell International Fin Bv 6.375% 12/15/2038,,,822582AD4,,Debt,International Bonds,10/04/2025,N
11398,Shell Plc Spon Ads,,SHEL,780259305,,Equities,International,08/15/2025,N
401691,Shelton Nasdaq-100 Index Investor,,NASDX,82301Q726,,Equities,Large Cap,11/15/2023,N
136499,Shenandoah Telecommunications Com,,SHEN,82312B106,,Equities,Small Cap,09/17/2024,N
7276019,Sherwin Williams Co 4.5% 08/15/2030,,,824348BV7,,Debt,Corporate Bonds,10/04/2025,N
1461,Sherwin Williams Co Com,,SHW,824348106,,Equities,Large Cap,06/28/2022,N
3227518,Shift4 Pmts Inc Cl A,,FOUR,82452J109,,Equities,Small Cap,09/17/2024,N
3676797,Shoals Technologies Group Inc Cl A,,SHLS,82489W107,,Equities,Small Cap,09/17/2024,N
60590,Shoe Carnival Inc Com,,SCVL,824889109,,Equities,Small Cap,03/08/2025,N
913399,Shopify Inc Cl A Sub Vtg Shs,,SHOP,82509L107,,Equities,International,06/18/2024,N
131913,Shore Bancshares Inc Com,,SHBI,825107105,,Equities,Small Cap,12/24/2024,N
185244,Short Sale Fee00.00000% 12/01/2015Short Sale  Reba,,,123990BN2,,Equities,Small Cap,10/03/2024,N
1385042,Short Sale Rebate,,,123990BP7,,Equities,Small Cap,10/03/2024,N
7280370,Shoulder Innovations Inc Common Stock,,SI,82537J108,,Equities,Small Cap,10/10/2025,N
7524042,Shutterstock Inc     Xxx Submitted Cash Election Exp: 10/23/2025,,,825CSH034,,Equities,Small Cap,10/22/2025,N
481215,Shutterstock Inc Com,,SSTK,825690100,,Equities,Small Cap,09/17/2024,N
30989,Shyft Group Inc Com,,SHYF,825698103,,Equities,Small Cap,11/23/2024,N
2227870,Si Bone Inc Com,,SIBN,825704109,,Equities,Small Cap,12/24/2024,N
386318,Siebert Finl Corp Com,,SIEB,826176109,,Equities,Small Cap,07/15/2025,N
24603,Sierra Bancorp Com,,BSRR,82620P102,,Equities,Small Cap,11/23/2024,N
224771,Siga Technologies Inc Com,,SIGA,826917106,,Equities,Small Cap,01/24/2025,N
3949028,Sight Sciences Inc Com,,SGHT,82657M105,,Equities,Small Cap,03/13/2025,N
6646,Signet Jewelers Limited Shs,,SIG,G81276100,,Equities,International,09/17/2024,N
785542,Sila Realty Trust Inc Common Stock,,SILA,146280508,,Alternative Assets,REITs,09/20/2025,N
22558,Silgan Hldgs Inc Com,,SLGN,827048109,,Equities,Small Cap,09/17/2024,N
22217,Silicon Laboratories Inc Com,,SLAB,826919102,,Equities,Small Cap,09/17/2024,N
2501112,Silk Rd Med Inc Com,,SILK,82710M100,,Equities,Small Cap,09/17/2024,N
6165679,Silvaco Group Inc Com,,SVCO,82728C102,,Equities,Small Cap,01/24/2025,N
605710,Silvercrest Asset Mgmt Group Cl A,,SAMG,828359109,,Equities,Small Cap,11/23/2024,N
26328,Simmons First Natl Corp Cl A $1 Par,,SFNC,828730200,,Equities,Small Cap,11/23/2024,N
2107,Simon Ppty Group Inc New Com,,SPG,828806109,,Equities,Large Cap,12/24/2021,N
5102180,Simplify Enhanced Income Etf,,HIGH,82889N632,,Debt,Corporate Bonds,01/16/2025,N
4270498,Simplify Health Care Etf,,PINK,82889N772,,Equities,Large Cap,04/12/2023,N
4389973,Simplify Managed Futures Strategy Etf,,CTA,82889N699,,Equities,Small Cap,11/09/2022,N
3852656,Simplify Volatility Premium Etf,,SVOL,82889N863,,Equities,Large Cap,01/16/2025,N
1659953,Simply Good Foods Co Com,,SMPL,82900L102,,Equities,Small Cap,01/24/2025,N
5529,Simpson Mfg Inc Com,,SSD,829073105,,Equities,Small Cap,09/17/2024,N
195855,Simulations Plus Inc Com,,SLP,829214105,,Equities,Small Cap,04/02/2025,N
5787,Sinclair Inc Cl A,,SBGI,829242106,,Equities,Small Cap,09/17/2024,N
1142213,Sinopharm Group Co Ltd Adr,,SHTDY,82937K101,,Equities,Emerging Markets,07/30/2025,N
6791501,Sionna Therapeutics Inc Com,,SION,829401108,,Equities,Small Cap,01/16/2026,N
1017,Sirius Xm Holdings Inc Com,,,82966U103,,Equities,Large Cap,06/28/2022,N
613530,Siriuspoint Ltd Com,,SPNT,G8192H106,,Equities,International,09/17/2024,N
6422287,Siriusxm Holdings Inc Common Stock,,SIRI,829933100,,Equities,Small Cap,09/11/2024,N
32710,Sit Tax-Free Income,,SNTIX,829799105,,Debt,Municipal Bonds,11/15/2023,N
2222221,Site Ctrs Corp Com,,SITC,82981J851,,Equities,Small Cap,01/24/2025,N
656672,Siteone Landscape Supply Inc Com,,SITE,82982L103,,Equities,Small Cap,10/17/2024,N
2962949,Sitime Corp Com,,SITM,82982T106,,Equities,Small Cap,09/17/2024,N
2271284,Sitio Royalties Corp Class A Com,,STR,82983N108,,Equities,Small Cap,09/17/2024,N
4217,Six Flags Entertainment Corp Com,,FUN,83001C108,,Equities,Small Cap,09/17/2024,N
715442,Sixth Street Specialty Lending Com,,TSLX,83012A109,,Equities,Small Cap,03/05/2025,N
31704,Skechers U S A Inc Cl A,,SKX,830566105,,Equities,Mid Cap,09/09/2021,N
7328875,Skechers Usa Inc - Contra Cusip - Cash Tender From: 830566105,,,830CSH029,,Equities,Small Cap,08/26/2025,N
3294759,Skillsoft Corp Cl A,,SKIL,83066P309,,Equities,Small Cap,07/24/2025,N
3631563,Sky Harbour Group Corporation Com Cl A,,SKYH,83085C107,,Equities,Small Cap,12/24/2024,N
881521,Skye Bioscience Inc Com New,,SKYE,83086J200,,Equities,Small Cap,04/26/2025,N
5025151,Skyward Specialty Ins Group In Com,,SKWD,830940102,,Equities,Small Cap,11/23/2024,N
3818790,Skywater Technology Inc Com,,SKYT,83089J108,,Equities,Small Cap,09/17/2024,N
1843,Skywest Inc Com,,SKYW,830879102,,Equities,Small Cap,09/17/2024,N
638,Skyworks Solutions Inc Com,,SWKS,83088M102,,Equities,Mid Cap,06/28/2022,N
4376435,Skyx Platforms Corp Com,,SKYX,78471E105,,Equities,Small Cap,11/26/2025,N
4962,Sl Green Rlty Corp Com,,SLG,78440X887,,Equities,Small Cap,05/02/2025,N
2036,Slb Limited Com Stk,,SLB,806857108,,Equities,International,10/04/2021,N
6692,Sleep Number Corp Com,,SNBR,83125X103,,Equities,Small Cap,10/11/2024,N
7133387,Slide Ins Hldgs Inc Com,,SLDE,831349105,,Equities,Small Cap,10/07/2025,N
4968,Slm Corp Com,,SLM,78442P106,,Equities,Small Cap,09/17/2024,N
190683,Slr Investment Corp Com,,SLRC,83413U100,,Equities,Small Cap,12/23/2025,N
5278,Sm Energy Company Com,,SM,78454L100,,Equities,Small Cap,10/11/2024,N
5723533,Small-Cap Growth Index Fund,,,,P_00344894,Equities,Small Cap,09/13/2023,N
5264175,Small-Cap Value Index Fund,,,,P_00344895,Equities,Small Cap,08/10/2023,N
5616343,Small/Mid-Cap Stock Index Fund,,,,P_00344893,Equities,Mid Cap,08/10/2023,N
973779,Smartfinancial Inc Com New,,SMBK,83190L208,,Equities,Small Cap,12/24/2024,N
3695309,Smartrent Inc Com Cl A,,SMRT,83193G107,,Equities,Small Cap,09/17/2024,N
2008728,Smartsheet Inc Com Cl A,,SMAR,83200N103,,Equities,Small Cap,09/17/2024,N
6906588,Smartstop Self Storag Reit Inc Common Stock,,SMA,83192D402,,Alternative Assets,REITs,07/12/2025,N
34939,Smith & Wesson Brands Inc Com,,SWBI,831754106,,Equities,Small Cap,09/17/2024,N
1806,Smith A O Corp Com,,AOS,831865209,,Equities,Mid Cap,09/17/2024,N
227220,Smith Midland Corp Com,,SMID,832156103,,Equities,Small Cap,01/24/2025,N
6768935,Smithfield Foods Inc Com,,SFD,832248207,,Equities,Small Cap,04/25/2025,N
1808938,Smucker J M Co 3.375% 12/15/2027,,,832696AR9,,Debt,Corporate Bonds,10/04/2025,N
1390,Smucker J M Co Com New,,SJM,832696405,,Equities,Mid Cap,06/28/2022,N
6299115,Smurfit Westrock Plc Shs,,SW,G8267P108,,Equities,Large Cap,09/24/2024,N
1492195,Snap Inc Cl A,,SNAP,83304A106,,Equities,Large Cap,03/01/2024,N
146,Snap On Inc Com,,SNA,833034101,,Equities,Mid Cap,09/24/2024,N
2757084,Sndl Inc Com,,SNDL,83307B101,,Equities,International,12/02/2023,N
3383928,Snowflake Inc Com Shs,,SNOW,833445109,,Equities,Large Cap,10/24/2023,N
3541961,Sofi Technologies Inc Com,,SOFI,83406F102,,Equities,Large Cap,09/17/2024,N
3948993,Soho House & Co Inc Com Cl A,,SHCO,586001109,,Equities,Small Cap,03/08/2025,N
884492,Solaredge Technologies Inc Com,,SEDG,83417M104,,Equities,Small Cap,09/17/2024,N
1579182,Solaris Energy Infras Inc Com Cl A,,SEI,83418M103,,Equities,Small Cap,10/11/2024,N
6038855,Solarmax Technology Inc Com Shs,,SMXT,83419H103,,Equities,Small Cap,03/13/2025,N
2230465,Solarwinds Corp Com New,,SWI,83417Q204,,Equities,Small Cap,11/23/2024,N
866349,Soleno Therapeutics Inc Com,,SLNO,834203309,,Equities,Small Cap,11/05/2024,N
136248,Solesence Inc Com,,SLSN,630079101,,Equities,Small Cap,11/26/2025,N
1885326,Solid Biosciences Inc Com New,,SLDB,83422E105,,Equities,Small Cap,11/23/2024,N
4223532,Solid Power Inc Class A Com,,SLDP,83422N105,,Equities,Small Cap,11/13/2025,N
400061,Soligenix Inc Com New,,SNGX,834223604,,Equities,Small Cap,12/02/2023,N
4139734,Solo Brands Inc Com Cl A,,DTCB,83425V104,,Equities,Small Cap,02/15/2025,N
7594688,Solstice Advanced Matls Inc Com Shs,,SOLS,83443Q103,,Equities,Small Cap,10/31/2025,N
6085497,Solventum Corp Com Shs,,SOLV,83444M101,,Equities,Mid Cap,09/17/2024,N
5792,Somnigroup International Inc Com,,SGI,88023U101,,Equities,Small Cap,09/24/2024,N
34305,Sonic Automotive Inc Cl A,,SAH,83545G102,,Equities,Small Cap,11/23/2024,N
24477,Sonida Senior Living Inc Com,,SNDA,140475203,,Equities,Small Cap,01/24/2025,N
145,Sonoco Prods Co Com,,SON,835495102,,Equities,Small Cap,09/17/2024,N
2147080,Sonos Inc Com,,SONO,83570H108,,Equities,Small Cap,11/23/2024,N
7503604,Sony Finl Group Inc Unsponsered Ads,,SFGYY,83571B100,,Equities,International,10/07/2025,N
3232,Sony Group Corp Sponsored Adr,,SONY,835699307,,Equities,International,08/01/2025,N
3294295,Sos Limited Ord Shs Cl A,,SOS,83587W304,,Equities,Emerging Markets,12/13/2023,N
4621620,Sos Limited Spon Ads,,,83587W205,,Equities,Emerging Markets,12/02/2023,N
3525745,Sotera Health Co Com,,SHC,83601L102,,Equities,Small Cap,09/17/2024,N
4543161,Soundhound Ai Inc Class A Com,,SOUN,836100107,,Equities,Small Cap,02/15/2025,N
1611784,Soundthinking Inc Com,,SSTI,82536T107,,Equities,Small Cap,11/27/2024,N
2002252,South Pasadena Calif Wtr Rev 3.375% 10/01/2039,,,839287AW9,,Debt,Municipal Bonds,12/17/2022,N
2627431,South Plains Financial Inc Com,,SPFI,83946P107,,Equities,Small Cap,11/23/2024,N
1733,Southern Co Com,,SO,842587107,,Equities,Large Cap,06/28/2022,N
1890,Southern Copper Corp Com,,SCCO,84265V105,,Equities,Large Cap,02/13/2024,N
227932,Southern First Bancshares Com,,SFST,842873101,,Equities,Small Cap,01/28/2025,N
227219,Southern Mo Bancorp Inc Com,,SMBC,843380106,,Equities,Small Cap,11/05/2024,N
4003026,Southern Sts Bancshares Inc Com,,SSBK,843878307,,Equities,Small Cap,09/17/2024,N
4306849,Southland Hldgs Inc Com,,SLND,84445C100,,Equities,Small Cap,12/24/2024,N
70053,Southside Bancshares Inc Com,,SBSI,84470P109,,Equities,Small Cap,11/23/2024,N
75661,Southstate Bk Corp Com,,SSB,84472E102,,Equities,Small Cap,09/24/2024,N
9,Southwest Airls Co Com,,LUV,844741108,,Equities,Large Cap,05/17/2022,N
1797,Southwest Gas Hldgs Inc Com,,SWX,844895102,,Equities,Small Cap,09/24/2024,N
2227,Southwestern Energy Co Com,,SWN,845467109,,Equities,Small Cap,09/17/2024,N
5298574,Sparck,,,,2971_SPARCK,Unclassified,Unclassified,05/19/2023,N
5407,Spartannash Co Com,,SPTN,847215100,,Equities,Small Cap,12/24/2024,N
2115997,Spdr Gold Minishares Trust Of Beneficial Interest,,GLDM,98149E303,,Alternative Assets,Precious Metals,12/04/2021,N
1730,Spdr Gold Shares,,GLD,78463V107,,Alternative Assets,Precious Metals,10/04/2021,N
30880,Spectrum Brands Hldgs Inc New Com,,SPB,84790A105,,Equities,Small Cap,09/17/2024,N
3145395,Sphere Entertainment Co Cl A,,SPHR,55826T102,,Equities,Small Cap,09/17/2024,N
3733953,Spire Global Inc Com Cl A New,,SPIR,848560108,,Equities,Small Cap,12/24/2024,N
4245,Spire Inc Com,,SR,84857L101,,Equities,Small Cap,09/17/2024,N
35668,Spirit Aerosystems Hldgs Inc Com Cl A,,SPR,848574109,,Equities,Mid Cap,11/17/2023,N
6872224,Spirit Aviation Hldgs Inc Com,,FLYYQ,84863V101,,Equities,Small Cap,07/24/2025,N
422641,Splunk Inc Com,,SPLK,848637104,,Equities,Mid Cap,12/24/2021,N
760258,Spok Hldgs Inc Com,,SPOK,84863T106,,Equities,Small Cap,12/24/2024,N
1972851,Spotify Technology S A Shs,,SPOT,L8681T102,,Equities,International,12/27/2023,N
2810291,Springworks Therapeutics Inc Com,,SWTX,85205L107,,Equities,Small Cap,11/23/2024,N
3917137,Sprinklr Inc Cl A,,CXM,85208T107,,Equities,Small Cap,09/17/2024,N
529472,Sprott Asset Management Lp Physical Platinu,,SPPP,85207Q104,,Alternative Assets,Commodities,01/13/2026,N
256962,Sprott Asset Management Lp Physical Silver,,PSLV,85207K107,,Alternative Assets,Commodities,01/31/2026,N
5081413,Sprott Junior Uranium Miners Etf,,URNJ,85208P808,,Alternative Assets,Commodities,10/21/2025,N
5313761,Sprott Nickel Miners Etf,,NIKL,85208P600,,Alternative Assets,Commodities,10/21/2025,N
3959467,Sprott Physical Uranium Trust Trust Units,,SRUUF,85210A104,,Alternative Assets,Commodities,12/17/2024,N
2960642,Sprout Social Inc Com Cl A,,SPT,85209W109,,Equities,Small Cap,09/17/2024,N
43122,Sprouts Fmrs Mkt Inc Com,,SFM,85208M102,,Equities,Mid Cap,10/11/2024,N
206047,Sps Comm Inc Com,,SPSC,78463M107,,Equities,Small Cap,09/17/2024,N
975900,Spx Technologies Inc Com,,SPXC,78473E103,,Equities,Small Cap,11/05/2024,N
1145032,Spyre Therapeutics Inc Com New,,SYRE,00773J202,,Equities,Small Cap,09/17/2024,N
3860132,Squarespace Inc Class A,,SQSP,85225A107,,Equities,Small Cap,09/17/2024,N
5741692,Sr Bancorp Inc Com,,SRBK,85227J106,,Equities,Small Cap,07/24/2025,N
200453,Ss&C Tech Hldgs Com,,SSNC,78467J100,,Equities,Mid Cap,06/28/2022,N
34644,Ssr Mining In Com,,SSRM,784730103,,Equities,International,11/27/2024,N
2157,St Joe Co Com,,JOE,790148100,,Equities,Small Cap,09/17/2024,N
92336,Staar Surgical Co Com Par $0.01,,STAA,852312305,,Equities,Small Cap,09/17/2024,N
359376,Stag Industrial Inc Com,,STAG,85254J102,,Equities,Small Cap,12/14/2024,N
72976,Stagwell Inc Com Cl A,,STGW,85256A109,,Equities,Small Cap,09/17/2024,N
287310,Standard Biotools Inc Com,,LAB,34385P108,,Equities,Small Cap,03/13/2025,N
32901,Standard Mtr Prods Inc Com,,SMP,853666105,,Equities,Small Cap,11/23/2024,N
6466125,Standardaero Inc Com,,SARO,85423L103,,Equities,Small Cap,01/15/2025,N
70394,Standex Intl Corp Com,,SXI,854231107,,Equities,Small Cap,11/23/2024,N
3227571,Standpoint Multi-Asset Institutional,,BLNDX,90470L584,,Alternative Assets,Alternative Assets,01/15/2025,N
2469,Stanley Black & Decker Inc Com,,SWK,854502101,,Equities,Large Cap,06/28/2022,N
12340,Stantec Inc Com,,STN,85472N109,,Equities,International,11/21/2025,N
5206955,Star Hldgs Shs Ben Int,,STHO,85512G106,,Equities,Small Cap,01/24/2025,N
1022,Starbucks Corp Com,,SBUX,855244109,,Equities,Large Cap,02/01/2022,N
162787,Starwood Ppty Tr Inc Com,,STWD,85571B105,,Equities,Small Cap,11/14/2024,N
1391726,Starz Entertainment Corp. Cl A Vtg,,LGF A,535919401,,Equities,International,09/17/2024,N
1394831,Starz Entertainment Corp. Cl B Non Vtg,,LGF B,535919500,,Equities,International,09/17/2024,N
7039261,Starz Entertainment Corp. Com,,STRZ,855919106,,Equities,Small Cap,05/08/2025,N
1206,State Str Corp Com,,STT,857477103,,Equities,Large Cap,06/28/2022,N
570304,State Street Blackstone Senior Loan Etf,,SRLN,78467V608,,Debt,Corporate Bonds,06/11/2022,N
2086109,State Street Communication Services Select Sector Spdr Etf,,XLC,81369Y852,,Equities,Large Cap,11/11/2021,N
624,State Street Consumer Discretionary Select Sector Spdr Etf,,XLY,81369Y407,,Equities,Large Cap,11/11/2021,N
177,State Street Consumer Staples Select Sector Spdr Etf,,XLP,81369Y308,,Equities,Large Cap,10/04/2021,N
22955,State Street Financial Select Sector Spdr Etf,,XLF,81369Y605,,Equities,Large Cap,03/17/2022,N
1708,State Street Health Care Select Sector Spdr Etf,,XLV,81369Y209,,Equities,Large Cap,11/11/2021,N
625,State Street Industrial Select Sector Spdr Etf,,XLI,81369Y704,,Equities,Large Cap,11/11/2021,N
609,State Street Materials Select Sector Spdr Etf,,XLB,81369Y100,,Equities,Large Cap,11/11/2021,N
1152615,State Street Real Estate Select Sector Spdr Etf,,XLRE,81369Y860,,Alternative Assets,REITs,12/24/2021,N
98689,State Street Spdr Bloomberg 1-3 Month T-Bill Etf,,BIL,78468R663,,Debt,Corporate Bonds,11/11/2021,N
159090,State Street Spdr Bloomberg Convertible Securities Etf,,CWB,78464A359,,Debt,Corporate Bonds,09/03/2022,N
1218,State Street Spdr Dow Jones Industrial Average Etf Trust,,DIA,78467X109,,Equities,Large Cap,07/28/2023,N
70386,State Street Spdr Nuveen Ice Municipal Bond Etf,,TFI,78468R721,,Debt,Municipal Bonds,06/28/2022,N
93641,State Street Spdr Portfolio Developed World Ex-Us Etf,,SPDW,78463X889,,Equities,International,08/11/2022,N
67972,State Street Spdr Portfolio Emerging Markets Etf,,SPEM,78463X509,,Equities,Emerging Markets,08/11/2022,N
160673,State Street Spdr Portfolio Intermediate Term Corporate Bond Etf,,SPIB,78464A375,,Debt,Corporate Bonds,06/11/2022,N
105661,State Street Spdr Portfolio Intermediate Term Treasury Etf,,SPTI,78464A672,,Debt,Corporate Bonds,10/21/2025,N
1779866,State Street Spdr Portfolio S&P 400 Mid Cap Etf,,SPMD,78464A847,,Equities,Small Cap,06/18/2024,N
76922,State Street Spdr Portfolio S&P 500 Etf,,SPYM,78464A854,,Equities,Large Cap,06/18/2024,N
82810,State Street Spdr Portfolio S&P 500 Growth Etf,,SPYG,78464A409,,Equities,Large Cap,08/11/2022,N
1060540,State Street Spdr Portfolio S&P 500 High Dividend Etf,,SPYD,78468R788,,Equities,Large Cap,09/03/2022,N
83704,State Street Spdr Portfolio S&P 500 Value Etf,,SPYV,78464A508,,Equities,Large Cap,08/11/2022,N
645800,State Street Spdr Portfolio S&P 600 Small Cap Etf,,SPSM,78468R853,,Equities,Small Cap,06/18/2024,N
617001,State Street Spdr Portfolio Short Term Treasury Etf,,SPTS,78468R101,,Debt,Corporate Bonds,10/21/2025,N
1303,State Street Spdr S&P 500 Etf,,SPY,78462F103,,Equities,Large Cap,12/21/2021,N
30644,State Street Spdr S&P Aerospace & Defense Etf,,XAR,78464A631,,Equities,Large Cap,07/25/2025,N
51388,State Street Spdr S&P Biotech Etf,,XBI,78464A870,,Equities,Large Cap,03/09/2022,N
69605,State Street Spdr S&P Dividend Etf,,SDY,78464A763,,Equities,Large Cap,10/21/2025,N
128361,State Street Spdr S&P Emerging Markets Small Cap Etf,,EWX,78463X756,,Equities,Emerging Markets,06/18/2024,N
247778,State Street Spdr S&P Global Natural Resources Etf,,GNR,78463X541,,Equities,International,03/25/2026,N
51389,State Street Spdr S&P Homebuilders Etf,,XHB,78464A888,,Equities,Large Cap,12/21/2021,N
70724,State Street Spdr S&P International Small Cap Etf,,GWX,78463X871,,Equities,Small Cap,06/18/2024,N
2622,State Street Spdr S&P Midcap 400 Etf Trust,,MDY,78467Y107,,Equities,Small Cap,03/25/2026,N
74988,State Street Spdr S&P Oil & Gas Exploration & Production Etf,,XOP,78468R556,,Equities,Mid Cap,01/24/2022,N
62145,State Street Spdr S&P Regional Banking Etf,,KRE,78464A698,,Equities,Large Cap,10/04/2021,N
68582,State Street Spdr S&P Retail Etf,,XRT,78464A714,,Equities,Small Cap,02/10/2022,N
340748,State Street Spdr S&P Transportation Etf,,XTN,78464A532,,Equities,Mid Cap,11/11/2021,N
1021,State Street Technology Select Sector Spdr Etf,,XLK,81369Y803,,Equities,Large Cap,12/20/2021,N
920,State Street Utilities Select Sector Spdr Etf,,XLU,81369Y886,,Equities,Large Cap,10/04/2021,N
13360,Steel Dynamics Inc Com,,STLD,858119100,,Equities,Mid Cap,12/27/2023,N
2801,Steelcase Inc Cl A,,SCS,858155203,,Equities,Small Cap,09/17/2024,N
4756344,Stella Chemifa Corp Osaka Shs,,,J7674E109,JP3399720006,Unclassified,Unclassified,09/21/2022,N
802874,Stellantis N.V Shs,,STLA,N82405106,,Equities,International,09/11/2025,N
1763592,Stellar Bancorp Inc Com,,STEL,858927106,,Equities,Small Cap,11/23/2024,N
10210,Stellus Cap Invt Corp Com,,SCM,858568108,,Equities,Small Cap,12/23/2025,N
3440247,Stem Inc Com New,,STEM,85859N300,,Equities,Small Cap,03/13/2025,N
24747,Stepan Co Com,,SCL,858586100,,Equities,Small Cap,01/24/2025,N
2227468,Stepstone Group Inc Com Cl A,,STEP,85914M107,,Equities,Small Cap,09/17/2024,N
477123,Stereotaxis Inc Com New,,STXS,85916J409,,Equities,Small Cap,04/26/2025,N
10205,Stericycle Inc Com,,SRCL,858912108,,Equities,Small Cap,09/24/2024,N
1801,Steris Plc Shs Usd,,STE,G8473T100,,Equities,International,12/27/2023,N
1795076,Sterling Bancorp Inc Com,,SBT,85917W102,,Equities,Small Cap,01/24/2025,N
4078318,Sterling Check Corp Com,,STER,85917T109,,Equities,Small Cap,09/17/2024,N
6441700,Sterling Check Corp Com - Tendered From Cusip 85917T109,,,859STK04,,Equities,Small Cap,10/25/2024,N
32936,Sterling Infrastructure Inc Com,,STRL,859241101,,Equities,Small Cap,09/17/2024,N
67608,Stewart Information Svcs Corp Com,,STC,860372101,,Equities,Small Cap,09/17/2024,N
72062,Stifel Finl Corp Com,,SF,860630102,,Equities,Small Cap,09/17/2024,N
1794321,Stitch Fix Inc Com Cl A,,SFIX,860897107,,Equities,Small Cap,09/17/2024,N
5006,Stmicroelectronics N V Ny Registry,,STM,861012102,,Equities,International,08/15/2025,N
125985,Stock Yds Bancorp Inc Com,,SYBT,861025104,,Equities,Small Cap,09/17/2024,N
2694069,Stoke Therapeutics Inc Com,,STOK,86150R107,,Equities,Small Cap,09/17/2024,N
2243995,Stoneco Ltd Com Cl A,,STNE,G85158106,,Equities,International,09/17/2024,N
53385,Stoneridge Inc Com,,SRI,86183P102,,Equities,Small Cap,11/23/2024,N
3271585,Stonex Group Inc Com,,SNEX,861896108,,Equities,Small Cap,09/17/2024,N
3108985,Strata Critical Medical Inc Cl A Com,,SRTA,092667104,,Equities,Small Cap,09/17/2024,N
9519,Strategic Ed Inc Com,,STRA,86272C103,,Equities,Small Cap,09/17/2024,N
1566,Strategy Inc Cl A New,,MSTR,594972408,,Equities,Small Cap,01/24/2022,N
21602,Strattec Sec Corp Com,,STRT,863111100,,Equities,Small Cap,07/19/2025,N
51066,Stratus Pptys Inc Com New,,STRS,863167201,,Equities,Small Cap,05/29/2025,N
6023218,Strawberry Fields Reit Inc Com,,STRW,863182101,,Equities,Small Cap,03/08/2025,N
80497,Stride Inc Com,,LRN,86333M108,,Equities,Small Cap,09/17/2024,N
5332764,Strive Inc Cl A Com,,ASST,862945300,,Equities,Small Cap,01/21/2026,N
566,Stryker Corporation Com,,SYK,863667101,,Equities,Large Cap,12/17/2022,N
30874,Sturm Ruger & Co Inc Com,,RGR,864159108,,Equities,Small Cap,10/11/2024,N
256672,Sumitomo Mitsui Fin Grp Inc Sponsored Adr,,SMFG,86562M209,,Equities,International,08/15/2025,N
287074,Summit Hotel Pptys Com,,INN,866082100,,Equities,Small Cap,09/17/2024,N
877829,Summit Matls Inc Cl A,,SUM,86614U100,,Equities,Small Cap,09/17/2024,N
6346245,Summit Midstream Corporation Com,,SMC,86614G101,,Equities,Small Cap,07/12/2025,N
2880,Sun Cmntys Inc Com,,SUI,866674104,,Equities,Mid Cap,02/13/2024,N
3757212,Sun Ctry Airls Hldgs Inc Com,,SNCY,866683105,,Equities,Small Cap,09/17/2024,N
52825,Suncoke Energy Inc Com,,SXC,86722A103,,Equities,Small Cap,12/24/2024,N
160850,Suncor Energy Inc New Com,,SU,867224107,,Equities,International,08/15/2025,N
2749170,Sunnova Energy Intl Inc. Com,,NOVAQ,86745K104,,Equities,Small Cap,09/17/2024,N
7660288,Sunococorp Llc Com Shs Llc,,SUNC,86765Q106,,Equities,Mid Cap,02/24/2026,N
12139,Sunopta Inc Com,,STKL,8676EP108,,Equities,International,01/24/2025,N
3816748,Sunpower Inc Com,,SPWR,20460L104,,Equities,Small Cap,11/26/2025,N
6535360,Sunrise Communications Ag Ads Cl A,,SNRE,867975104,,Equities,International,11/14/2024,N
6422376,Sunrise Rlty Tr Inc Com,,SUNS,867981102,,Equities,Small Cap,11/05/2024,N
948987,Sunrun Inc Com,,RUN,86771W105,,Equities,Small Cap,11/05/2024,N
11504,Sunstone Hotel Invs Inc New Com,,SHO,867892101,,Equities,Small Cap,04/26/2025,N
4325344,Super Group Sghc Limited Ord Shs,,SGHC,G8588X103,,Equities,International,09/17/2024,N
141135,Super Micro Computer Inc Com New,,SMCI,86800U302,,Equities,Small Cap,02/13/2024,N
67506,Superior Group Of Co Inc Com,,SGC,868358102,,Equities,Small Cap,11/05/2024,N
106157,Supermontage Test Zvzzt,,ZVZZT,12345ABCD,,Equities,International,06/08/2022,N
495716,Supernus Pharmaceuticals Com,,SUPN,868459108,,Equities,Small Cap,09/17/2024,N
981406,Surgery Partners Inc Com,,SGRY,86881A100,,Equities,Small Cap,09/17/2024,N
47310,Surmodics Inc Com,,SRDX,868873100,,Equities,Small Cap,11/23/2024,N
2206927,Sutro Biopharma Inc Com Shs,,STRO,869367102,,Equities,Small Cap,09/17/2024,N
912746,Svenska Handelsbanken Ab Ny Br Shs A,,SVNLF,W9112U104,,Equities,International,07/02/2023,N
4185162,Sweetgreen Inc Com Cl A,,SG,87043Q108,,Equities,Mid Cap,05/23/2022,N
968592,Swk Hldgs Corp Com New,,SWKH,78501P203,,Equities,Small Cap,11/27/2024,N
4091256,Sylvamo Corp Common Stock,,SLVM,871332102,,Equities,Small Cap,11/23/2024,N
4563062,Symbotic Inc Class A Com,,SYM,87151X101,,Equities,Large Cap,03/01/2024,N
4229807,Symetra Select 5 Annuity,,,,2971_SS5,Cash & Equivalents,Cash,12/14/2021,N
34422,Synaptics Inc Com,,SYNA,87157D109,,Equities,Small Cap,06/18/2024,N
13799,Synchronoss Technologies Inc Com New,,SNCR,87157B400,,Equities,Small Cap,07/08/2025,N
770239,Synchrony Financial Com,,SYF,87165B103,,Equities,Large Cap,06/28/2022,N
1116377,Syndax Pharmaceuticals Inc Com,,SNDX,87164F105,,Equities,Small Cap,09/17/2024,N
8491,Synopsys Inc Com,,SNPS,871607107,,Equities,Large Cap,06/28/2022,N
5560,Synovus Finl Corp Com New,,SNV,87161C501,,Equities,Small Cap,09/17/2024,N
3043761,Sysco Corp 3.3% 02/15/2050,,,871829BJ5,,Debt,Corporate Bonds,10/04/2025,N
3135,Sysco Corp Com,,SYY,871829107,,Equities,Large Cap,02/01/2022,N
3703078,System1 Inc Cl A Com,,SST,87200P208,,Equities,Small Cap,03/13/2025,N
5915306,T Rowe Price Large Cap Growth D,,,,4676,Equities,International,12/20/2023,N
569555,T-Mobile Us Inc Com,,TMUS,872590104,,Equities,Large Cap,12/17/2022,N
30926,T. Rowe Price Blue Chip Growth,,TRBCX,77954Q106,,Equities,Large Cap,05/05/2022,N
10345,T. Rowe Price Capital Appreciation,,PRWCX,77954M105,,Equities,All Cap,09/03/2022,N
30396,T. Rowe Price International Discovery,,PRIDX,77956H302,,Equities,International,09/03/2022,N
7366475,T. Rowe Price Small Cap Value Fund,,,,F_01497497,Equities,Small Cap,08/26/2025,N
3939011,T1 Energy Inc Com New,,TE,35834F104,,Equities,Small Cap,11/13/2025,N
3927294,Taboola.Com Ltd Ord Shs,,TBLA,M8744T106,,Equities,International,11/05/2024,N
1251397,Tactile Sys Technology Inc Com,,TCMD,87357P100,,Equities,Small Cap,11/23/2024,N
5358,Taiwan Semiconductor Manufact Sponsored Ads,,TSM,874039100,,Equities,International,06/28/2022,N
10746,Take-Two Interactive Software Com,,TTWO,874054109,,Equities,Mid Cap,06/28/2022,N
150234,Takeda Pharmaceutical Co Ltd Sponsored Ads,,TAK,874060205,,Equities,International,08/15/2025,N
5294703,Talen Energy Corp Com,,TLN,87422Q109,,Equities,Small Cap,01/29/2025,N
3917231,Talkspace Inc Com,,TALK,87427V103,,Equities,Small Cap,01/03/2025,N
2024550,Talos Energy Inc Com,,TALO,87484T108,,Equities,Small Cap,09/17/2024,N
788229,Tandem Diabetes Care Inc Com New,,TNDM,875372203,,Equities,Small Cap,09/17/2024,N
23774,Tanger Inc Com,,SKT,875465106,,Equities,Small Cap,05/17/2025,N
4001037,Tango Therapeutics Inc Com,,TNGX,87583X109,,Equities,Small Cap,10/11/2024,N
589,Tapestry Inc Com,,TPR,876030107,,Equities,Mid Cap,09/09/2021,N
269307,Targa Res Corp Com,,TRGP,87612G101,,Equities,Mid Cap,02/13/2024,N
703,Target Corp Com,,TGT,87612E106,,Equities,Large Cap,06/01/2022,N
561988,Target Hospitality Corp Com,,TH,87615L107,,Equities,Small Cap,11/23/2024,N
3442108,Tarsus Pharmaceuticals Inc Com,,TARS,87650L103,,Equities,Small Cap,11/23/2024,N
3896595,Taskus Inc Class A Com,,TASK,87652V109,,Equities,Small Cap,12/24/2024,N
471256,Taylor Devices Inc Com,,TAYD,877163105,,Equities,Small Cap,01/24/2025,N
561256,Taylor Morrison Home Corp Com,,TMHC,87724P106,,Equities,Small Cap,09/17/2024,N
3403648,Taysha Gene Therapies Inc Com Shs,,TSHA,877619106,,Equities,Small Cap,03/08/2025,N
7559,Tc Energy Corp Com,,TRP,87807B107,,Equities,International,08/15/2025,N
752095,Tcw Emerging Markets Income I,,TGEIX,87234N765,,Debt,International Bonds,03/05/2025,N
30064,Tcw Metwest Total Return Bd M,,MWTRX,592905103,,Debt,Corporate Bonds,08/11/2022,N
72198,Tcw Strategic Income Fd Inc Com,,TSI,872340104,,Debt,Corporate Bonds,02/01/2022,N
13514,Td Synnex Corporation Com,,SNX,87162W100,,Equities,Mid Cap,09/17/2024,N
154551,Te Connectivity Plc Ord Shs,,TEL,G87052109,,Equities,International,07/02/2022,N
6723529,Te Holdings I Llc Series Owl,,,,2971_TEPROWL,Alternative Assets,Private Assets,01/09/2025,N
3971281,Teads Hldg Co Com,,TEAD,69002R103,,Equities,Small Cap,11/27/2024,N
4879,Technipfmc Plc Com,,FTI,G87110105,,Equities,International,09/17/2024,N
101704,Techtarget Inc Com,,,87874R100,,Equities,Small Cap,09/17/2024,N
6580398,Techtarget Inc Com New,,TTGT,87874R308,,Equities,Small Cap,12/04/2024,N
12299,Techtronic Inds Ltd Sponsored Adr,,TTNDY,87873R101,,Equities,International,07/30/2025,N
908384,Tecnoglass Inc Ord Shs,,TGLS,G87264100,,Equities,International,11/27/2024,N
6246103,Tectonic Therapeutic Inc Com,,TECX,878972108,,Equities,Small Cap,07/08/2025,N
5279,Teekay Corporation Ltd Shs,,TK,G8726T105,,Equities,Emerging Markets,09/17/2024,N
84707,Teekay Tankers Ltd Cl A,,TNK,G8726X106,,Equities,Emerging Markets,09/17/2024,N
1417,Tegna Inc Com,,TGNA,87901J105,,Equities,Small Cap,09/24/2024,N
5915305,Teikoku Sen I Co Ltd Shs,,,J82657107,JP3540800004,Unclassified,Unclassified,12/20/2023,N
23695,Tejon Ranch Co Com,,TRC,879080109,,Equities,Small Cap,02/02/2022,N
932613,Teladoc Health Inc Com,,TDOC,87918A105,,Equities,Mid Cap,06/28/2022,N
11417,Teledyne Technologies Inc Com,,TDY,879360105,,Equities,Mid Cap,03/01/2024,N
1819,Teleflex Incorporated Com,,TFX,879369106,,Equities,Mid Cap,09/17/2024,N
4927,Telefonica S A Sponsored Adr,,TELFY,879382208,,Equities,International,01/16/2026,N
2938,Telephone & Data Sys Inc Com New,,TDS,879433829,,Equities,Small Cap,09/17/2024,N
6005748,Telomir Pharmaceuticals Inc Com,,TELO,87975F104,,Equities,Small Cap,04/02/2025,N
3522997,Telos Corp Md Com,,TLS,87969B101,,Equities,Small Cap,09/17/2024,N
1129,Templeton Global Bond A,,TPINX,880208103,DST_SR3274000,Debt,Corporate Bonds,03/05/2025,N
42600,Templeton Global Bond Adv,,TGBAX,880208400,,Debt,Corporate Bonds,03/05/2025,N
7366479,Templeton World Fund,,,,F_01497506,Equities,All Cap,08/26/2025,N
6236928,Tempus Ai Inc Cl A,,TEM,88023B103,,Equities,Small Cap,11/13/2025,N
2137944,Tenable Hldgs Inc Com,,TENB,88025T102,,Equities,Small Cap,09/17/2024,N
7556,Tenaris S A Sponsored Ads,,TS,88031M109,,Equities,International,08/15/2025,N
4076245,Tenaya Therapeutics Inc Com,,TNYA,87990A106,,Equities,Small Cap,03/12/2025,N
481501,Tenet Healthcare Corp Com New,,THC,88033G407,,Equities,Mid Cap,09/17/2024,N
4243875,Tenma Corp Shs,,,J82958109,JP3547800007,Equities,International,12/21/2021,N
21603,Tennant Co Com,,TNC,880345103,,Equities,Small Cap,11/23/2024,N
69460,Teradata Corp Del Com,,TDC,88076W103,,Equities,Small Cap,09/17/2024,N
2715,Teradyne Inc Com,,TER,880770102,,Equities,Mid Cap,07/02/2022,N
4229928,Terawulf Inc Com,,WULF,88080T104,,Equities,Small Cap,09/17/2024,N
4950,Terex Corp New Com,,TEX,880779103,,Equities,Small Cap,09/17/2024,N
3694671,Terns Pharmaceuticals Inc Com,,TERN,880881107,,Equities,Small Cap,09/17/2024,N
191648,Terreno Rlty Corp Com,,TRNO,88146M101,,Equities,Small Cap,04/26/2025,N
223040,Tesla Inc Com,,TSLA,88160R101,,Equities,Large Cap,10/04/2021,N
1269,Tetra Tech Inc New Com,,TTEK,88162G103,,Equities,Mid Cap,09/17/2024,N
10076,Tetra Technologies Inc Del Com,,TTI,88162F105,,Equities,Small Cap,10/11/2024,N
704,Teva Pharmaceutical Inds Ltd Sponsored Ads,,TEVA,881624209,,Equities,International,08/15/2025,N
4304665,Tevogen Bio Hldgs Inc Com New,,,G8028L107,,Equities,Small Cap,02/19/2026,N
6739038,Tevogen Bio Hldgs Inc Com New,,BPG5P75,88165K200,,Equities,Large Cap,03/07/2026,N
46548,Texas Cap Bancshares Inc Com,,TCBI,88224Q107,,Equities,Small Cap,09/24/2024,N
3153715,Texas Instrs Inc 1.75% 05/04/2030,,,882508BJ2,,Debt,Corporate Bonds,10/04/2025,N
702,Texas Instrs Inc Com,,TXN,882508104,,Equities,Large Cap,06/28/2022,N
65284,Texas Pacific Land Corporation Com,,TPL,88262P102,,Equities,Mid Cap,09/17/2024,N
72906,Texas Roadhouse Inc Com,,TXRH,882681109,,Equities,Mid Cap,09/17/2024,N
2102,Textron Inc Com,,TXT,883203101,,Equities,Mid Cap,06/28/2022,N
53066,Tfs Finl Corp Com,,TFSL,87240R107,,Equities,Small Cap,09/17/2024,N
338093,Tg Therapeutics Inc Com,,TGTX,88322Q108,,Equities,Small Cap,09/17/2024,N
414241,Thales Ord,,THLEF,F9156M108,,Equities,International,06/17/2023,N
1414331,The Arena Group Holdings Inc Com,,AREN,040044109,,Equities,Mid Cap,03/24/2026,N
2869210,The Baldwin Insurance Grp Inc Com Cl A,,BWIN,05589G102,,Equities,Small Cap,09/17/2024,N
3841123,The Beauty Health Company Com Cl A,,SKIN,88331L108,,Equities,Small Cap,02/15/2025,N
6856,The Campbells Company Com,,CPB,134429109,,Equities,Mid Cap,06/28/2022,N
6533,The Cigna Group Com,,CI,125523100,,Equities,Large Cap,06/28/2022,N
6609,The Odp Corp Com,,ODP,88337F105,,Equities,Small Cap,09/17/2024,N
3493466,The Oncology Institute Inc Com,,TOI,68236X100,,Equities,Small Cap,11/13/2025,N
635660,The One Group Hospitality Inc Com,,STKS,88338K103,,Equities,Small Cap,01/24/2025,N
3879284,The Real Brokerage Inc Com New,,REAX,75585H206,,Equities,International,12/24/2024,N
2716424,The Realreal Inc Com,,REAL,88339P101,,Equities,Small Cap,11/23/2024,N
1310045,The Trade Desk Inc Com Cl A,,TTD,88339J105,,Equities,Mid Cap,06/28/2022,N
6567214,Themes Cybersecurity Etf,,SPAM,882927304,,Equities,Mid Cap,09/09/2025,N
742533,Theravance Biopharma Inc Com,,TBPH,G8807B106,,Equities,International,01/24/2025,N
6707,Thermo Fisher Scientific Inc Com,,TMO,883556102,,Equities,Large Cap,06/28/2022,N
318513,Thermon Group Hldgs Inc Com,,THR,88362T103,,Equities,Small Cap,11/23/2024,N
4161098,Third Coast Bancshares Inc Com,,TCBX,88422P109,,Equities,Small Cap,09/17/2024,N
4746903,Third Harmonic Bio Inc Com,,THRD,88427A107,,Equities,Small Cap,11/23/2024,N
109,Thomson Reuters Corp Com,,TRI,884903808,,Equities,International,11/21/2025,N
2427,Thor Inds Inc Com,,THO,885160101,,Equities,Small Cap,09/17/2024,N
4060760,Thoughtworks Holding Inc Com,,TWKS,88546E105,,Equities,Small Cap,09/17/2024,N
3775503,Thredup Inc Cl A,,TDUP,88556E102,,Equities,Small Cap,03/08/2025,N
3706955,Thryv Hldgs Inc Com New,,THRY,886029206,,Equities,Small Cap,09/17/2024,N
6042213,Tic Solutions Inc Com,,TIC,00510N102,,Equities,Small Cap,08/06/2025,N
125,Tidewater Inc New Com,,TDW,88642R109,,Equities,Small Cap,09/17/2024,N
7798141,Tile Shop Hldgs Contra,,,886CSH014,,Equities,Small Cap,12/16/2025,N
591804,Tile Shop Hldgs Inc Com Shs,,TTSH,88677Q208,,Equities,Small Cap,01/24/2025,N
427251,Tillys Inc Cl A,,TLYS,886885102,,Equities,Small Cap,04/02/2025,N
2128578,Tilray Brands Inc Com,,TLRY,88688T209,,Equities,Small Cap,12/02/2023,N
431906,Timberland Bancorp Inc Com,,TSBK,887098101,,Equities,Small Cap,11/27/2024,N
4889,Timken Co Com,,TKR,887389104,,Equities,Small Cap,09/17/2024,N
649907,Tiptree Inc Com,,TIPT,88822Q103,,Equities,Small Cap,12/24/2024,N
6790582,Titan Amer Sa Common Shares,,TTAM,B9151N105,,Equities,International,07/12/2025,N
409393,Titan Intl Inc Ill Com,,TWI,88830M102,,Equities,Small Cap,09/17/2024,N
82470,Titan Machy Inc Com,,TITN,88830R101,,Equities,Small Cap,09/17/2024,N
6868,Tjx Cos Inc New Com,,TJX,872540109,,Equities,Large Cap,06/28/2022,N
8540,Tko Group Holdings Inc Cl A,,TKO,87256C101,,Equities,Small Cap,09/17/2024,N
4094631,Tlt   210205P00148000,,,,TLT   210205P00148000,Unclassified,Unclassified,10/04/2021,N
4066545,Tmc The Metals Company Inc Com,,TMC,87261Y106,,Equities,International,11/13/2025,N
4075796,Toast Inc Cl A,,TOST,888787108,,Equities,Large Cap,06/28/2022,N
4536,Toll Brothers Inc Com,,TOL,889478103,,Equities,Mid Cap,09/24/2024,N
819,Tompkins Finl Corp Com,,TMP,890110109,,Equities,Small Cap,11/23/2024,N
580602,Tonix Pharmaceuticals Hldg Co Com New,,TNXP,890260839,,Equities,Small Cap,01/10/2026,N
6764,Tootsie Roll Inds Inc Com,,TR,890516107,,Equities,Small Cap,11/23/2024,N
927560,Topbuild Cor Com,,BLD,89055F103,,Equities,Mid Cap,09/24/2024,N
6708,Toro Co Com,,TTC,891092108,,Equities,Small Cap,09/17/2024,N
9470,Toronto Dominion Bk Ont Com New,,TD,891160509,,Equities,International,08/15/2025,N
3929072,Torrid Hldgs Inc Com,,CURV,89142B107,,Equities,Large Cap,02/10/2022,N
5620944,Total Bond Market Fund,,,,P_00344884,Debt,Corporate Bonds,08/10/2023,N
5264173,Total International Stock Market Index Fund,,,,P_00344887,Equities,International,08/10/2023,N
13101,Totalenergies Se Act,,TTE,F92124100,,Equities,International,12/09/2025,N
4929,Totalenergies Se Sponsored Ads,,,89151E109,,Equities,International,08/15/2025,N
656709,Tourmaline Bio Inc Com,,TRML,89157D105,,Equities,Small Cap,01/03/2025,N
33548,Townebank Portsmouth Va Com,,TOWN,89214P109,,Equities,Small Cap,11/23/2024,N
767623,Townsquare Media Inc Cl A,,TSQ,892231101,,Equities,Small Cap,01/24/2025,N
1131,Toyota Motor Corp Ads,,TM,892331307,,Equities,International,08/15/2025,N
3904394,Toyota Mtr Cr Corp 1.125% 06/18/2026,,,89236TJK2,,Debt,Corporate Bonds,10/04/2025,N
4296576,Tpg Inc Com Cl A,,TPG,872657101,,Equities,Small Cap,09/24/2024,N
333997,Tpg Mtg Invts Tr Inc Com New,,MITT,001228501,,Alternative Assets,REITs,05/29/2025,N
1648594,Tpg Re Fin Tr Inc Com,,TRTX,87266M107,,Alternative Assets,REITs,05/17/2025,N
725854,Tpi Composites Inc Com,,TPIC,87266J104,,Equities,Small Cap,02/27/2025,N
971835,Tr Activebeta Us Large Cap Equity Etf,,GSLC,381430503,,Equities,Large Cap,09/03/2022,N
3808,Tractor Supply Co Com,,TSCO,892356106,,Equities,Mid Cap,06/28/2022,N
2501689,Tradeweb Mkts Inc Cl A,,TW,892672106,,Equities,Mid Cap,06/28/2022,N
3977405,Traeger Inc Com New,,COOK,89269P202,,Equities,Small Cap,09/17/2024,N
155034,Trane Technologies Plc Shs,,TT,G8994E103,,Equities,International,06/28/2022,N
267538,Transamerica Capital Growth I,,TFOIX,893962175,,Equities,Large Cap,08/10/2022,N
117846,Transcat Inc Com,,TRNS,893529107,,Equities,Small Cap,09/17/2024,N
10428,Transcontinental Rlty Invs Com New,,TCI,893617209,,Equities,Small Cap,11/27/2024,N
72984,Transdigm Group Inc Com,,TDG,893641100,,Equities,Large Cap,06/28/2022,N
2557310,Transmedics Group Inc Com,,TMDX,89377M109,,Equities,Small Cap,09/17/2024,N
667,Transocean Ltd Registered Shs,,RIG,H8817H100,,Equities,International,11/23/2024,N
929235,Transunion Com,,TRU,89400J107,,Equities,Mid Cap,06/28/2022,N
22235,Travel Plus Leisure Co Com,,TNL,894164102,,Equities,Small Cap,09/17/2024,N
880,Travelers Companies Inc Com,,TRV,89417E109,,Equities,Large Cap,06/28/2022,N
135898,Travelzoo Com New,,TZOO,89421Q205,,Equities,Small Cap,07/08/2025,N
3517799,Travere Therapeutics Inc Com,,TVTX,89422G107,,Equities,Small Cap,09/17/2024,N
3821937,Treace Med Concepts Inc Com,,TMCI,89455T109,,Equities,Small Cap,01/03/2025,N
3097,Tredegar Corp Com,,TG,894650100,,Equities,Small Cap,12/24/2024,N
8026736,Treehouse Foods Inc  Xxx Pending Possible Payment Eff: 02/11/2026,,,894CVR018,,Equities,Small Cap,02/13/2026,N
3659,Treehouse Foods Inc Com,,THS,89469A104,,Equities,Small Cap,11/23/2024,N
2565946,Trevi Therapeutics Inc Com,,TRVI,89532M101,,Equities,Small Cap,01/24/2025,N
178725,Trex Inc Com,,TREX,89531P105,,Equities,Small Cap,09/24/2024,N
530266,Tri Pointe Homes Inc Com,,TPH,87265H109,,Equities,Small Cap,10/11/2024,N
141145,Trico Bancshares Com,,TCBK,896095106,,Equities,Small Cap,11/23/2024,N
6493871,Triller Group Inc Com,,ILLR,895970101,,Equities,Small Cap,11/26/2025,N
426003,Trilogy Metals Inc New Com,,TMQ,89621C105,,Equities,International,02/24/2026,N
62549,Trimas Corp Com New,,TRS,896215209,,Equities,Small Cap,01/04/2025,N
782,Trimble Inc Com,,TRMB,896239100,,Equities,Mid Cap,06/28/2022,N
715669,Trinet Group Inc Com,,TNET,896288107,,Equities,Small Cap,11/27/2024,N
8509,Trinity Inds Inc Com,,TRN,896522109,,Equities,Small Cap,09/17/2024,N
746772,Trinseo Plc Shs,,TSEOF,G9059U107,,Equities,International,07/09/2025,N
106056,Tripadvisor Inc Com,,TRIP,896945201,,Equities,Small Cap,09/17/2024,N
1653553,Trisalus Life Sciences Inc Com,,TLSI,89680M101,,Equities,Small Cap,07/23/2025,N
815678,Triumph Financial Inc Com,,TFIN,89679E300,,Equities,Small Cap,06/17/2023,N
5789,Triumph Group Inc New Com,,TGI,896818101,,Equities,Small Cap,09/17/2024,N
480411,Tronox Holdings Plc Shs,,TROX,G9087Q102,,Equities,International,11/23/2024,N
8212,Trubridge Inc Com,,TBRG,205306103,,Equities,Small Cap,07/08/2025,N
75449,Trueblue Inc Com,,TBI,89785X101,,Equities,Small Cap,01/24/2025,N
746150,Truecar Inc Com,,TRUE,89785L107,,Equities,Small Cap,01/24/2025,N
3727104,Truist Finl Corp 1.267% 03/02/2027,,,89788MAD4,,Debt,Corporate Bonds,10/04/2025,N
1183,Truist Finl Corp Com,,TFC,89832Q109,,Equities,Large Cap,06/28/2022,N
4092627,Trump Media & Technology Group Com,,DJT,25400Q105,,Equities,Small Cap,10/11/2024,N
764911,Trupanion Inc Com,,TRUP,898202106,,Equities,Small Cap,11/05/2024,N
53444,Trustco Bk Corp N Y Com New,,TRST,898349204,,Equities,Small Cap,11/23/2024,N
407831,Trustmark Corp Com,,TRMK,898402102,,Equities,Small Cap,09/17/2024,N
3952112,Tscan Therapeutics Inc Com,,TCRX,89854M101,,Equities,Small Cap,04/02/2025,N
593073,Tss Inc Del Com,,TSSI,87288V101,,Equities,Small Cap,07/15/2025,N
32547,Ttec Hldgs Inc Com,,TTEC,89854H102,,Equities,Small Cap,11/05/2024,N
1849,Ttm Technologies Inc Com,,TTMI,87305R109,,Equities,Small Cap,09/17/2024,N
213976,Tucows Inc Com New,,TCX,898697206,,Equities,Small Cap,02/15/2025,N
6503815,Tuhura Biosciences Inc Com,,HURA,898920103,,Equities,Small Cap,07/19/2025,N
1181909,Turning Pt Brands Inc Com,,TPB,90041L105,,Equities,Small Cap,11/23/2024,N
551718,Turtle Beach Corp Com New,,TBCH,900450206,,Equities,Small Cap,09/17/2024,N
101468,Tutor Perini Corp Com,,TPC,901109108,,Equities,Small Cap,09/17/2024,N
8186,Tvardi Therapeutics Inc Com,,TVRD,140755307,,Equities,Small Cap,07/19/2025,N
300456,Twilio Inc Cl A,,TWLO,90138F102,,Equities,Mid Cap,06/18/2024,N
4964584,Twin Cities Police Auth Calif 3.75% 08/01/2038,,,90141PBS3,,Debt,Municipal Bonds,12/17/2022,N
21605,Twin Disc Inc Com,,TWIN,901476101,,Equities,Small Cap,04/26/2025,N
2251595,Twist Bioscience Corp Com,,TWST,90184D100,,Equities,Small Cap,09/17/2024,N
644825,Twitter Inc Com,,TWTR,90184L102,,Equities,Large Cap,10/04/2021,N
185339,Two Harbors Inventment Corpor Com,,TWO,90187B804,,Equities,Small Cap,05/17/2025,N
4094632,Twtr  210226C00053000,,,,TWTR  210226C00053000,Unclassified,Unclassified,10/04/2021,N
3326,Txnm Energy Inc Com,,TXNM,69349H107,,Equities,Small Cap,09/17/2024,N
13378,Tyler Technologies Inc Com,,TYL,902252105,,Equities,Mid Cap,07/02/2022,N
4061962,Tyra Biosciences Inc Com,,TYRA,90240B106,,Equities,Small Cap,11/23/2024,N
723,Tyson Foods Inc Cl A,,TSN,902494103,,Equities,Large Cap,06/28/2022,N
12342,U Haul Holding Company Com,,UHAL,023586100,,Equities,Mid Cap,12/31/2021,N
4842685,U Haul Holding Company Com Ser N,,UHALB,023586506,,Equities,Small Cap,09/24/2024,N
102003,U S Gold Corp Com New,,USAU,90291C201,,Equities,Small Cap,07/19/2025,N
62701,U S Physical Therapy Com,,USPH,90337L108,,Equities,Small Cap,12/24/2024,N
2621549,Uber Technologies Inc Com,,UBER,90353T100,,Equities,Large Cap,04/26/2022,N
323164,Ubiquiti Inc Com,,UI,90353W103,,Equities,Mid Cap,09/17/2024,N
6871150,Ubs Ag London Open E2944313 (Walt Di)Usd1,,BD19063,,,Cash & Equivalents,Money Markets,03/15/2025,N
6528,Ubs Group Ag Shs,,UBS,H42097107,,Equities,International,09/11/2025,N
4142112,Udemy Inc Com,,UDMY,902685106,,Equities,Small Cap,09/17/2024,N
2353,Udr Inc Com,,UDR,902653104,,Equities,Mid Cap,06/28/2022,N
5280,Ufp Industries Inc Com,,UFPI,90278Q108,,Equities,Small Cap,09/17/2024,N
88645,Ufp Technologies Inc Com,,UFPT,902673102,,Equities,Small Cap,09/17/2024,N
1810,Ugi Corp New Com,,UGI,902681105,,Equities,Small Cap,09/17/2024,N
3818787,Uipath Inc Cl A,,PATH,90364P105,,Equities,Large Cap,06/28/2022,N
6114014,Ul Solutions Inc Class A Com Shs,,ULS,903731107,,Equities,Large Cap,09/18/2025,N
101608,Ulta Beauty Inc Com,,ULTA,90384S303,,Equities,Mid Cap,10/04/2021,N
35217,Ultra Clean Hldgs Inc Com,,UCTT,90385V107,,Equities,Small Cap,11/23/2024,N
829754,Ultragenyx Pharmaceutical Inc Com,,RARE,90400D108,,Equities,Small Cap,09/17/2024,N
5797,Ultralife Corp Com,,ULBI,903899102,,Equities,Small Cap,01/24/2025,N
1800,Umb Finl Corp Com,,UMBF,902788108,,Equities,Small Cap,09/24/2024,N
67507,Umh Pptys Inc Com,,UMH,903002103,,Equities,Small Cap,05/17/2025,N
10106,Under Armour Inc Cl A,,UAA,904311107,,Equities,Small Cap,09/17/2024,N
1147579,Under Armour Inc Cl C,,UA,904311206,,Equities,Small Cap,09/17/2024,N
48356,Unifirst Corp Mass Com,,UNF,904708104,,Equities,Small Cap,11/23/2024,N
1959,Unilever Plc Spon Adr New,,UL,904767803,,Equities,International,02/17/2024,N
189813,Union Bankshares Inc Com,,UNB,905400107,,Equities,Small Cap,07/30/2025,N
665,Union Pac Corp Com,,UNP,907818108,,Equities,Large Cap,06/28/2022,N
692238,Uniqure Nv Shs,,QURE,N90064101,,Equities,International,07/08/2025,N
5011,Unisys Corp Com New,,UIS,909214306,,Equities,Small Cap,09/17/2024,N
251106,United Airls Hldgs Inc Com,,UAL,910047109,,Equities,Large Cap,06/01/2022,N
44124,United Bankshares Inc West Va Com,,UBSI,909907107,,Equities,Small Cap,09/24/2024,N
97070,United Cmnty Bks Blairsvle Ga Com,,UCB,90984P303,,Equities,Small Cap,11/23/2024,N
13252,United Fire Group Inc Com,,UFCS,910340108,,Equities,Small Cap,09/17/2024,N
5208910,United Homes Group Inc Cl A,,UHG,91060H108,,Equities,Small Cap,01/24/2025,N
5043,United Nat Foods Inc Com,,UNFI,911163103,,Equities,Small Cap,11/23/2024,N
1184,United Parcel Svcs Inc Cl B,,UPS,911312106,,Equities,Large Cap,11/15/2023,N
565117,United Parks & Resorts Inc Com,,PRKS,81282V100,,Equities,Small Cap,11/05/2024,N
13345,United Rentals Inc Com,,URI,911363109,,Equities,Mid Cap,08/11/2022,N
295002,United Sec Bancshares Calif Com,,UBFO,911460103,,Equities,Small Cap,07/12/2025,N
145049,United States Antimony Corp Com,,UAMY,911549103,,Equities,Small Cap,07/24/2025,N
286370,United States Brent Oil Fund Lp,,BNO,91167Q100,,Alternative Assets,Commodities,11/09/2022,N
505770,United States Copper Index Fund,,CPER,911718104,,Alternative Assets,Commodities,10/21/2025,N
409229,United States Oil Fund Lp,,USO,91232N207,,Alternative Assets,Commodities,12/23/2021,N
7360,United States Stl Corp New Com,,X,912909108,US9129091081,Equities,Small Cap,09/17/2024,N
7412330,United States Treas Bills 0% 01/06/2026,,,912797SE8,,Government Debt,Govt/Inflation,09/30/2025,N
6298615,United States Treas Bills 0% 01/09/2025,,,912797LX3,,Government Debt,Govt/Inflation,12/03/2024,N
7197714,United States Treas Bills 0% 01/15/2026,,,912797RJ8,,Government Debt,Govt/Inflation,09/13/2025,N
5724040,United States Treas Bills 0% 01/16/2024,,,912797HZ3,,Government Debt,Govt/Inflation,10/04/2023,N
6309601,United States Treas Bills 0% 01/16/2025,,,912797LY1,,Government Debt,Govt/Inflation,07/20/2024,N
5563779,United States Treas Bills 0% 01/18/2024,,,912797GD3,,Government Debt,Govt/Inflation,07/18/2023,N
7467213,United States Treas Bills 0% 01/20/2026,,,912797SG3,,Government Debt,Govt/Inflation,01/07/2026,N
6439893,United States Treas Bills 0% 01/21/2025,,,912797MY0,,Government Debt,Govt/Inflation,12/20/2024,N
6747417,United States Treas Bills 0% 01/22/2026,,,912797PD3,,Government Debt,Govt/Inflation,02/04/2025,N
5956187,United States Treas Bills 0% 01/23/2025,,,912797JR9,,Government Debt,Govt/Inflation,02/09/2024,N
5033450,United States Treas Bills 0% 01/25/2024,,,912796ZY8,,Government Debt,Govt/Inflation,01/26/2023,N
7495721,United States Treas Bills 0% 01/27/2026,,,912797SH1,,Government Debt,Govt/Inflation,12/02/2025,N
6452801,United States Treas Bills 0% 01/28/2025,,,912797MZ7,,Government Debt,Govt/Inflation,01/04/2025,N
5748583,United States Treas Bills 0% 01/30/2024,,,912797JB4,,Government Debt,Govt/Inflation,10/04/2023,N
6332995,United States Treas Bills 0% 01/30/2025,,,912797LZ8,,Government Debt,Govt/Inflation,08/09/2024,N
6465514,United States Treas Bills 0% 02/04/2025,,,912797NF0,,Government Debt,Govt/Inflation,12/05/2024,N
5762922,United States Treas Bills 0% 02/06/2024,,,912797JC2,,Government Debt,Govt/Inflation,10/24/2023,N
5621328,United States Treas Bills 0% 02/08/2024,,,912797GM3,US912797GM35,Government Debt,Govt/Inflation,08/09/2023,N
7554768,United States Treas Bills 0% 02/10/2026,,,912797SQ1,,Government Debt,Govt/Inflation,12/16/2025,N
7308624,United States Treas Bills 0% 02/12/2026,,,912797RT6,,Government Debt,Govt/Inflation,11/13/2025,N
6366348,United States Treas Bills 0% 02/13/2025,,,912797MK0,,Government Debt,Govt/Inflation,08/16/2024,N
6495586,United States Treas Bills 0% 02/18/2025,,,912797NH6,,Government Debt,Govt/Inflation,02/04/2025,N
6806845,United States Treas Bills 0% 02/19/2026,,,912797PM3,,Government Debt,Govt/Inflation,03/04/2025,N
5792236,United States Treas Bills 0% 02/20/2024,,,912797JE8,,Government Debt,Govt/Inflation,10/25/2023,N
6016112,United States Treas Bills 0% 02/20/2025,,,912797KA4,,Government Debt,Govt/Inflation,07/20/2024,N
7599278,United States Treas Bills 0% 02/24/2026,,,912797SS7,,Government Debt,Govt/Inflation,12/27/2025,N
5813758,United States Treas Bills 0% 02/27/2024,,,912797JF5,,Government Debt,Govt/Inflation,01/04/2024,N
5688747,United States Treas Bills 0% 02/29/2024,,,912797GP6,,Government Debt,Govt/Inflation,12/01/2023,N
6520663,United States Treas Bills 0% 03/04/2025,,,912797NK9,,Government Debt,Govt/Inflation,02/21/2025,N
6410315,United States Treas Bills 0% 03/06/2025,,,912797MM6,,Government Debt,Govt/Inflation,09/18/2024,N
6535349,United States Treas Bills 0% 03/11/2025,,,912797NQ6,,Government Debt,Govt/Inflation,01/14/2025,N
7424112,United States Treas Bills 0% 03/12/2026,,,912797SB4,,Government Debt,Govt/Inflation,09/13/2025,N
6421471,United States Treas Bills 0% 03/13/2025,,,912797MT1,,Government Debt,Govt/Inflation,10/01/2024,N
7673833,United States Treas Bills 0% 03/17/2026,,,912797SZ1,,Government Debt,Govt/Inflation,11/18/2025,N
6548549,United States Treas Bills 0% 03/18/2025,,,912797NR4,,Government Debt,Govt/Inflation,01/22/2025,N
8117261,United States Treas Bills 0% 03/18/2027,,,912797UD7,,Government Debt,Govt/Inflation,03/20/2026,N
6878310,United States Treas Bills 0% 03/19/2026,,,912797PV3,,Government Debt,Govt/Inflation,03/21/2025,N
6066826,United States Treas Bills 0% 03/20/2025,,,912797KJ5,,Government Debt,Govt/Inflation,07/20/2024,N
5174149,United States Treas Bills 0% 03/21/2024,,,912797LL9,,Government Debt,Govt/Inflation,10/04/2023,N
5740812,United States Treas Bills 0% 03/28/2024,,,912797GY7,,Government Debt,Govt/Inflation,09/27/2023,N
6575231,United States Treas Bills 0% 04/01/2025,,,912797NT0,,Government Debt,Govt/Inflation,01/30/2025,N
7504808,United States Treas Bills 0% 04/02/2026,,,912797SD0,,Government Debt,Govt/Inflation,10/22/2025,N
6584295,United States Treas Bills 0% 04/08/2025,,,912797NY9,,Government Debt,Govt/Inflation,02/22/2025,N
7532339,United States Treas Bills 0% 04/09/2026,,,912797SL2,,Government Debt,Govt/Inflation,01/16/2026,N
6474859,United States Treas Bills 0% 04/10/2025,,,912797NB9,,Government Debt,Govt/Inflation,10/12/2024,N
5769318,United States Treas Bills 0% 04/11/2024,,,912797HF7,,Government Debt,Govt/Inflation,10/13/2023,N
7777458,United States Treas Bills 0% 04/14/2026,,,912797TH0,,To Be Classified,To Be Classified,04/01/2026,N
6606954,United States Treas Bills 0% 04/15/2025,,,912797NZ6,,Government Debt,Govt/Inflation,03/05/2025,N
6938255,United States Treas Bills 0% 04/16/2026,,,912797QD2,,Government Debt,Govt/Inflation,05/15/2025,N
6112258,United States Treas Bills 0% 04/17/2025,,,912797KS5,,Government Debt,Govt/Inflation,04/17/2024,N
5236753,United States Treas Bills 0% 04/18/2024,,,912796CX5,,Government Debt,Govt/Inflation,02/16/2024,N
7806229,United States Treas Bills 0% 04/21/2026,,,912797TJ6,,Government Debt,Govt/Inflation,01/06/2026,N
6688718,United States Treas Bills 0% 04/22/2025,,,912797PA9,,Government Debt,Govt/Inflation,03/19/2025,N
6502713,United States Treas Bills 0% 04/24/2025,,,912797NC7,,Government Debt,Govt/Inflation,01/22/2025,N
5793801,United States Treas Bills 0% 04/25/2024,,,912797HG5,,Government Debt,Govt/Inflation,03/16/2024,N
6514760,United States Treas Bills 0% 05/01/2025,,,912797ND5,,Government Debt,Govt/Inflation,04/04/2025,N
5932964,United States Treas Bills 0% 05/07/2024,,,912797JV0,,Government Debt,Govt/Inflation,03/22/2024,N
7637585,United States Treas Bills 0% 05/07/2026,,,912797SP3,,Government Debt,Govt/Inflation,11/18/2025,N
6529480,United States Treas Bills 0% 05/08/2025,,,912797NE3,,Government Debt,Govt/Inflation,11/08/2024,N
6722557,United States Treas Bills 0% 05/13/2025,,,912797PH4,,Government Debt,Govt/Inflation,02/04/2025,N
5943274,United States Treas Bills 0% 05/14/2024,,,912797JW8,,Government Debt,Govt/Inflation,01/17/2024,N
6171992,United States Treas Bills 0% 05/15/2025,,,912797LB1,,Government Debt,Govt/Inflation,02/22/2025,N
5280662,United States Treas Bills 0% 05/16/2024,,,912797FH5,,Government Debt,Govt/Inflation,06/03/2023,N
6737102,United States Treas Bills 0% 05/20/2025,,,912797PJ0,,Government Debt,Govt/Inflation,04/02/2025,N
5951964,United States Treas Bills 0% 05/21/2024,,,912797JX6,,Government Debt,Govt/Inflation,02/16/2024,N
7686664,United States Treas Bills 0% 05/21/2026,,,912797SV0,,Government Debt,Govt/Inflation,12/02/2025,N
6554997,United States Treas Bills 0% 05/22/2025,,,912797NM5,,Government Debt,Govt/Inflation,05/06/2025,N
7715288,United States Treas Bills 0% 05/28/2026,,,912797SW8,,To Be Classified,To Be Classified,04/01/2026,N
6567985,United States Treas Bills 0% 05/29/2025,,,912797NN3,,Government Debt,Govt/Inflation,04/02/2025,N
5874726,United States Treas Bills 0% 05/30/2024,,,912797HS9,,Government Debt,Govt/Inflation,11/29/2023,N
6579279,United States Treas Bills 0% 06/05/2025,,,912797NP8,,Government Debt,Govt/Inflation,02/14/2025,N
6783842,United States Treas Bills 0% 06/10/2025,,,912797PR2,,Government Debt,Govt/Inflation,02/22/2025,N
7107003,United States Treas Bills 0% 06/11/2026,,,912797QX8,,Government Debt,Govt/Inflation,07/01/2025,N
6215328,United States Treas Bills 0% 06/12/2025,,,912797LN5,,Government Debt,Govt/Inflation,04/29/2025,N
5328869,United States Treas Bills 0% 06/13/2024,,,912797FS1,,Government Debt,Govt/Inflation,12/14/2023,N
6798601,United States Treas Bills 0% 06/17/2025,,,912797PS0,,Government Debt,Govt/Inflation,04/23/2025,N
6013131,United States Treas Bills 0% 06/18/2024,,,912797KF3,,Government Debt,Govt/Inflation,02/21/2024,N
7785238,United States Treas Bills 0% 06/18/2026,,,912797TD9,,Government Debt,Govt/Inflation,03/21/2026,N
5906686,United States Treas Bills 0% 06/20/2024,,,912796ZW2,,Government Debt,Govt/Inflation,12/21/2023,N
6642166,United States Treas Bills 0% 06/20/2025,,,912797NV5,,Government Debt,Govt/Inflation,06/10/2025,N
6702053,United States Treas Bills 0% 07/03/2025,,,912797NX1,,Government Debt,Govt/Inflation,01/14/2025,N
8087614,United States Treas Bills 0% 07/07/2026,,,912797UN5,,Government Debt,Govt/Inflation,03/25/2026,N
6850266,United States Treas Bills 0% 07/08/2025,,,912797PZ4,,Government Debt,Govt/Inflation,05/15/2025,N
7176920,United States Treas Bills 0% 07/09/2026,,,912797RF6,,Government Debt,Govt/Inflation,07/10/2025,N
6299583,United States Treas Bills 0% 07/10/2025,,,912797LW5,,Government Debt,Govt/Inflation,07/20/2024,N
6866619,United States Treas Bills 0% 07/15/2025,,,912797QA8,,Government Debt,Govt/Inflation,07/02/2025,N
7896319,United States Treas Bills 0% 07/16/2026,,,912797TN7,,Government Debt,Govt/Inflation,02/12/2026,N
6730020,United States Treas Bills 0% 07/17/2025,,,912797PE1,,Government Debt,Govt/Inflation,06/24/2025,N
7919721,United States Treas Bills 0% 07/23/2026,,,912797TP2,,Government Debt,Govt/Inflation,01/24/2026,N
5959027,United States Treas Bills 0% 07/25/2024,,,912797JT5,,Government Debt,Govt/Inflation,01/31/2024,N
6764902,United States Treas Bills 0% 07/31/2025,,,912797PG6,,Government Debt,Govt/Inflation,01/30/2025,N
6905714,United States Treas Bills 0% 08/05/2025,,,912797QH3,,Government Debt,Govt/Inflation,07/23/2025,N
6350250,United States Treas Bills 0% 08/07/2025,,,912797MG9,,Government Debt,Govt/Inflation,02/14/2025,N
5623696,United States Treas Bills 0% 08/08/2024,,,912797GK7,,Government Debt,Govt/Inflation,08/18/2023,N
6793256,United States Treas Bills 0% 08/14/2025,,,912797PN1,,Government Debt,Govt/Inflation,07/10/2025,N
6005340,United States Treas Bills 0% 08/15/2024,,,912797KB2,,Government Debt,Govt/Inflation,02/21/2024,N
8027802,United States Treas Bills 0% 08/20/2026,,,912797TX5,,Government Debt,Govt/Inflation,02/28/2026,N
6806846,United States Treas Bills 0% 08/21/2025,,,912797PP6,,Government Debt,Govt/Inflation,04/23/2025,N
6016376,United States Treas Bills 0% 08/22/2024,,,912797KC0,,Government Debt,Govt/Inflation,05/31/2024,N
6028137,United States Treas Bills 0% 08/29/2024,,,912797KD8,,Government Debt,Govt/Inflation,07/25/2024,N
7398295,United States Treas Bills 0% 09/03/2026,,,912797RS8,,Government Debt,Govt/Inflation,12/16/2025,N
6410314,United States Treas Bills 0% 09/04/2025,,,912797MH7,,Government Debt,Govt/Inflation,02/04/2025,N
5711116,United States Treas Bills 0% 09/05/2024,,,912797GL5,,Government Debt,Govt/Inflation,10/04/2023,N
6056881,United States Treas Bills 0% 09/12/2024,,,912797KK2,,Government Debt,Govt/Inflation,06/13/2024,N
6179525,United States Treas Bills 0% 09/17/2024,,,912797LH8,,Government Debt,Govt/Inflation,07/27/2024,N
8125348,United States Treas Bills 0% 09/17/2026,,,912797UG0,,Government Debt,Govt/Inflation,03/25/2026,N
6876115,United States Treas Bills 0% 09/18/2025,,,912797PX9,,Government Debt,Govt/Inflation,04/23/2025,N
6066821,United States Treas Bills 0% 09/19/2024,,,912797KL0,,Government Debt,Govt/Inflation,03/22/2024,N
6191400,United States Treas Bills 0% 09/24/2024,,,912797LJ4,,Government Debt,Govt/Inflation,07/20/2024,N
7509450,United States Treas Bills 0% 10/01/2026,,,912797SA6,,To Be Classified,To Be Classified,04/03/2026,N
6462841,United States Treas Bills 0% 10/02/2025,,,912797MS3,,Government Debt,Govt/Inflation,02/14/2025,N
5753172,United States Treas Bills 0% 10/03/2024,,,912797GW1,,Government Debt,Govt/Inflation,07/13/2024,N
6916763,United States Treas Bills 0% 10/09/2025,,,912797QE0,,Government Debt,Govt/Inflation,08/16/2025,N
6106405,United States Treas Bills 0% 10/10/2024,,,912797KT3,,Government Debt,Govt/Inflation,07/27/2024,N
6963556,United States Treas Bills 0% 10/23/2025,,,912797QG5,,Government Debt,Govt/Inflation,08/05/2025,N
6131423,United States Treas Bills 0% 10/24/2024,,,912797KV8,,Government Debt,Govt/Inflation,07/20/2024,N
7606461,United States Treas Bills 0% 10/29/2026,,,912797SK4,,Government Debt,Govt/Inflation,02/21/2026,N
5818282,United States Treas Bills 0% 10/31/2024,,,912797HE0,,Government Debt,Govt/Inflation,11/09/2023,N
6303335,United States Treas Bills 0% 11/12/2024,,,912797MB0,,Government Debt,Govt/Inflation,09/28/2024,N
7188427,United States Treas Bills 0% 11/12/2025,,,912797RN9,,Government Debt,Govt/Inflation,09/13/2025,N
7049011,United States Treas Bills 0% 11/13/2025,,,912797QQ3,US912797QQ39,Government Debt,Govt/Inflation,06/13/2025,N
6165794,United States Treas Bills 0% 11/14/2024,,,912797LD7,,Government Debt,Govt/Inflation,05/16/2024,N
6185989,United States Treas Bills 0% 11/21/2024,,,912797LE5,,Government Debt,Govt/Inflation,08/23/2024,N
7715533,United States Treas Bills 0% 11/27/2026,,,912797SU2,,Government Debt,Govt/Inflation,02/12/2026,N
6570690,United States Treas Bills 0% 11/28/2025,,,912797NL7,,Government Debt,Govt/Inflation,02/04/2025,N
5873314,United States Treas Bills 0% 11/29/2024,,,912797HP5,,Government Debt,Govt/Inflation,06/01/2024,N
7277841,United States Treas Bills 0% 12/02/2025,,,912797RR0,,Government Debt,Govt/Inflation,10/24/2025,N
6208596,United States Treas Bills 0% 12/05/2024,,,912797LF2,,Government Debt,Govt/Inflation,09/04/2024,N
6359286,United States Treas Bills 0% 12/10/2024,,,912797MN4,,Government Debt,Govt/Inflation,11/19/2024,N
7112613,United States Treas Bills 0% 12/11/2025,,,912797QY6,,Government Debt,Govt/Inflation,07/01/2025,N
6370899,United States Treas Bills 0% 12/17/2024,,,912797MP9,,Government Debt,Govt/Inflation,12/03/2024,N
7125204,United States Treas Bills 0% 12/18/2025,,,912797QZ3,,Government Debt,Govt/Inflation,06/18/2025,N
6238718,United States Treas Bills 0% 12/19/2024,,,912797LQ8,,Government Debt,Govt/Inflation,06/19/2024,N
7841553,United States Treas Bills 0% 12/24/2026,,,912797TC1,,Government Debt,Govt/Inflation,03/03/2026,N
5918716,United States Treas Bills 0% 12/26/2024,,,912796ZV4,,Government Debt,Govt/Inflation,07/20/2024,N
7372111,United States Treas Bills 0% 12/30/2025,,,912797RZ2,,Government Debt,Govt/Inflation,12/02/2025,N
6403353,United States Treas Bills 0% 12/31/2024,,,912797MR5,,Government Debt,Govt/Inflation,12/20/2024,N
5697442,United States Treas Bills 01/02/2024,,,912797HX8,,Government Debt,Govt/Inflation,09/29/2023,N
4721321,United States Treas Bills 01/03/2023,,,912796ZH5,,Government Debt,Govt/Inflation,09/07/2022,N
4618988,United States Treas Bills 01/05/2023,,,912796X95,,Government Debt,Govt/Inflation,07/09/2022,N
5713551,United States Treas Bills 01/09/2024,,,912797HY6,,Government Debt,Govt/Inflation,12/12/2023,N
5554187,United States Treas Bills 01/11/2024,,,912797GC5,,Government Debt,Govt/Inflation,07/12/2023,N
4744656,United States Treas Bills 01/17/2023,,,912796ZK8,,Government Debt,Govt/Inflation,09/17/2022,N
4639528,United States Treas Bills 01/19/2023,,,912796XS3,,Government Debt,Govt/Inflation,07/30/2022,N
4319907,United States Treas Bills 01/26/2023,,,912796S34,,Government Debt,Govt/Inflation,09/01/2022,N
4777797,United States Treas Bills 01/31/2023,,,912796ZM4,,Government Debt,Govt/Inflation,11/05/2022,N
4669425,United States Treas Bills 02/02/2023,,,912796XT1,,Government Debt,Govt/Inflation,08/03/2022,N
4807815,United States Treas Bills 02/14/2023,,,912796ZU6,,Government Debt,Govt/Inflation,12/23/2022,N
4692232,United States Treas Bills 02/16/2023,,,912796YA1,,Government Debt,Govt/Inflation,08/23/2022,N
4817075,United States Treas Bills 02/21/2023,,,912796Y60,,Government Debt,Govt/Inflation,12/30/2022,N
4367901,United States Treas Bills 02/23/2023,,,912796T33,,Government Debt,Govt/Inflation,09/01/2022,N
4828831,United States Treas Bills 02/28/2023,,,912796Y78,,Government Debt,Govt/Inflation,12/06/2022,N
4713271,United States Treas Bills 03/02/2023,,,912796YB9,,Government Debt,Govt/Inflation,09/01/2022,N
4853578,United States Treas Bills 03/14/2023,,,912796Z69,,Government Debt,Govt/Inflation,01/13/2023,N
4733849,United States Treas Bills 03/16/2023,,,912796YL7,,Government Debt,Govt/Inflation,09/20/2022,N
4883786,United States Treas Bills 03/21/2023,,,912796Z77,,Government Debt,Govt/Inflation,01/25/2023,N
4417864,United States Treas Bills 03/23/2023,,,912796U31,,Government Debt,Govt/Inflation,12/21/2022,N
4903528,United States Treas Bills 03/28/2023,,,912796Z85,,Government Debt,Govt/Inflation,12/02/2022,N
4763277,United States Treas Bills 03/30/2023,,,912796YM5,,Government Debt,Govt/Inflation,09/28/2022,N
4779734,United States Treas Bills 04/06/2023,,,912796YN3,,Government Debt,Govt/Inflation,01/07/2023,N
4941863,United States Treas Bills 04/11/2023,,,912796CT4,,Government Debt,Govt/Inflation,02/15/2023,N
4793377,United States Treas Bills 04/13/2023,,,912796YU7,,Government Debt,Govt/Inflation,01/13/2023,N
4954388,United States Treas Bills 04/18/2023,,,912796CU1,,Government Debt,Govt/Inflation,01/04/2023,N
4465669,United States Treas Bills 04/20/2023,,,912796V48,,Government Debt,Govt/Inflation,01/21/2023,N
4818686,United States Treas Bills 04/27/2023,,,912796YV5,,Government Debt,Govt/Inflation,11/05/2022,N
5005946,United States Treas Bills 05/09/2023,,,912797FD4,,Government Debt,Govt/Inflation,01/07/2023,N
4841915,United States Treas Bills 05/11/2023,,,912796ZE2,,Government Debt,Govt/Inflation,11/16/2022,N
5031170,United States Treas Bills 05/23/2023,,,912797FF9,,Government Debt,Govt/Inflation,01/20/2023,N
4894201,United States Treas Bills 05/25/2023,,,912796ZF9,,Government Debt,Govt/Inflation,12/06/2022,N
4915290,United States Treas Bills 06/01/2023,,,912796ZG7,,Government Debt,Govt/Inflation,12/02/2022,N
4930259,United States Treas Bills 06/08/2023,,,912796ZP7,,Government Debt,Govt/Inflation,12/06/2022,N
5081412,United States Treas Bills 06/13/2023,,,912797FN2,,Government Debt,Govt/Inflation,04/15/2023,N
4569656,United States Treas Bills 06/15/2023,,,912796X53,,Government Debt,Govt/Inflation,03/23/2023,N
4958648,United States Treas Bills 06/22/2023,,,912796ZQ5,,Government Debt,Govt/Inflation,12/20/2022,N
4979043,United States Treas Bills 06/29/2023,,,912796ZR3,,Government Debt,Govt/Inflation,01/04/2023,N
4994726,United States Treas Bills 07/06/2023,,,912796ZS1,,Government Debt,Govt/Inflation,01/06/2023,N
5145230,United States Treas Bills 07/11/2023,,,912797FX0,,Government Debt,Govt/Inflation,03/16/2023,N
4394460,United States Treas Bills 07/12/2022,,,912796W96,,Government Debt,Govt/Inflation,06/18/2022,N
4631250,United States Treas Bills 07/13/2023,,,912796XQ7,,Government Debt,Govt/Inflation,01/11/2023,N
3940567,United States Treas Bills 07/14/2022,,,912796K57,,Government Debt,Govt/Inflation,06/18/2022,N
5158972,United States Treas Bills 07/18/2023,,,912797FY8,,Government Debt,Govt/Inflation,03/22/2023,N
5202346,United States Treas Bills 08/01/2023,,,912797GA9,,Government Debt,Govt/Inflation,04/07/2023,N
5220730,United States Treas Bills 08/08/2023,,,912797GF8,,Government Debt,Govt/Inflation,04/12/2023,N
4682129,United States Treas Bills 08/10/2023,,,912796XY0,,Government Debt,Govt/Inflation,01/13/2023,N
5232183,United States Treas Bills 08/15/2023,,,912797GG6,,Government Debt,Govt/Inflation,04/19/2023,N
5082711,United States Treas Bills 08/17/2023,,,912796Z36,,Government Debt,Govt/Inflation,03/22/2023,N
4472187,United States Treas Bills 08/23/2022,,,912796XN4,,Government Debt,Govt/Inflation,05/14/2022,N
5094996,United States Treas Bills 08/24/2023,,,912796Z44,,Government Debt,Govt/Inflation,02/25/2023,N
4490412,United States Treas Bills 08/30/2022,,,912796XP9,,Government Debt,Govt/Inflation,06/15/2022,N
5109777,United States Treas Bills 08/31/2023,,,912796Z51,,Government Debt,Govt/Inflation,03/01/2023,N
4506644,United States Treas Bills 09/06/2022,,,912796XU8,,Government Debt,Govt/Inflation,07/09/2022,N
5147782,United States Treas Bills 09/14/2023,,,912796CQ0,,Government Debt,Govt/Inflation,03/21/2023,N
4530365,United States Treas Bills 09/20/2022,,,912796XW4,,Government Debt,Govt/Inflation,08/23/2022,N
5164586,United States Treas Bills 09/21/2023,,,912796CR8,,Government Debt,Govt/Inflation,07/14/2023,N
5305448,United States Treas Bills 09/26/2023,,,912797GU5,,Government Debt,Govt/Inflation,05/26/2023,N
4543992,United States Treas Bills 09/27/2022,,,912796XX2,,Government Debt,Govt/Inflation,06/18/2022,N
5189300,United States Treas Bills 09/28/2023,,,912796CS6,,Government Debt,Govt/Inflation,03/31/2023,N
4429133,United States Treas Bills 09/29/2022,,,912796U64,,Government Debt,Govt/Inflation,06/15/2022,N
4787725,United States Treas Bills 10/05/2023,,,912796YJ2,,Government Debt,Govt/Inflation,04/07/2023,N
5227689,United States Treas Bills 10/12/2023,,,912797FA0,,Government Debt,Govt/Inflation,04/15/2023,N
4578077,United States Treas Bills 10/18/2022,,,912796YE3,,Government Debt,Govt/Inflation,08/23/2022,N
5236754,United States Treas Bills 10/19/2023,,,912797FB8,,Government Debt,Govt/Inflation,07/14/2023,N
5511905,United States Treas Bills 10/24/2023,,,912797HC4,,Government Debt,Govt/Inflation,07/14/2023,N
4596398,United States Treas Bills 10/25/2022,,,912796YF0,,Government Debt,Govt/Inflation,09/01/2022,N
5246787,United States Treas Bills 10/26/2023,,,912797FC6,,Government Debt,Govt/Inflation,04/28/2023,N
4479304,United States Treas Bills 10/27/2022,,,912796V71,,Government Debt,Govt/Inflation,05/14/2022,N
5544304,United States Treas Bills 10/31/2023,,,912797HD2,,Government Debt,Govt/Inflation,07/01/2023,N
4832622,United States Treas Bills 11/02/2023,,,912796YT0,,Government Debt,Govt/Inflation,11/16/2022,N
5552004,United States Treas Bills 11/07/2023,,,912797HJ9,,Government Debt,Govt/Inflation,07/11/2023,N
5280745,United States Treas Bills 11/16/2023,,,912797FK8,,Government Debt,Govt/Inflation,05/16/2023,N
5298881,United States Treas Bills 11/24/2023,,,912797FL6,,Government Debt,Govt/Inflation,05/23/2023,N
4532771,United States Treas Bills 11/25/2022,,,912796W70,,Government Debt,Govt/Inflation,09/01/2022,N
5604041,United States Treas Bills 11/28/2023,,,912797HM2,,Government Debt,Govt/Inflation,11/07/2023,N
4666394,United States Treas Bills 11/29/2022,,,912796YS2,,Government Debt,Govt/Inflation,07/30/2022,N
4903525,United States Treas Bills 11/30/2023,,,912796ZD4,,Government Debt,Govt/Inflation,12/28/2022,N
5318049,United States Treas Bills 12/07/2023,,,912797FT9,,Government Debt,Govt/Inflation,06/09/2023,N
5638265,United States Treas Bills 12/12/2023,,,912797HU4,,Government Debt,Govt/Inflation,08/11/2023,N
4688625,United States Treas Bills 12/13/2022,,,912796YY9,,Government Debt,Govt/Inflation,11/16/2022,N
4698372,United States Treas Bills 12/20/2022,,,912796YZ6,,Government Debt,Govt/Inflation,09/01/2022,N
5339291,United States Treas Bills 12/21/2023,,,912797FV4,,Government Debt,Govt/Inflation,06/24/2023,N
4588049,United States Treas Bills 12/22/2022,,,912796X87,,Government Debt,Govt/Inflation,09/20/2022,N
5684821,United States Treas Bills 12/26/2023,,,912797HW0,,Government Debt,Govt/Inflation,11/29/2023,N
4709215,United States Treas Bills 12/27/2022,,,912796ZA0,,Government Debt,Govt/Inflation,09/07/2022,N
4253122,United States Treas Bills 12/29/2022,,,912796R27,,Government Debt,Govt/Inflation,08/23/2022,N
3651241,United States Treas Nts 0.125% 01/15/2024,,,91282CBE0,,Government Debt,Govt/Inflation,05/25/2022,N
3680718,United States Treas Nts 0.125% 01/31/2023,,,91282CBG5,,Government Debt,Govt/Inflation,05/14/2022,N
3700213,United States Treas Nts 0.125% 02/15/2024,,,91282CBM2,,Government Debt,Govt/Inflation,05/25/2022,N
3726667,United States Treas Nts 0.125% 02/28/2023,,,91282CBN0,,Government Debt,Govt/Inflation,06/15/2022,N
3768795,United States Treas Nts 0.125% 03/31/2023,,,91282CBU4,,Government Debt,Govt/Inflation,06/15/2022,N
3828532,United States Treas Nts 0.125% 04/30/2023,,,91282CBX8,,Government Debt,Govt/Inflation,06/15/2022,N
3176388,United States Treas Nts 0.125% 05/15/2023,,,912828ZP8,,Government Debt,Govt/Inflation,05/25/2022,N
3869531,United States Treas Nts 0.125% 05/31/2023,,,91282CCD1,,Government Debt,Govt/Inflation,11/05/2022,N
3918700,United States Treas Nts 0.125% 06/30/2023,,,91282CCK5,,Government Debt,Govt/Inflation,08/23/2022,N
3279817,United States Treas Nts 0.125% 07/15/2023,,,912828ZY9,,Government Debt,Govt/Inflation,05/25/2022,N
3971913,United States Treas Nts 0.125% 07/31/2023,,,91282CCN9,,Government Debt,Govt/Inflation,06/15/2022,N
3324015,United States Treas Nts 0.125% 08/15/2023,,,91282CAF8,,Government Debt,Govt/Inflation,05/14/2022,N
4024642,United States Treas Nts 0.125% 08/31/2023,,,91282CCU3,,Government Debt,Govt/Inflation,06/18/2022,N
3367933,United States Treas Nts 0.125% 09/15/2023,,,91282CAK7,,Government Debt,Govt/Inflation,05/25/2022,N
3406306,United States Treas Nts 0.125% 09/30/2022,,,91282CAN1,,Government Debt,Govt/Inflation,05/25/2022,N
3432698,United States Treas Nts 0.125% 10/15/2023,,,91282CAP6,,Government Debt,Govt/Inflation,05/25/2022,N
2879802,United States Treas Nts 0.125% 10/15/2024,,,912828YL8,,Government Debt,Govt/Inflation,12/21/2023,N
3527677,United States Treas Nts 0.125% 11/30/2022,,,91282CAX9,,Government Debt,Govt/Inflation,06/15/2022,N
3566289,United States Treas Nts 0.125% 12/15/2023,,,91282CBA8,,Government Debt,Govt/Inflation,03/23/2023,N
3619134,United States Treas Nts 0.125% 12/31/2022,,,91282CBD2,,Government Debt,Govt/Inflation,07/09/2022,N
863877,United States Treas Nts 0.25% 01/15/2025,,,912828H45,,Government Debt,Govt/Inflation,12/21/2023,N
3749014,United States Treas Nts 0.25% 03/15/2024,,,91282CBR1,,Government Debt,Govt/Inflation,08/25/2022,N
3126933,United States Treas Nts 0.25% 04/15/2023,,,912828ZH6,,Government Debt,Govt/Inflation,05/14/2022,N
3852152,United States Treas Nts 0.25% 05/15/2024,,,91282CCC3,,Government Debt,Govt/Inflation,08/25/2022,N
3205005,United States Treas Nts 0.25% 05/31/2025,,,912828ZT0,,Government Debt,Govt/Inflation,08/25/2022,N
3232363,United States Treas Nts 0.25% 06/15/2023,,,912828ZU7,,Government Debt,Govt/Inflation,05/25/2022,N
3890692,United States Treas Nts 0.25% 06/15/2024,,,91282CCG4,,Government Debt,Govt/Inflation,08/25/2022,N
3259154,United States Treas Nts 0.25% 06/30/2025,,,912828ZW3,,Government Debt,Govt/Inflation,05/14/2022,N
3304919,United States Treas Nts 0.25% 07/31/2025,,,91282CAB7,,Government Debt,Govt/Inflation,10/29/2024,N
3344375,United States Treas Nts 0.25% 08/31/2025,,,91282CAJ0,,Government Debt,Govt/Inflation,10/01/2024,N
4087394,United States Treas Nts 0.25% 09/30/2023,,,91282CDA6,,Government Debt,Govt/Inflation,06/18/2022,N
3401492,United States Treas Nts 0.25% 09/30/2025,,,91282CAM3,,Government Debt,Govt/Inflation,10/29/2024,N
3485917,United States Treas Nts 0.25% 10/31/2025,,,91282CAT8,,Government Debt,Govt/Inflation,12/03/2024,N
3506021,United States Treas Nts 0.25% 11/15/2023,,,91282CAW1,,Government Debt,Govt/Inflation,05/25/2022,N
1440297,United States Treas Nts 0.375% 01/15/2027,,,912828V49,,Government Debt,Govt/Inflation,12/21/2023,N
3674902,United States Treas Nts 0.375% 01/31/2026,,,91282CBH3,,Government Debt,Govt/Inflation,02/14/2025,N
3806793,United States Treas Nts 0.375% 04/15/2024,,,91282CBV2,,Government Debt,Govt/Inflation,08/25/2022,N
3155741,United States Treas Nts 0.375% 04/30/2025,,,912828ZL7,,Government Debt,Govt/Inflation,12/01/2023,N
3944807,United States Treas Nts 0.375% 07/15/2024,,,91282CCL3,,Government Debt,Govt/Inflation,08/25/2022,N
3306122,United States Treas Nts 0.375% 07/31/2027,,,91282CAD3,,Government Debt,Govt/Inflation,07/10/2025,N
3994974,United States Treas Nts 0.375% 08/15/2024,,,91282CCT6,,Government Debt,Govt/Inflation,08/25/2022,N
4051044,United States Treas Nts 0.375% 09/15/2024,,,91282CCX7,,Government Debt,Govt/Inflation,08/25/2022,N
3403498,United States Treas Nts 0.375% 09/30/2027,,,91282CAL5,,To Be Classified,To Be Classified,04/01/2026,N
4135757,United States Treas Nts 0.375% 10/31/2023,,,91282CDD0,,Government Debt,Govt/Inflation,11/05/2022,N
3539600,United States Treas Nts 0.375% 11/30/2025,,,91282CAZ4,,Government Debt,Govt/Inflation,12/17/2024,N
3621095,United States Treas Nts 0.375% 12/31/2025,,,91282CBC4,,Government Debt,Govt/Inflation,01/14/2025,N
3726858,United States Treas Nts 0.5% 02/28/2026,,,91282CBQ3,,Government Debt,Govt/Inflation,03/21/2025,N
3081841,United States Treas Nts 0.5% 03/15/2023,,,912828ZD5,,Government Debt,Govt/Inflation,05/25/2022,N
3109863,United States Treas Nts 0.5% 03/31/2025,,,912828ZF0,,Government Debt,Govt/Inflation,08/25/2022,N
3157168,United States Treas Nts 0.5% 04/30/2027,,,912828ZN3,,Government Debt,Govt/Inflation,04/11/2025,N
3208543,United States Treas Nts 0.5% 05/31/2027,,,912828ZS2,,Government Debt,Govt/Inflation,05/14/2022,N
3260353,United States Treas Nts 0.5% 06/30/2027,,,912828ZV5,,Government Debt,Govt/Inflation,05/28/2025,N
3342915,United States Treas Nts 0.5% 08/31/2027,,,91282CAH4,,Government Debt,Govt/Inflation,02/25/2026,N
4194286,United States Treas Nts 0.5% 11/30/2023,,,91282CDM0,,Government Debt,Govt/Inflation,08/20/2022,N
1076197,United States Treas Nts 0.625% 01/15/2026,,,912828N71,,Government Debt,Govt/Inflation,12/21/2023,N
3112832,United States Treas Nts 0.625% 03/31/2027,,,912828ZE3,,Government Debt,Govt/Inflation,05/28/2025,N
3976487,United States Treas Nts 0.625% 07/31/2026,,,91282CCP4,,Government Debt,Govt/Inflation,02/14/2025,N
4110495,United States Treas Nts 0.625% 10/15/2024,,,91282CDB4,,Government Debt,Govt/Inflation,08/25/2022,N
3773755,United States Treas Nts 0.75% 03/31/2026,,,91282CBT7,,Government Debt,Govt/Inflation,01/30/2025,N
3825079,United States Treas Nts 0.75% 04/30/2026,,,91282CBW0,,Government Debt,Govt/Inflation,11/16/2024,N
3873845,United States Treas Nts 0.75% 05/31/2026,,,91282CCF6,,Government Debt,Govt/Inflation,02/19/2025,N
4027532,United States Treas Nts 0.75% 08/31/2026,,,91282CCW9,,Government Debt,Govt/Inflation,02/14/2025,N
4159357,United States Treas Nts 0.75% 11/15/2024,,,91282CDH1,,Government Debt,Govt/Inflation,08/25/2022,N
4251156,United States Treas Nts 0.75% 12/31/2023,,,91282CDR9,,Government Debt,Govt/Inflation,05/25/2022,N
4316604,United States Treas Nts 0.875% 01/31/2024,,,91282CDV0,,Government Debt,Govt/Inflation,08/20/2022,N
3920823,United States Treas Nts 0.875% 06/30/2026,,,91282CCJ8,,Government Debt,Govt/Inflation,02/01/2025,N
4080900,United States Treas Nts 0.875% 09/30/2026,,,91282CCZ2,,Government Debt,Govt/Inflation,03/21/2025,N
4222709,United States Treas Nts 1% 12/15/2024,,,91282CDN8,,Government Debt,Govt/Inflation,08/25/2022,N
4287416,United States Treas Nts 1.125% 01/15/2025,,,91282CDS7,,Government Debt,Govt/Inflation,08/25/2022,N
3068029,United States Treas Nts 1.125% 02/28/2025,,,912828ZC7,,Government Debt,Govt/Inflation,09/18/2024,N
4136075,United States Treas Nts 1.125% 10/31/2026,,,91282CDG3,,Government Debt,Govt/Inflation,03/21/2025,N
3780188,United States Treas Nts 1.25% 03/31/2028,,,91282CBS9,,Government Debt,Govt/Inflation,06/13/2025,N
2790935,United States Treas Nts 1.25% 08/31/2024,,,912828YE4,,Government Debt,Govt/Inflation,07/12/2023,N
4185808,United States Treas Nts 1.25% 11/30/2026,,,91282CDK4,,Government Debt,Govt/Inflation,07/01/2025,N
4253123,United States Treas Nts 1.25% 12/31/2026,,,91282CDQ1,,Government Debt,Govt/Inflation,05/28/2025,N
3020415,United States Treas Nts 1.375% 01/31/2025,,,912828Z52,,Government Debt,Govt/Inflation,10/18/2023,N
3043286,United States Treas Nts 1.375% 02/15/2023,,,912828Z86,,Government Debt,Govt/Inflation,05/14/2022,N
2844143,United States Treas Nts 1.375% 10/15/2022,,,912828YK0,,Government Debt,Govt/Inflation,05/25/2022,N
3022132,United States Treas Nts 1.5% 01/31/2027,,,912828Z78,,Government Debt,Govt/Inflation,03/21/2025,N
4346038,United States Treas Nts 1.5% 02/15/2025,,,91282CDZ1,,Government Debt,Govt/Inflation,08/25/2022,N
4367063,United States Treas Nts 1.5% 02/29/2024,,,91282CEA5,,Government Debt,Govt/Inflation,07/01/2023,N
1139079,United States Treas Nts 1.5% 03/31/2023,,,912828Q29,,Government Debt,Govt/Inflation,07/09/2022,N
1260915,United States Treas Nts 1.5% 08/15/2026,,,9128282A7,,Government Debt,Govt/Inflation,09/04/2025,N
2866530,United States Treas Nts 1.5% 10/31/2024,,,912828YM6,,Government Debt,Govt/Inflation,09/29/2023,N
2929661,United States Treas Nts 1.5% 11/30/2024,,,912828YV6,,Government Debt,Govt/Inflation,11/01/2023,N
1090388,United States Treas Nts 1.625% 02/15/2026,,,912828P46,,Government Debt,Govt/Inflation,09/18/2024,N
1182200,United States Treas Nts 1.625% 05/15/2026,,,912828R36,,Government Debt,Govt/Inflation,12/17/2024,N
1196776,United States Treas Nts 1.625% 05/31/2023,,,912828R69,,Government Debt,Govt/Inflation,06/18/2022,N
457090,United States Treas Nts 1.625% 08/15/2022,,,912828TJ9,,Government Debt,Govt/Inflation,05/25/2022,N
2868657,United States Treas Nts 1.625% 10/31/2026,,,912828YQ7,,Government Debt,Govt/Inflation,02/12/2026,N
491229,United States Treas Nts 1.625% 11/15/2022,,,912828TY6,,Government Debt,Govt/Inflation,05/14/2022,N
2962983,United States Treas Nts 1.625% 12/15/2022,,,912828YW4,,Government Debt,Govt/Inflation,05/25/2022,N
1076413,United States Treas Nts 1.75% 01/31/2023,,,912828P38,,Government Debt,Govt/Inflation,06/15/2022,N
4394190,United States Treas Nts 1.75% 03/15/2025,,,91282CED9,,Government Debt,Govt/Inflation,11/17/2023,N
580832,United States Treas Nts 1.75% 05/15/2023,,,912828VB3,,Government Debt,Govt/Inflation,06/15/2022,N
2713020,United States Treas Nts 1.75% 06/30/2024,,,9128286Z8,,Government Debt,Govt/Inflation,07/01/2023,N
2746389,United States Treas Nts 1.75% 07/31/2024,,,912828Y87,,Government Debt,Govt/Inflation,06/02/2022,N
975256,United States Treas Nts 1.75% 09/30/2022,,,912828L57,,Government Debt,Govt/Inflation,05/14/2022,N
2976995,United States Treas Nts 1.75% 12/31/2026,,,912828YX2,,Government Debt,Govt/Inflation,07/16/2025,N
4361783,United States Treas Nts 1.875% 02/28/2027,,,91282CEC1,,Government Debt,Govt/Inflation,09/16/2025,N
2714625,United States Treas Nts 1.875% 06/30/2026,,,9128287B0,,Government Debt,Govt/Inflation,05/09/2025,N
1694732,United States Treas Nts 1.875% 08/31/2024,,,9128282U3,,Government Debt,Govt/Inflation,11/01/2023,N
1016051,United States Treas Nts 1.875% 10/31/2022,,,912828M49,,Government Debt,Govt/Inflation,07/09/2022,N
864644,United States Treas Nts 2% 02/15/2025,,,912828J27,,Government Debt,Govt/Inflation,12/23/2023,N
1593053,United States Treas Nts 2% 05/31/2024,,,912828XT2,,Government Debt,Govt/Inflation,02/23/2023,N
1624974,United States Treas Nts 2% 06/30/2024,,,912828XX3,,Government Debt,Govt/Inflation,08/18/2023,N
952144,United States Treas Nts 2% 08/15/2025,,,912828K74,,Government Debt,Govt/Inflation,07/10/2024,N
1368007,United States Treas Nts 2% 11/15/2026,,,912828U24,,Government Debt,Govt/Inflation,06/13/2025,N
1039614,United States Treas Nts 2% 11/30/2022,,,912828M80,,Government Debt,Govt/Inflation,07/09/2022,N
1486203,United States Treas Nts 2.125% 02/29/2024,,,912828W48,,Government Debt,Govt/Inflation,03/24/2023,N
1525383,United States Treas Nts 2.125% 03/31/2024,,,912828W71,,Government Debt,Govt/Inflation,03/23/2023,N
1654947,United States Treas Nts 2.125% 07/31/2024,,,9128282N9,,Government Debt,Govt/Inflation,07/01/2023,N
1732983,United States Treas Nts 2.125% 09/30/2024,,,9128282Y5,,Government Debt,Govt/Inflation,09/01/2023,N
1802620,United States Treas Nts 2.125% 11/30/2024,,,9128283J7,,Government Debt,Govt/Inflation,12/23/2023,N
1059670,United States Treas Nts 2.125% 12/31/2022,,,912828N30,,Government Debt,Govt/Inflation,05/14/2022,N
4429092,United States Treas Nts 2.25% 03/31/2024,,,91282CEG2,,Government Debt,Govt/Inflation,03/24/2023,N
2492450,United States Treas Nts 2.25% 03/31/2026,,,9128286L9,,Government Debt,Govt/Inflation,04/16/2025,N
2538644,United States Treas Nts 2.25% 04/30/2024,,,9128286R6,,Government Debt,Govt/Inflation,02/23/2023,N
1769889,United States Treas Nts 2.25% 10/31/2024,,,9128283D0,,Government Debt,Govt/Inflation,12/02/2023,N
1024515,United States Treas Nts 2.25% 11/15/2025,,,912828M56,,Government Debt,Govt/Inflation,11/01/2024,N
1834668,United States Treas Nts 2.25% 12/31/2024,,,9128283P3,,Government Debt,Govt/Inflation,07/16/2024,N
1881598,United States Treas Nts 2.375% 01/31/2023,,,9128283U2,,Government Debt,Govt/Inflation,05/25/2022,N
1575813,United States Treas Nts 2.375% 05/15/2027,,,912828X88,,Government Debt,Govt/Inflation,03/20/2024,N
1883697,United States Treas Nts 2.5% 01/31/2025,,,9128283V0,,Government Debt,Govt/Inflation,12/14/2023,N
1963756,United States Treas Nts 2.5% 03/31/2023,,,9128284D9,,Government Debt,Govt/Inflation,05/14/2022,N
4429425,United States Treas Nts 2.5% 03/31/2027,,,91282CEF4,,Government Debt,Govt/Inflation,03/20/2024,N
4482612,United States Treas Nts 2.5% 04/30/2024,,,91282CEK3,,Government Debt,Govt/Inflation,04/18/2023,N
732610,United States Treas Nts 2.5% 05/15/2024,,,912828WJ5,,Government Debt,Govt/Inflation,04/28/2023,N
4538388,United States Treas Nts 2.5% 05/31/2024,,,91282CER8,,Government Debt,Govt/Inflation,07/01/2023,N
1965812,United States Treas Nts 2.625% 03/31/2025,,,9128284F4,,Government Debt,Govt/Inflation,04/16/2024,N
4455239,United States Treas Nts 2.625% 04/15/2025,,,91282CEH0,,Government Debt,Govt/Inflation,08/25/2022,N
2094406,United States Treas Nts 2.625% 06/30/2023,,,9128284U1,,Government Debt,Govt/Inflation,06/15/2022,N
4485771,United States Treas Nts 2.75% 04/30/2027,,,91282CEN7,,Government Debt,Govt/Inflation,06/17/2025,N
4511491,United States Treas Nts 2.75% 05/15/2025,,,91282CEQ0,,Government Debt,Govt/Inflation,11/08/2023,N
4664173,United States Treas Nts 2.75% 07/31/2027,,,91282CFB2,,Government Debt,Govt/Inflation,08/08/2025,N
2042478,United States Treas Nts 2.875% 05/31/2025,,,9128284R8,,Government Debt,Govt/Inflation,01/05/2024,N
4561566,United States Treas Nts 2.875% 06/15/2025,,,91282CEU1,,Government Debt,Govt/Inflation,12/21/2023,N
2155389,United States Treas Nts 2.875% 08/15/2028,,,9128284V9,,Government Debt,Govt/Inflation,06/17/2025,N
4601522,United States Treas Nts 3% 06/30/2024,,,91282CEX5,,Government Debt,Govt/Inflation,12/01/2023,N
4629315,United States Treas Nts 3% 07/15/2025,,,91282CEY3,,Government Debt,Govt/Inflation,02/16/2024,N
4687078,United States Treas Nts 3.125% 08/15/2025,,,91282CFE6,,Government Debt,Govt/Inflation,03/16/2024,N
7707818,United States Treas Nts 3.375% 11/30/2027,,,91282CPL9,,Government Debt,Govt/Inflation,02/19/2026,N
4738187,United States Treas Nts 3.5% 09/15/2025,,,91282CFK2,,Government Debt,Govt/Inflation,11/08/2023,N
6448944,United States Treas Nts 3.5% 09/30/2026,,,91282CLP4,,Government Debt,Govt/Inflation,07/10/2025,N
7481989,United States Treas Nts 3.5% 09/30/2027,,,91282CPB1,,Government Debt,Govt/Inflation,11/18/2025,N
7603385,United States Treas Nts 3.5% 10/31/2027,,,91282CPE5,,Government Debt,Govt/Inflation,02/12/2026,N
5275461,United States Treas Nts 3.625% 05/15/2026,,,91282CHB0,,Government Debt,Govt/Inflation,06/16/2025,N
5229685,United States Treas Nts 3.75% 04/15/2026,,,91282CGV7,,Government Debt,Govt/Inflation,01/11/2025,N
6967428,United States Treas Nts 3.75% 04/30/2027,,,91282CMY4,,Government Debt,Govt/Inflation,06/13/2025,N
6355234,United States Treas Nts 3.75% 08/15/2027,,,91282CLG4,,Government Debt,Govt/Inflation,09/20/2025,N
5016681,United States Treas Nts 3.875% 01/15/2026,,,91282CGE5,,Government Debt,Govt/Inflation,11/08/2023,N
5253879,United States Treas Nts 3.875% 04/30/2025,,,91282CGX3,,Government Debt,Govt/Inflation,04/12/2024,N
7085508,United States Treas Nts 3.875% 05/31/2027,,,91282CNE7,,Government Debt,Govt/Inflation,07/11/2025,N
7228161,United States Treas Nts 3.875% 07/31/2027,,,91282CNP2,,Government Debt,Govt/Inflation,10/01/2025,N
5940272,United States Treas Nts 4% 01/15/2027,,,91282CJT9,,Government Debt,Govt/Inflation,03/20/2024,N
5078287,United States Treas Nts 4% 02/15/2026,,,91282CGL9,,Government Debt,Govt/Inflation,04/16/2024,N
4949536,United States Treas Nts 4% 12/15/2025,,,91282CGA3,,Government Debt,Govt/Inflation,07/16/2024,N
6760454,United States Treas Nts 4.125% 01/31/2027,,,91282CMH1,,Government Debt,Govt/Inflation,03/19/2025,N
5997527,United States Treas Nts 4.125% 02/15/2027,,,91282CKA8,,Government Debt,Govt/Inflation,07/10/2025,N
5332672,United States Treas Nts 4.125% 06/15/2026,,,91282CHH7,,Government Debt,Govt/Inflation,05/10/2025,N
5964784,United States Treas Nts 4.25% 01/31/2026,,,91282CJV4,,Government Debt,Govt/Inflation,09/03/2025,N
6057123,United States Treas Nts 4.25% 03/15/2027,,,91282CKE0,,Government Debt,Govt/Inflation,07/10/2025,N
4766859,United States Treas Nts 4.25% 09/30/2024,,,91282CFN6,,Government Debt,Govt/Inflation,01/21/2023,N
4805793,United States Treas Nts 4.25% 10/15/2025,,,91282CFP1,,Government Debt,Govt/Inflation,05/07/2024,N
6568153,United States Treas Nts 4.25% 11/30/2026,,,91282CLY5,,Government Debt,Govt/Inflation,04/11/2025,N
4986404,United States Treas Nts 4.25% 12/31/2024,,,91282CGD7,,Government Debt,Govt/Inflation,01/21/2023,N
5922229,United States Treas Nts 4.25% 12/31/2025,,,91282CJS1,,Government Debt,Govt/Inflation,01/30/2025,N
5901110,United States Treas Nts 4.375% 12/15/2026,,,91282CJP7,,Government Debt,Govt/Inflation,06/06/2025,N
6079546,United States Treas Nts 4.5% 03/31/2026,,,91282CKH3,,Government Debt,Govt/Inflation,10/17/2024,N
6108348,United States Treas Nts 4.5% 04/15/2027,,,91282CKJ9,,Government Debt,Govt/Inflation,07/10/2025,N
5560467,United States Treas Nts 4.5% 07/15/2026,,,91282CHM6,,Government Debt,Govt/Inflation,03/20/2024,N
4851605,United States Treas Nts 4.5% 11/15/2025,,,91282CFW6,,Government Debt,Govt/Inflation,11/08/2023,N
5142771,United States Treas Nts 4.625% 03/15/2026,,,91282CGR6,,Government Debt,Govt/Inflation,11/08/2023,N
6220448,United States Treas Nts 4.625% 06/15/2027,,,91282CKV2,,Government Debt,Govt/Inflation,08/07/2025,N
6251457,United States Treas Nts 4.625% 06/30/2026,,,91282CKY6,,Government Debt,Govt/Inflation,08/23/2024,N
5843327,United States Treas Nts 4.625% 11/15/2026,,,91282CJK8,,Government Debt,Govt/Inflation,03/20/2024,N
5579835,United States Treas Nts 4.75% 07/31/2025,,,91282CHN4,,Government Debt,Govt/Inflation,08/23/2024,N
5876219,United States Treas Nts 4.875% 11/30/2025,,,91282CJL6,,Government Debt,Govt/Inflation,12/21/2023,N
5746925,United States Treas Nts 5% 09/30/2025,,,91282CJB8,,Government Debt,Govt/Inflation,10/04/2023,N
185138,United Sts Lime & Minerals Inc Com,,USLM,911922102,,Equities,Small Cap,09/17/2024,N
4250947,United Sts Oil Fd Lp Put Opt 01/22 54.5 Put,,,,USO   220107P00054500,Alternative Assets,Commodities,12/28/2021,N
4248996,United Sts Oil Fd Lp Put Opt 12/21 52.0 Put,,,,USO   211231P00052000,Alternative Assets,Commodities,12/24/2021,N
1863,United Therapeutics Corp Del Com,,UTHR,91307C102,,Equities,Mid Cap,09/17/2024,N
941883,Unitedhealth Group Inc 4.75% 07/15/2045,,,91324PCR1,,Debt,Corporate Bonds,10/04/2025,N
877,Unitedhealth Group Inc Com,,UNH,91324P102,US91324P1021,Equities,Large Cap,06/28/2022,N
901639,Uniti Group Llc Com Shs,,UNIT,91325V108,,Alternative Assets,REITs,11/23/2024,N
31613,Unitil Corp Com,,UTL,913259107,,Equities,Small Cap,12/24/2024,N
328417,Unity Bancorp Inc Com,,UNTY,913290102,,Equities,Small Cap,09/17/2024,N
89211,Unity Software Inc Com,,U,91332U101,,Equities,International,06/28/2022,N
1757,Universal Corp Va Mtns Bk Ent Com,,UVV,913456109,,Equities,Small Cap,11/23/2024,N
62011,Universal Display Corp Com,,OLED,91347P105,,Equities,Small Cap,09/17/2024,N
1192,Universal Health Rlty Income Sh Ben Int,,UHT,91359E105,,Equities,Small Cap,05/17/2025,N
9839,Universal Hlth Svcs Inc Cl B,,UHS,913903100,,Equities,Mid Cap,06/28/2022,N
154580,Universal Ins Hldgs Inc Com,,UVE,91359V107,,Equities,Small Cap,09/17/2024,N
1877,Universal Logistics Hldgs Inc Com,,ULH,91388P105,,Equities,Small Cap,11/23/2024,N
29322,Universal Stainless & Alloy Pr Com,,USAP,913837100,,Equities,Small Cap,09/17/2024,N
13380,Universal Technical Inst Inc Com,,UTI,913915104,,Equities,Small Cap,09/17/2024,N
1037246,University Calif Revs 3.625% 05/15/2042,,,91412GWF8,,Debt,Municipal Bonds,12/17/2022,N
83789,Univest Financial Corporation Com,,UVSP,915271100,,Equities,Small Cap,09/17/2024,N
7108665,Unsettled Value,,,,UNSETTLED VALUE,Unclassified,Unclassified,08/23/2025,N
144,Unum Group Com,,UNM,91529Y106,,Equities,Mid Cap,09/17/2024,N
8448,Upbound Group Inc Com,,UPBD,76009N100,,Equities,Small Cap,09/17/2024,N
3598735,Upstart Hldgs Inc Com,,UPST,91680M107,,Equities,Mid Cap,09/17/2024,N
6486877,Upstream Bio Inc Com,,UPB,91678A107,,Equities,Small Cap,01/24/2025,N
2212961,Upwork Inc Com,,UPWK,91688F104,,Equities,Small Cap,09/17/2024,N
221993,Ur-Energy Inc Com,,URG,91688R108,,Equities,International,12/24/2024,N
93934,Uranium Energy Corp Com,,UEC,916896103,,Equities,Small Cap,09/17/2024,N
850281,Urban Edge Pptys Com,,UE,91704F104,,Alternative Assets,REITs,05/23/2025,N
2228,Urban Outfitters Inc Com,,URBN,917047102,,Equities,Small Cap,09/17/2024,N
1569620,Urogen Pharma Ltd Com,,URGN,M96088105,,Equities,International,09/17/2024,N
1580,Us Bancorp Com New,,USB,902973304,,Equities,Large Cap,06/28/2022,N
1194235,Us Foods Hldg Corp Com,,USFD,912008109,,Equities,Mid Cap,09/17/2024,N
5273704,Us Goldmining Inc Com,,USGO,90291W108,,Equities,Large Cap,11/26/2025,N
6874517,Usa Rare Earth Inc Com,,USAR,91733P107,,Equities,Small Cap,11/26/2025,N
696322,Usa Today Co Inc Com,,TDAY,36472T109,,Equities,Small Cap,09/17/2024,N
6564,Usana Health Sciences Inc Com,,USNA,90328M107,,Equities,Small Cap,11/23/2024,N
3969313,Uscb Financial Holdings Inc Class A Com,,USCB,90355N101,,Equities,Small Cap,11/27/2024,N
35067,Utah Med Prods Inc Com,,UTMD,917488108,,Equities,Small Cap,09/17/2024,N
3354006,Utz Brands Inc Com Cl A,,UTZ,918090101,,Equities,Small Cap,09/17/2024,N
3401387,Uwm Holdings Corporation Com Cl A,,UWMC,91823B109,,Equities,Small Cap,09/24/2024,N
2112,V F Corp Com,,VFC,918204108,,Equities,Small Cap,09/17/2024,N
797937,V2X Inc Com,,VVX,92242T101,,Equities,Small Cap,09/17/2024,N
52860,Vaalco Energy Inc Com New,,EGY,91851C201,,Equities,Small Cap,12/24/2024,N
4218492,Vacasa Inc Cl A New,,VCSA,91854V107,,Equities,Small Cap,03/08/2025,N
8028404,Vadel Phramace Common Stock Contra,,AVDL.CVR,G29CVR019,,Equities,International,02/14/2026,N
12022,Vail Resorts Inc Com,,MTN,91879Q109,,Equities,Small Cap,09/24/2024,N
3835148,Valaris Ltd Cl A,,VAL,G9460G101,,Equities,International,09/24/2024,N
179501,Valero Energy Corp 6.625% 06/15/2037,,,91913YAL4,,Debt,Corporate Bonds,10/04/2025,N
2007,Valero Energy Corp Com,,VLO,91913Y100,,Equities,Large Cap,06/28/2022,N
53386,Valhi Inc New Com,,VHI,918905209,,Equities,Small Cap,11/27/2024,N
3265,Valley Natl Bancorp Com,,VLY,919794107,,Equities,Small Cap,09/24/2024,N
5281,Valmont Inds Inc Com,,VMI,920253101,,Equities,Small Cap,09/17/2024,N
13750,Value Line Inc Com,,VALU,920437100,,Equities,Small Cap,03/12/2025,N
1312574,Valvoline Inc Com,,VVV,92047W101,,Equities,Small Cap,09/24/2024,N
82002,Vanda Pharmaceuticals Inc Com,,VNDA,921659108,,Equities,Small Cap,11/05/2024,N
540120,Vaneck Bdc Income Etf,,BIZD,92189F411,,Equities,Small Cap,12/23/2025,N
4181324,Vaneck Etf Trust Bitcoin Strategy,,XBTF,92189Y303,,Alternative Assets,Alternative Assets,11/25/2021,N
432024,Vaneck Fallen Angel High Yield Bond Etf,,ANGL,92189F437,,Debt,Corporate Bonds,11/11/2021,N
27123,Vaneck Gold Miners Etf,,GDX,92189F106,US92189F1066,Equities,International,12/29/2021,N
597858,Vaneck India Growth Leaders Etf,,GLIN,92189F767,,Equities,Small Cap,02/10/2026,N
746323,Vaneck Merk Gold Etf,,OUNZ,921078101,,Alternative Assets,Precious Metals,09/06/2022,N
427092,Vaneck Oil Services Etf,,OIH,92189H607,,Equities,Mid Cap,10/04/2021,N
42471,Vaneck Semiconductor Etf,,SMH,92189F676,,Equities,Large Cap,07/25/2025,N
11400,Vanguard 500 Index Admiral,,VFIAX,922908710,,Equities,Large Cap,09/01/2022,N
50819,Vanguard Ca Interm-Term Tax-Exempt Inv,,VCAIX,922021308,,Debt,Municipal Bonds,06/14/2022,N
33074,Vanguard Capital Opportunity Adm,,VHCAX,922038500,,Equities,Large Cap,10/15/2022,N
42830,Vanguard Developed Markets Index Admiral,,VTMGX,921943809,,Equities,International,08/24/2022,N
66774,Vanguard Dividend Growth Inv,,VDIGX,921908604,,Equities,Large Cap,09/13/2023,N
33785,Vanguard Emerging Mkts Stock Idx Adm,,VEMAX,922042841,,Equities,Emerging Markets,08/24/2022,N
13905,Vanguard Extended Duration Treasury Etf,,EDV,921910709,,Government Debt,Govt/Inflation,01/07/2022,N
12880,Vanguard Extended Market Index Admiral,,VEXAX,922908694,,Equities,Mid Cap,03/14/2023,N
60771,Vanguard Financials Etf,,VFH,92204A405,,Equities,Large Cap,11/11/2021,N
68522,Vanguard Ftse Developed Markets Etf,,VEA,921943858,,Equities,International,06/25/2022,N
9847,Vanguard Gnma Inv,,VFIIX,922031307,,Government Debt,Govt/Inflation,02/22/2025,N
1215,Vanguard Growth & Income Inv,,VQNPX,921913109,,Equities,Large Cap,02/22/2025,N
41694,Vanguard Growth Etf,,VUG,922908736,,Equities,Large Cap,06/11/2022,N
12788,Vanguard Growth Index Admiral,,VIGAX,922908660,,Equities,Large Cap,05/15/2025,N
22954,Vanguard Health Care Etf,,VHT,92204A504,,Equities,Large Cap,12/24/2021,N
1294,Vanguard Health Care Inv,,VGHCX,921908307,,Equities,Large Cap,02/22/2025,N
12790,Vanguard High-Yield Corporate Adm,,VWEAX,922031760,,Debt,Corporate Bonds,06/11/2022,N
10639,Vanguard Inflation-Protected Secs Adm,,VAIPX,922031737,,Government Debt,Govt/Inflation,10/12/2022,N
23889,Vanguard Information Technology Etf,,VGT,92204A702,,Equities,Large Cap,11/11/2021,N
9672,Vanguard Interm-Term Investment-Grde Adm,,VFIDX,922031810,,Debt,Corporate Bonds,10/15/2022,N
12892,Vanguard Interm-Term Invmt-Grade Inv,,VFICX,922031885,,Debt,Corporate Bonds,05/15/2025,N
60133,Vanguard Interm-Term Treasury Adm,,VFIUX,922031828,,Government Debt,Govt/Inflation,09/13/2023,N
9473,Vanguard Interm-Term Tx-Ex Inv,,VWITX,922907209,,Debt,Municipal Bonds,11/15/2023,N
190137,Vanguard Intermediate-Term Corporate Bond Etf,,VCIT,92206C870,,Debt,Corporate Bonds,11/11/2021,N
214245,Vanguard Intermediate-Term Treasury Etf,,VGIT,92206C706,,Government Debt,Govt/Inflation,01/09/2022,N
12791,Vanguard International Growth Inv,,VWIGX,921910204,,Equities,International,05/15/2025,N
83846,Vanguard Long-Term Treasury Admiral,,VUSUX,922031786,,Government Debt,Govt/Inflation,09/13/2023,N
224851,Vanguard Long-Term Treasury Etf,,VGLT,92206C847,,Government Debt,Govt/Inflation,12/02/2021,N
416396,Vanguard Long-Term Treasury Idx Admiral,,VLGSX,92206C821,,Government Debt,Govt/Inflation,10/12/2022,N
84555,Vanguard Mega Cap Growth Etf,,MGK,921910816,,Equities,Large Cap,12/24/2021,N
81235,Vanguard Mid Cap Index Institutional,,VMCIX,922908835,,Equities,Mid Cap,09/13/2023,N
299398,Vanguard Mid Cap Index Institutionalplus,,VMCPX,922908389,,Equities,Mid Cap,11/10/2025,N
67136,Vanguard Mid-Cap Value Etf,,VOE,922908512,,Equities,Mid Cap,08/11/2022,N
70469,Vanguard Money Market Reserves Csh Rsrvs Admirl,,VMRXX,922906508,,Cash & Equivalents,Money Markets,03/29/2025,N
43998,Vanguard Money Market Reserves Fed Portfolio,,VMFXX,922906300,,Cash & Equivalents,Money Markets,06/11/2025,N
296548,Vanguard Mortgage-Backed Securities Etf,,VMBS,92206C771,,Government Debt,Govt/Inflation,06/11/2022,N
11871,Vanguard Real Estate Etf,,VNQ,922908553,,Alternative Assets,REITs,01/09/2022,N
51487,Vanguard Real Estate Index Admiral,,VGSLX,921908877,,Alternative Assets,REITs,08/24/2022,N
285527,Vanguard Russell 1000 Growth Etf,,VONG,92206C680,,Equities,Large Cap,12/02/2021,N
285528,Vanguard Russell 1000 Value Etf,,VONV,92206C714,,Equities,Large Cap,03/04/2023,N
275162,Vanguard Russell 2000 Etf,,VTWO,92206C664,,Equities,Small Cap,03/04/2023,N
253992,Vanguard S&P 500 Etf,,VOO,922908363,,Equities,Large Cap,12/02/2021,N
82622,Vanguard Short-Term Bond Etf,,BSV,921937827,,Debt,Corporate Bonds,08/11/2022,N
189149,Vanguard Short-Term Corporate Bond Etf,,VCSH,92206C409,,Debt,Corporate Bonds,11/11/2021,N
27257,Vanguard Short-Term Federal Adm,,VSGDX,922031844,,Government Debt,Govt/Inflation,10/12/2022,N
9403,Vanguard Short-Term Investment-Grade Adm,,VFSUX,922031836,,Debt,Corporate Bonds,10/15/2022,N
1458,Vanguard Short-Term Investment-Grade Inv,,VFSTX,922031406,,Debt,Corporate Bonds,08/11/2022,N
66880,Vanguard Short-Term Treasury Adm,,VFIRX,922031851,,Government Debt,Govt/Inflation,09/13/2023,N
530676,Vanguard Shrt-Term Infl-Prot Sec Idx Adm,,VTAPX,922020706,,Debt,Corporate Bonds,10/12/2022,N
632857,Vanguard Shrt-Term Infl-Prot Sec Idx Ins,,VTSPX,922020607,,Debt,Corporate Bonds,04/26/2022,N
46587,Vanguard Small Cap Growth Index Admiral,,VSGAX,921937710,,Equities,Small Cap,11/01/2025,N
370174,Vanguard Small Cap Value Index Admiral,,VSIAX,921937686,,Equities,Small Cap,10/12/2022,N
22132,Vanguard Small-Cap Etf,,VB,922908751,,Equities,Small Cap,11/11/2021,N
41691,Vanguard Small-Cap Growth Etf,,VBK,922908595,,Equities,Small Cap,12/02/2021,N
10343,Vanguard Star Inv,,VGSTX,921909107,,Equities,All Cap,02/22/2025,N
5848,Vanguard Strategic Equity Inv,,VSEQX,922038104,,Equities,Mid Cap,11/15/2023,N
128721,Vanguard Strategic Small-Cap Equity Inv,,VSTCX,922038609,,Equities,Small Cap,10/12/2022,N
4828155,Vanguard Target Retirement 2030 Trust I,,,,F_00532031,Unclassified,Unclassified,10/26/2022,N
4828154,Vanguard Target Retirement 2035 Trust I,,,,F_00532027,Unclassified,Unclassified,10/26/2022,N
50784,Vanguard Target Retirement 2045 Fund,,VTIVX,92202E607,,Equities,All Cap,07/11/2024,N
72887,Vanguard Target Retirement 2050 Fund,,VFIFX,92202E862,,Equities,All Cap,07/11/2024,N
4663476,Vanguard Target Retirement 2070 Fund,,VSVNX,92202E664,,Equities,All Cap,07/30/2025,N
961560,Vanguard Tax-Exempt Bond Etf,,VTEB,922907746,,Debt,Municipal Bonds,06/28/2022,N
52521,Vanguard Total Bond Market Etf,,BND,921937835,,Debt,Corporate Bonds,06/11/2022,N
76403,Vanguard Total Bond Market Index Adm,,VBTLX,921937603,,Debt,Corporate Bonds,08/24/2022,N
588725,Vanguard Total International Bond Etf,,BNDX,92203J407,,Debt,Corporate Bonds,03/20/2025,N
285769,Vanguard Total International Stock Etf,,VXUS,921909768,,Equities,International,12/02/2021,N
589828,Vanguard Total Intl Bd Idx Admiral™,,VTABX,92203J308,,Debt,Corporate Bonds,08/24/2022,N
696560,Vanguard Total Intl Bd Idx Institutional,,VTIFX,92203J209,,Debt,Corporate Bonds,04/23/2022,N
287007,Vanguard Total Intl Stock Index Admiral,,VTIAX,921909818,,Equities,International,10/12/2022,N
10893,Vanguard Total Stock Market Etf,,VTI,922908769,,Equities,Small Cap,06/14/2022,N
12771,Vanguard Total Stock Mkt Idx Adm,,VTSAX,922908728,,Equities,Large Cap,08/24/2022,N
34317,Vanguard Ultra Short-Term Tx-Ex Adm,,VWSUX,922907803,,Debt,Municipal Bonds,12/21/2021,N
14340,Vanguard Us Growth Investor,,VWUSX,921910105,,Equities,Large Cap,02/22/2025,N
11891,Vanguard Value Index Adm,,VVIAX,922908678,,Equities,Large Cap,10/12/2022,N
3929889,Vanguard Vif Equity Index,,,,814121281611795,Equities,Large Cap,03/16/2022,N
9854,Vanguard Wellington Inv,,VWELX,921935102,,Equities,All Cap,11/15/2023,N
13303,Vanguard Windsor Ii Admiral,,VWNAX,922018304,,Equities,Large Cap,02/22/2025,N
1692,Vanguard Windsor Ii Inv,,VWNFX,922018205,,Equities,Large Cap,11/15/2023,N
11910,Vanguard Windsor Investor Shares,,VWNDX,922018106,,Equities,Mid Cap,05/15/2025,N
1459253,Varex Imaging Corp Com,,VREX,92214X106,,Equities,Small Cap,09/17/2024,N
701981,Varonis Sys Inc Com,,VRNS,922280102,,Equities,Small Cap,09/17/2024,N
3238068,Vaxcyte Inc Com,,PCVX,92243G108,,Equities,Small Cap,09/17/2024,N
8524,Veeco Instrs Inc Del Com,,VECO,922417100,,Equities,Small Cap,10/11/2024,N
634962,Veeva Sys Inc Cl A Com,,VEEV,922475108,,Equities,Large Cap,06/28/2022,N
3110702,Velocity Finl Inc Com,,VEL,92262D101,,Equities,Small Cap,01/24/2025,N
1191,Ventas Inc Com,,VTR,92276F100,,Equities,Large Cap,06/28/2022,N
4129240,Ventyx Biosciences Inc Com,,VTYX,92332V107,,Equities,Small Cap,11/05/2024,N
12830,Vera Bradley Inc Com,,VRA,92335C106,,Equities,Small Cap,09/17/2024,N
4350656,Vera Therapeutics Inc Cl A,,VERA,92337R101,,Equities,Small Cap,10/11/2024,N
641219,Veracyte Inc Com,,VCYT,92337F107,,Equities,Small Cap,09/17/2024,N
5749191,Veralto Corp Com Shs,,VLTO,92338C103,,Equities,Large Cap,03/01/2024,N
530580,Verastem Inc Com New,,VSTM,92337C203,,Equities,Small Cap,01/24/2025,N
4135199,Verde Clean Fuels Inc Class A Com,,VGAS,923372106,,Equities,Small Cap,06/26/2025,N
10496,Vericel Corp Com,,VCEL,92346J108,,Equities,Small Cap,11/23/2024,N
11290,Verint Sys Inc Com,,VRNT,92343X100,,Equities,Small Cap,09/17/2024,N
4239,Veris Residential Inc Com,,VRE,554489104,,Equities,Small Cap,11/23/2024,N
563,Verisign Inc Com,,VRSN,92343E102,,Equities,Mid Cap,05/07/2024,N
170864,Verisk Analytics Inc Com,,VRSK,92345Y106,,Equities,Large Cap,06/28/2022,N
802491,Veritex Hldgs Inc Com,,VBTX,923451108,,Equities,Small Cap,09/17/2024,N
807711,Verizon Communications Inc 4.4% 11/01/2034,,,92343VCQ5,,Debt,Corporate Bonds,10/04/2025,N
143,Verizon Communications Inc Com,,VZ,92343V104,,Equities,Large Cap,06/01/2022,N
1561506,Verra Mobility Corp Cl A Com Stk,,VRRM,92511U102,,Equities,Small Cap,11/23/2024,N
2071703,Verrica Pharmaceuticals Inc Com Shs,,VRCA,92511W207,,Equities,Small Cap,04/02/2025,N
7865935,Versant Media Group Inc Com Cl A,,VSNT,925283103,,Equities,Small Cap,01/06/2026,N
8197795,Versigent Plc Ordinary Shares,,VGNT,G9600F104,,To Be Classified,To Be Classified,04/02/2026,N
3307504,Vertex Inc Cl A,,VERX,92538J106,,Equities,Small Cap,09/17/2024,N
13751,Vertex Pharmaceuticals Inc Com,,VRTX,92532F100,,Equities,Large Cap,06/28/2022,N
3041935,Vertiv Holdings Co Com Cl A,,VRT,92537N108,,Equities,Mid Cap,03/01/2024,N
214355,Veru Inc Com New,,VERU,92536C202,,Equities,Small Cap,04/02/2025,N
7232772,Verve Therapeutics Inc,,,925CVR01,,Equities,Small Cap,07/29/2025,N
3906061,Verve Therapeutics Inc Com,,VERV,92539P101,,Equities,Small Cap,09/17/2024,N
5758265,Vestis Corporation Com Shs,,VSTS,29430C102,,Equities,Small Cap,09/17/2024,N
7454312,Via Transn Inc Com Cl A,,VIA,92556W104,,Equities,Small Cap,01/10/2026,N
3702548,Viant Technology Inc Com Cl A,,DSP,92557A101,,Equities,Small Cap,12/24/2024,N
11506,Viasat Inc Com,,VSAT,92552V100,,Equities,Small Cap,09/17/2024,N
3512373,Viatris Inc Com,,VTRS,92556V106,,Equities,Mid Cap,06/28/2022,N
1502,Viavi Solutions Inc Com,,VIAV,925550105,,Equities,Small Cap,11/23/2024,N
1745972,Vici Pptys Inc Com,,VICI,925652109,,Alternative Assets,REITs,06/28/2022,N
8525,Vicor Corp Com,,VICR,925815102,,Equities,Small Cap,09/17/2024,N
3983434,Victorias Secret And Co Common Stock,,VSCO,926400102,,Equities,Small Cap,09/17/2024,N
1899491,Victory Cap Hldgs Inc Del Com Cl A,,VCTR,92645B103,,Equities,Small Cap,11/05/2024,N
344905,Victory Pioneer Multi-Asset Ult Inc A,,MAFRX,92648H503,,Debt,Corporate Bonds,12/20/2022,N
831251,Victory Sycamore Established Value R6,,VEVRX,92646A427,,Equities,Mid Cap,11/18/2022,N
1832459,Viemed Healthcare Inc Com,,VMD,92663R105,,Equities,International,01/24/2025,N
6150662,Viking Holdings Ltd Ord Shs,,VIK,G93A5A101,,Equities,International,08/21/2025,N
1059762,Viking Therapeutics Inc Com,,VKTX,92686J106,,Equities,Small Cap,09/17/2024,N
92869,Village Super Mkt Inc Cl A New,,VLGEA,927107409,,Equities,Small Cap,11/23/2024,N
3868215,Vimeo Inc Common Stock,,VMEO,92719V100,,Equities,Mid Cap,05/04/2024,N
749785,Viper Energy Inc Cl A,,VNOM,64361Q101,,Equities,Small Cap,09/24/2024,N
2849777,Vir Biotechnology Inc Com,,VIR,92764N102,,Equities,Small Cap,09/17/2024,N
54741,Virco Mfg Co Com,,VIRC,927651109,,Equities,Small Cap,09/17/2024,N
1819954,Virgin Galactic Holdings Inc Com New,,SPCE,92766K403,,Equities,Small Cap,06/28/2022,N
412725,Virginia Natl Bk Chrlotsvle Va Com,,VABK,928031103,,Equities,Small Cap,11/27/2024,N
4472048,Virginia St Pub Bldg Auth Pub 5% 08/01/2033,,,928173AL7,,Debt,Municipal Bonds,10/21/2025,N
3662323,Viridian Therapeutics Inc Com,,VRDN,92790C104,,Equities,Small Cap,10/11/2024,N
1925846,Virtra Inc Com Par,,VTSI,92827K301,,Equities,Small Cap,01/24/2025,N
895928,Virtu Finl Inc Cl A,,VIRT,928254101,,Equities,Small Cap,09/17/2024,N
287344,Virtus Alphasimplex Mgd Futs Strat A,,AMFAX,92835M448,,Alternative Assets,Long-Short,01/15/2025,N
875,Virtus Invt Partners Inc Com,,VRTS,92828Q109,,Equities,Small Cap,09/17/2024,N
869223,Virtus Kar Mid-Cap Core I,,VIMCX,92828N130,,Equities,Mid Cap,08/10/2022,N
365200,Virtus Kar Small-Cap Growth I,,PXSGX,92828N593,,Equities,Small Cap,09/03/2022,N
3888,Visa Inc Com Cl A,,V,92826C839,,Equities,Large Cap,06/28/2022,N
2635,Vishay Intertechnology Inc Com,,VSH,928298108,,Equities,Small Cap,09/24/2024,N
224562,Vishay Precision Group Inc Com,,VPG,92835K103,,Equities,Small Cap,11/27/2024,N
862762,Vista Outdoor Inc Com,,VSTO,928377100,,Equities,Small Cap,09/17/2024,N
257006,Vistance Networks Inc Com,,VISN,20337X109,,Equities,Small Cap,09/17/2024,N
6883713,Vistashares Target 15 Berkshire Select Income Etf,,OMAH,45259A514,,Equities,Large Cap,12/23/2025,N
135975,Visteon Corp Com New,,VC,92839U206,,Equities,Small Cap,09/24/2024,N
1323311,Vistra Corp Com,,VST,92840M102,,Equities,Mid Cap,06/28/2022,N
4129808,Vita Coco Co Inc Com,,COCO,92846Q107,,Equities,Small Cap,09/17/2024,N
384597,Vital Energy Inc Com,,VTLE,516806205,,Equities,Small Cap,11/23/2024,N
3311817,Vital Farms Inc Com,,VITL,92847W103,,Equities,Small Cap,11/23/2024,N
5023479,Vitesse Energy Inc Common Stock,,VTS,92852X103,,Equities,Small Cap,11/23/2024,N
4122793,Vivid Seats Inc Com Cl A,,SEAT,92854T209,,Equities,Small Cap,09/17/2024,N
3772917,Vizio Hldg Corp Cl A Com,,VZIO,92858V101,,Equities,Small Cap,09/17/2024,N
66428,Vmware Llc Cl A Com,,VMW,928563402,,Equities,Large Cap,01/29/2022,N
916,Vodafone Group Plc Sponsored Adr,,VOD,92857W308,,Equities,International,08/15/2025,N
3428644,Vontier Corporation Com,,VNT,928881101,,Equities,Small Cap,09/17/2024,N
2354,Vornado Rlty Tr Sh Ben Int,,VNO,929042109,,Equities,Small Cap,05/08/2025,N
5331090,Vortex Energy Corp Com New,,VTECD,92905D203,,Equities,International,04/01/2025,N
3868021,Vox Royalty Corp Com,,VOXR,92919F103,,Equities,International,08/09/2025,N
569997,Voya Financial Inc Com,,VOYA,929089100,,Equities,Small Cap,09/17/2024,N
7117994,Voyager Technologies Inc Com Cl A,,VOYG,92892B103,,Equities,Small Cap,11/07/2025,N
1042113,Voyager Therapeutics Inc Com,,VYGR,92915B106,,Equities,Small Cap,11/23/2024,N
6736751,Vroom Inc Com New,,VRM,92918V307,,Equities,Mid Cap,08/09/2025,N
68071,Vse Corp Com,,VSEC,918284100,,Equities,Small Cap,09/17/2024,N
3959766,Vtex Shs Cl A,,VTEX,G9470A102,,Equities,International,08/14/2025,N
10670,Vulcan Matls Co Com,,VMC,929160109,,Equities,Large Cap,12/27/2023,N
717066,Vuzix Corp Com New,,VUZI,92921W300,,Equities,Small Cap,02/19/2026,N
5286,W & T Offshore Inc Com,,WTI,92922P106,,Equities,Small Cap,03/08/2025,N
1865,Wabash Natl Corp Com,,WNC,929566107,,Equities,Small Cap,11/05/2024,N
2782,Wabtec Com,,WAB,929740108,,Equities,Mid Cap,06/28/2022,N
405644,Wafd Inc Com,,WAFD,938824109,,Equities,Small Cap,09/17/2024,N
4705752,Wag Group Co Common Stock,,PETXQ,93042P109,,Equities,Small Cap,08/08/2024,N
3852810,Waldencast Plc Class A Ord Shs,,WALD,G9503X103,,Equities,International,01/24/2025,N
2425,Walgreens Boots Alliance Inc Com,,WBA,931427108,,Equities,Large Cap,06/28/2022,N
342392,Walker & Dunlop Inc Com,,WD,93148P102,,Equities,Small Cap,09/17/2024,N
698,Walmart Inc Com,,WMT,931142103,,Equities,Large Cap,06/01/2022,N
4075791,Warby Parker Inc Cl A Com,,WRBY,93403J106,,Equities,Small Cap,09/17/2024,N
2016,Warner Bros Discovery Inc Com Ser A,,WBD,934423104,,Equities,Large Cap,06/01/2022,N
7796802,Warner Bros Discoveryxxx Submitted For Cash Exp: 01/08/2026,,,93499130,,Equities,Large Cap,01/17/2026,N
3222641,Warner Music Group Corp Com Cl A,,WMG,934550203,,Equities,Mid Cap,03/01/2024,N
1547723,Warrior Met Coal Inc Com,,HCC,93627C101,,Equities,Small Cap,11/05/2024,N
22194,Wasatch-Hoisington Us Treasury,,WHOSX,936772300,,Government Debt,Govt/Inflation,12/02/2021,N
93584,Washington Tr Bancorp Inc Com,,WASH,940610108,,Equities,Small Cap,09/17/2024,N
1866,Waste Connections Inc Com,,WCN,94106B101,,Equities,International,06/28/2022,N
108349,Waste Mgmt Inc Del Com,,WM,94106L109,,Equities,Large Cap,12/27/2023,N
12698,Waters Corp Com,,WAT,941848103,,Equities,Mid Cap,06/28/2022,N
523959,Waterstone Finl Inc Md Com,,WSBF,94188P101,,Equities,Small Cap,01/24/2025,N
11292,Watsco Inc Com,,WSO,942622200,,Equities,Mid Cap,10/17/2024,N
2473,Watts Water Technologies Inc Cl A,,WTS,942749102,,Equities,Small Cap,09/24/2024,N
1024939,Wave Life Sciences Ltd Shs,,WVE,Y95308105,,Equities,International,09/17/2024,N
799789,Wayfair Inc Cl A,,W,94419L101,,Equities,Small Cap,09/17/2024,N
6217443,Waystar Hldg Corp Com,,WAY,946784105,,Equities,Small Cap,12/24/2024,N
49194,Wd 40 Co Com,,WDFC,929236107,,Equities,Small Cap,01/24/2025,N
7784466,Wealthfront Corp Com,,WLTH,947002101,,To Be Classified,To Be Classified,04/03/2026,N
1210948,Weatherford Intl Plc Ord Shs,,WFRD,G48833118,,Equities,International,09/17/2024,N
4175639,Weave Communications Inc Com,,WEAV,94724R108,,Equities,Small Cap,09/17/2024,N
1777,Webster Finl Corp Com,,WBS,947890109,,Equities,Small Cap,09/24/2024,N
6256059,Webtoon Entmt Inc Com,,WBTN,94845U105,,Equities,Small Cap,01/24/2025,N
4702444,Webull Corp Ord Shs,,BULL,G9572D103,,Equities,International,01/10/2026,N
973,Wec Energy Group Inc Com,,WEC,92939U106,,Equities,Large Cap,06/28/2022,N
5284,Weis Mkts Inc Com,,WMK,948849104,,Equities,Small Cap,11/23/2024,N
1011565,Wells Fargo & Co 4.65% 11/04/2044,,,94974BGE4,,Debt,Corporate Bonds,10/04/2025,N
664,Wells Fargo & Co Com,,WFC,949746101,,Equities,Large Cap,06/28/2022,N
2475,Welltower Inc Com,,WELL,95040Q104,,Equities,Large Cap,12/27/2023,N
3894,Wendys Co Com,,WEN,95058W100,,Equities,Small Cap,09/17/2024,N
3831609,Werewolf Therapeutics Inc Com,,HOWL,95075A107,,Equities,Small Cap,02/15/2025,N
28624,Werner Enterprises Inc Com,,WERN,950755108,,Equities,Small Cap,09/17/2024,N
4486,Wesbanco Inc Com,,WSBC,950810101,,Equities,Small Cap,11/23/2024,N
6565,Wesco Intl Inc Com,,WCC,95082P105,,Equities,Small Cap,09/17/2024,N
131914,West Bancorporation Inc Cap Stk,,WTBA,95123P106,,Equities,Small Cap,01/24/2025,N
4635514,West Contra Costa Calif Uni Sc 3.125% 08/01/2034,,,952347L42,,Debt,Municipal Bonds,12/17/2022,N
105978,West Fraser Timber Ltd Com,,WFG,952845105,,Equities,International,11/21/2025,N
5285,West Pharmaceutical Svsc Inc Com,,WST,955306105,,Equities,Mid Cap,12/27/2023,N
6766,Westamerica Bancorporation Com,,WABC,957090103,,Equities,Small Cap,09/17/2024,N
12017,Western Alliance Bancorp Com,,WAL,957638109,,Equities,Small Cap,09/17/2024,N
29418,Western Asset High Incom Fd Ii Com,,HIX,95766J102,,Debt,Corporate Bonds,12/23/2025,N
5045,Western Digital Corp Com,,WDC,958102105,,Equities,Mid Cap,06/28/2022,N
498938,Western Midstream Partners Lp Com Unit Lp Int,,WES,958669103,,Equities,Small Cap,10/21/2025,N
1344940,Western New Eng Bancorp Inc Com,,WNEB,958892101,,Equities,Small Cap,07/23/2025,N
26430,Western Un Co Com,,WU,959802109,,Equities,Small Cap,09/17/2024,N
34425,Westlake Corporation Com,,WLK,960413102,,Equities,Mid Cap,06/28/2022,N
932235,Westrock Co Shs,,WRK,96145D105,,Equities,Mid Cap,06/28/2022,N
4715184,Westrock Coffee Co Com,,WEST,96145W103,,Equities,Small Cap,01/24/2025,N
62106,Westwood Hldgs Group Inc Com,,WHG,961765104,,Equities,Small Cap,07/23/2025,N
485690,Wex Inc Com,,WEX,96208T104,,Equities,Small Cap,09/24/2024,N
57255,Weyco Group Inc Com,,WEYS,962149100,,Equities,Small Cap,09/17/2024,N
1891,Weyerhaeuser Co Com New,,WY,962166104,,Equities,Large Cap,01/29/2022,N
3653680,Wheels Up Experience Inc Com Cl A,,UP,96328L205,,Equities,Small Cap,10/04/2021,N
1769,Whirlpool Corp Com,,WHR,963320106,,Equities,Mid Cap,06/28/2022,N
4969,White Mtns Ins Group Ltd Com,,WTM,G9618E107,,Equities,International,10/17/2024,N
7299842,Whitefiber Inc Shs,,WYFI,G96115103,,Equities,International,03/21/2026,N
255571,Whitestone Reit Com,,WSR,966084204,,Equities,Small Cap,05/17/2025,N
1590769,Wideopenwest Inc Com,,WOW,96758W101,,Equities,Small Cap,12/24/2024,N
12020,Wiley John & Sons Inc Cl A,,WLY,968223206,,Equities,Small Cap,11/23/2024,N
768576,Willdan Group Inc Com,,WLDN,96924N100,,Equities,Small Cap,09/17/2024,N
7161082,Williams Cos Inc 5.3% 09/30/2035,,,969457CS7,,Debt,Corporate Bonds,10/04/2025,N
7357,Williams Cos Inc Com,,WMB,969457100,,Equities,Large Cap,06/28/2022,N
108,Williams Sonoma Inc Com,,WSM,969904101,,Equities,Mid Cap,03/22/2023,N
24952,Willis Lease Fin Corp Com,,WLFC,970646105,,Equities,Small Cap,12/24/2024,N
1064683,Willis Towers Watson Plc Ltd Shs,,WTW,G96629103,,Equities,International,12/27/2023,N
1831937,Willscot Hldgs Corp Com Cl A,,WSC,971378104,,Equities,Small Cap,09/24/2024,N
923055,Wingstop Inc Com,,WING,974155103,,Equities,Mid Cap,09/17/2024,N
378089,Winmark Corp Com,,WINA,974250102,,Equities,Small Cap,09/17/2024,N
6767,Winnebago Inds Inc Com,,WGO,974637100,,Equities,Small Cap,01/24/2025,N
24930,Wintrust Finl Corp Com,,WTFC,97650W108,,Equities,Small Cap,09/17/2024,N
80732,Wisdomtree Emerging Markets Smallcap Dividend Fund,,DGS,97717W281,,Equities,Emerging Markets,06/18/2024,N
60405,Wisdomtree Inc Com,,WT,97717P104,,Equities,Small Cap,11/23/2024,N
4060064,Wisdomtree International Efficient Core Fund,,NTSI,97717Y634,,Alternative Assets,Alternative Assets,01/15/2025,N
59806,Wisdomtree International Equity Fund,,DWM,97717W703,,Equities,International,06/14/2022,N
51425,Wisdomtree International High Dividend Fund,,DTH,97717W802,,Equities,International,04/29/2022,N
51427,Wisdomtree International Smallcap Dividend Fund,,DLS,97717W760,,Equities,International,08/11/2022,N
2182832,Wisdomtree U.S. Efficient Core Fund,,NTSX,97717Y790,,Alternative Assets,Alternative Assets,01/15/2025,N
644634,Wix Com Ltd Shs,,WIX,M98068105,,Equities,International,08/15/2025,N
5758258,Wk Kellogg Co Com Shs,,KLG,92942W107,,Equities,Small Cap,09/17/2024,N
2886739,Wm Technology Inc Com,,MAPS,92971A109,,Equities,Small Cap,01/24/2025,N
167266,Wns Hldgs Ltd Com Shs,,WNS,G98196101,,Equities,International,12/24/2024,N
8220,Wolfspeed Inc Com,,WOLF,97785W106,,Equities,Mid Cap,12/21/2021,N
10550,Wolverine World Wide Inc Com,,WWW,978097103,,Equities,Small Cap,09/17/2024,N
7210,Woodward Inc Com,,WWD,980745103,,Equities,Small Cap,09/17/2024,N
481377,Workday Inc Cl A,,WDAY,98138H101,,Equities,Large Cap,06/28/2022,N
831305,Workiva Inc Com Cl A,,WK,98139A105,,Equities,Small Cap,09/17/2024,N
12144,World Accep Corporation Com,,WRLD,981419104,,Equities,Small Cap,11/23/2024,N
5263,World Kinect Corporation Com,,WKC,981475106,,Equities,Small Cap,12/24/2024,N
122,Worthington Enterprises Inc Com,,WOR,981811102,,Equities,Small Cap,11/23/2024,N
5885626,Worthington Stl Inc Com Shs,,WS,982104101,,Equities,Small Cap,09/17/2024,N
474643,Wp Carey Inc Com,,WPC,92936U109,,Equities,Mid Cap,02/01/2022,N
2161672,Wrap Technologies Inc Com,,WRAP,98212N107,,Equities,Small Cap,02/19/2025,N
51068,Wsfs Finl Corp Com,,WSFS,929328102,,Equities,Small Cap,11/05/2024,N
5059,Ww Grainger Inc Com,,GWW,384802104,,Equities,Mid Cap,06/28/2022,N
2037213,Wyndham Hotels & Resorts Inc Com,,WH,98311A105,,Equities,Small Cap,09/17/2024,N
1016,Wynn Resorts Ltd Com,,WYNN,983134107,,Equities,Small Cap,09/17/2024,N
1804052,X4 Pharmaceuticals Inc Com New,,XFOR,98420X202,,Equities,Small Cap,09/17/2024,N
894126,Xbiotech Inc Com,,XBIT,98400H102,,Equities,International,01/24/2025,N
1583,Xcel Energy Inc Com,,XEL,98389B100,,Equities,Large Cap,06/28/2022,N
7115112,Xcf Global Inc Com Cl A,,SAFX,98400U103,,Equities,Small Cap,11/08/2025,N
697177,Xencor Inc Com,,XNCR,98401F105,,Equities,Small Cap,11/05/2024,N
859990,Xenia Hotels & Resorts Inc Com,,XHR,984017103,,Alternative Assets,REITs,04/26/2025,N
813757,Xenon Pharmaceuticals Inc Com,,XENE,98420N105,,Equities,International,09/17/2024,N
2088303,Xeris Biopharma Holdings Inc Com,,XERS,98422E103,,Equities,Small Cap,09/17/2024,N
3098,Xerox Holdings Corp Com New,,XRX,98421M106,,Equities,Small Cap,11/15/2023,N
8018067,Xerox Holdings Corp Wt Exp 021128,,XRXDW,98421M114,,Equities,Small Cap,02/13/2026,N
2201660,Xiaomi Corp Unsponsored Ads,,XIACY,98421U108,,Equities,International,05/07/2025,N
797,Xoma Royalty Corporation Com New,,XOMA,98419J206,,Equities,Small Cap,01/24/2025,N
3926986,Xometry Inc Class A Com,,XMTR,98423F109,,Equities,Small Cap,11/05/2024,N
2957528,Xp Inc Cl A,,XP,G98239109,,Equities,International,09/17/2024,N
2739785,Xpel Inc Com,,XPEL,98379L100,,Equities,Small Cap,11/23/2024,N
4785622,Xperi Inc Common Stock,,XPER,98423J101,,Equities,Small Cap,12/24/2024,N
756128,Xplr Infrastructure Lp Com Unit Part In,,XIFR,65341B106,,Equities,Small Cap,10/21/2025,N
103858,Xpo Inc Com,,XPO,983793100,,Equities,Mid Cap,09/17/2024,N
3969284,Xponential Fitness Inc Com Cl A,,XPOF,98422X101,,Equities,Small Cap,11/05/2024,N
6059866,Xti Aerospace Inc Com New,,XTIA,98423K405,,Equities,Small Cap,07/30/2025,N
1578531,Xtrackers Usd High Yield Corporate Bond Etf,,HYLB,233051432,,Debt,Corporate Bonds,11/11/2021,N
367324,Xylem Inc Com,,XYL,98419M100,,Equities,Mid Cap,06/28/2022,N
2213373,Y-Mabs Therapeutics Inc Com,,YMAB,984241109,,Equities,Small Cap,09/17/2024,N
7440005,Y-Mabs Therapeutics Ixxx Submitted For Cash Exp: 09/15/2025,,,98499636,,Equities,Small Cap,09/11/2025,N
409183,Yelp Inc Cl A,,YELP,985817105,,Equities,Small Cap,12/27/2024,N
2243939,Yeti Hldgs Inc Com,,YETI,98585X104,,Equities,Small Cap,10/17/2024,N
1546427,Yext Inc Com,,YEXT,98585N106,,Equities,Small Cap,09/17/2024,N
5649754,Yieldmax Coin Option Income Strategy Etf,,CONY,88636X856,,Equities,Large Cap,12/23/2025,N
5984723,Yieldmax Magnificent 7 Fund Of Option Income Etfs,,YMAG,88636J642,,Equities,Large Cap,12/23/2025,N
6031282,Yieldmax Mstr Option Income Strategy Etf,,MSTY,88636X732,,Equities,Mid Cap,12/23/2025,N
6042109,Yieldmax Ultra Option Income Strategy Etf,,ULTY,88636X708,,Equities,Small Cap,12/23/2025,N
5952319,Yieldmax Universe Fund Of Option Income Etfs,,YMAX,88636J659,,Equities,Large Cap,12/23/2025,N
7957046,York Space Systems Inc Com,,YSS,987084100,,To Be Classified,To Be Classified,04/03/2026,N
104536,York Wtr Co Com,,YORW,987184108,,Equities,Small Cap,11/23/2024,N
1142,Yum Brands Inc Com,,YUM,988498101,,Equities,Large Cap,06/28/2022,N
1341847,Yum China Hldgs Inc Com,,YUMC,98850P109,,Equities,Large Cap,12/27/2023,N
4269,Zebra Technologies Corporation Cl A,,ZBRA,989207105,,Equities,Mid Cap,02/13/2024,N
6464019,Zenas Biopharma Inc Com,,ZBIO,98937L105,,Equities,Small Cap,01/24/2025,N
3122454,Zentalis Pharmaceuticals Inc Com,,ZNTL,98943L107,,Equities,Small Cap,09/17/2024,N
3894755,Zeta Global Holdings Corp Cl A,,ZETA,98956A105,,Equities,Small Cap,09/17/2024,N
3961912,Zevia Pbc Cl A,,ZVIA,98955K104,,Equities,Small Cap,01/10/2026,N
896098,Zevra Therapeutics Inc Com New,,ZVRA,488445206,,Equities,Small Cap,09/17/2024,N
901,Ziff Davis Inc Com,,ZD,48123V102,,Equities,Small Cap,09/24/2024,N
339704,Zillow Group Inc Cl A,,ZG,98954M101,,Equities,Mid Cap,09/17/2024,N
953031,Zillow Group Inc Cl C Cap Stk,,Z,98954M200,,Equities,Mid Cap,06/18/2024,N
1859898,Zim Integrated Shipping Serv Shs,,ZIM,M9T951109,,Equities,International,12/23/2025,N
559,Zimmer Biomet Holdings Inc Com,,ZBH,98956P102,,Equities,Large Cap,12/24/2021,N
4377709,Zimvie Inc Com,,ZIMV,98888T107,,Equities,Large Cap,08/11/2022,N
7363,Zions Bancorporation Natl Assn Com,,ZION,989701107,,Equities,Small Cap,09/17/2024,N
3872702,Ziprecruiter Inc Cl A,,ZIP,98980B103,,Equities,Small Cap,09/17/2024,N
530534,Zoetis Inc Cl A,,ZTS,98978V103,,Equities,Large Cap,06/28/2022,N
5778855,Zogenix Inc Or Shs,,,989CVR022,,Unclassified,Unclassified,12/02/2023,N
2521148,Zoom Communications Inc Cl A,,ZM,98980L101,,Equities,Large Cap,07/02/2022,N
3225164,Zoominfo Technologies Inc Common Stock,,GTM,98980F104,,Equities,Mid Cap,06/28/2022,N
2432568,Zozo Inc Unsponsored Adr,,SRTTD,98979Y205,,Equities,International,04/01/2025,N
1938956,Zscaler Inc Com,,ZS,98980G102,,Equities,Mid Cap,07/02/2022,N
6588729,Zspace Inc Com,,ZSPC,98980W107,,Equities,Small Cap,04/26/2025,N
34972,Zumiez Inc Com,,ZUMZ,989817101,,Equities,Small Cap,09/17/2024,N
1983755,Zuora Inc Com Cl A,,ZUO,98983V106,,Equities,Small Cap,09/17/2024,N
4139850,Zura Bio Ltd Class A Ord Shs,,ZURA,G9TY5A101,,Equities,Emerging Markets,01/24/2025,N
417011,Zurn Elkay Water Solns Corp Com,,ZWS,98983L108,,Equities,Small Cap,11/23/2024,N
397475,Zvzzt Mf,,ZVZZT,12345ABCD,,Debt,Corporate Bonds,06/08/2022,N
1563888,Zymeworks Inc Com,,ZYME,98985Y108,,Equities,Small Cap,09/17/2024,N
952960,Zynerba Pharmaceuticals Inc Com,,ZYNE,98986X109,,Equities,Small Cap,12/31/2023,N
95741,Zynex Inc Com,,ZYXI,98986M103,,Equities,Small Cap,03/08/2025,N
